/*
 * Generated by tools/generate-misaki.rb -- do not edit.
 *
 * Misaki Gothic, Copyright (C) 2002-2021 Num Kadoma, https://littlelimit.net/
 * Unlimited permission is granted to use, copy, and distribute it, with or
 * without modification, either commercially and noncommercially, without
 * warranty.
 *
 * Sorted by code point so that lookup can bisect. Eight rows of eight pixels,
 * most significant bit leftmost; a half width glyph uses only the top four
 * bits of each row.
 */

#include "console.h"

const console_glyph_t console_misaki[] = {
    { 0x00a2, 0, { 0x00, 0x40, 0xe0, 0xc0, 0xe0, 0x40, 0x00, 0x00 } },
    { 0x00a3, 0, { 0x60, 0x40, 0xe0, 0x40, 0xc0, 0xe0, 0x00, 0x00 } },
    { 0x00a5, 0, { 0xa0, 0x40, 0xe0, 0x40, 0xe0, 0x40, 0x00, 0x00 } },
    { 0x00a6, 0, { 0x40, 0x40, 0x40, 0x00, 0x40, 0x40, 0x40, 0x00 } },
    { 0x00a7, 1, { 0x1c, 0x20, 0x18, 0x24, 0x18, 0x04, 0x38, 0x00 } },
    { 0x00a8, 1, { 0x28, 0x00, 0x00, 0x00, 0x00, 0x00, 0x00, 0x00 } },
    { 0x00ac, 0, { 0x00, 0x00, 0x00, 0xe0, 0x20, 0x00, 0x00, 0x00 } },
    { 0x00ad, 1, { 0x00, 0x00, 0x00, 0x18, 0x00, 0x00, 0x00, 0x00 } },
    { 0x00af, 0, { 0xe0, 0x00, 0x00, 0x00, 0x00, 0x00, 0x00, 0x00 } },
    { 0x00b0, 1, { 0x60, 0x90, 0x90, 0x60, 0x00, 0x00, 0x00, 0x00 } },
    { 0x00b1, 1, { 0x10, 0x10, 0xfe, 0x10, 0x10, 0x00, 0xfe, 0x00 } },
    { 0x00b4, 1, { 0x08, 0x10, 0x00, 0x00, 0x00, 0x00, 0x00, 0x00 } },
    { 0x00b6, 1, { 0x3c, 0x74, 0x74, 0x34, 0x14, 0x14, 0x14, 0x00 } },
    { 0x00d7, 1, { 0x82, 0x44, 0x28, 0x10, 0x28, 0x44, 0x82, 0x00 } },
    { 0x00f7, 1, { 0x00, 0x10, 0x00, 0xfe, 0x00, 0x10, 0x00, 0x00 } },
    { 0x0391, 1, { 0x10, 0x28, 0x28, 0x44, 0x7c, 0x82, 0x82, 0x00 } },
    { 0x0392, 1, { 0x7c, 0x42, 0x42, 0x7c, 0x42, 0x42, 0x7c, 0x00 } },
    { 0x0393, 1, { 0x7e, 0x40, 0x40, 0x40, 0x40, 0x40, 0x40, 0x00 } },
    { 0x0394, 1, { 0x10, 0x28, 0x28, 0x44, 0x44, 0x82, 0xfe, 0x00 } },
    { 0x0395, 1, { 0x7e, 0x40, 0x40, 0x7c, 0x40, 0x40, 0x7e, 0x00 } },
    { 0x0396, 1, { 0x7e, 0x02, 0x04, 0x08, 0x10, 0x20, 0x7e, 0x00 } },
    { 0x0397, 1, { 0x42, 0x42, 0x42, 0x7e, 0x42, 0x42, 0x42, 0x00 } },
    { 0x0398, 1, { 0x38, 0x44, 0x82, 0xba, 0x82, 0x44, 0x38, 0x00 } },
    { 0x0399, 1, { 0x38, 0x10, 0x10, 0x10, 0x10, 0x10, 0x38, 0x00 } },
    { 0x039a, 1, { 0x42, 0x44, 0x48, 0x50, 0x68, 0x44, 0x42, 0x00 } },
    { 0x039b, 1, { 0x10, 0x28, 0x28, 0x44, 0x44, 0x82, 0x82, 0x00 } },
    { 0x039c, 1, { 0x82, 0xc6, 0xaa, 0xaa, 0x92, 0x92, 0x82, 0x00 } },
    { 0x039d, 1, { 0x42, 0x62, 0x52, 0x4a, 0x46, 0x42, 0x42, 0x00 } },
    { 0x039e, 1, { 0x7e, 0x00, 0x00, 0x3c, 0x00, 0x00, 0x7e, 0x00 } },
    { 0x039f, 1, { 0x3c, 0x42, 0x42, 0x42, 0x42, 0x42, 0x3c, 0x00 } },
    { 0x03a0, 1, { 0x7e, 0x42, 0x42, 0x42, 0x42, 0x42, 0x42, 0x00 } },
    { 0x03a1, 1, { 0x7c, 0x42, 0x42, 0x7c, 0x40, 0x40, 0x40, 0x00 } },
    { 0x03a3, 1, { 0x7e, 0x20, 0x10, 0x08, 0x10, 0x20, 0x7e, 0x00 } },
    { 0x03a4, 1, { 0xfe, 0x10, 0x10, 0x10, 0x10, 0x10, 0x10, 0x00 } },
    { 0x03a5, 1, { 0x82, 0x44, 0x28, 0x10, 0x10, 0x10, 0x10, 0x00 } },
    { 0x03a6, 1, { 0x10, 0x7c, 0x92, 0x92, 0x92, 0x7c, 0x10, 0x00 } },
    { 0x03a7, 1, { 0x82, 0x44, 0x28, 0x10, 0x28, 0x44, 0x82, 0x00 } },
    { 0x03a8, 1, { 0x92, 0x54, 0x54, 0x38, 0x10, 0x10, 0x10, 0x00 } },
    { 0x03a9, 1, { 0x38, 0x44, 0x82, 0x82, 0x44, 0x28, 0xee, 0x00 } },
    { 0x03b1, 1, { 0x00, 0x00, 0x1a, 0x24, 0x48, 0x4a, 0x34, 0x00 } },
    { 0x03b2, 1, { 0x0c, 0x12, 0x2c, 0x22, 0x32, 0x4c, 0x40, 0x00 } },
    { 0x03b3, 1, { 0x00, 0x00, 0x64, 0x18, 0x10, 0x30, 0x20, 0x00 } },
    { 0x03b4, 1, { 0x18, 0x24, 0x10, 0x28, 0x48, 0x48, 0x30, 0x00 } },
    { 0x03b5, 1, { 0x00, 0x00, 0x18, 0x24, 0x30, 0x44, 0x38, 0x00 } },
    { 0x03b6, 1, { 0x2c, 0x10, 0x20, 0x20, 0x18, 0x04, 0x18, 0x00 } },
    { 0x03b7, 1, { 0x00, 0x00, 0x2c, 0x52, 0x12, 0x24, 0x04, 0x00 } },
    { 0x03b8, 1, { 0x18, 0x24, 0x24, 0x7c, 0x48, 0x48, 0x30, 0x00 } },
    { 0x03b9, 1, { 0x00, 0x00, 0x10, 0x10, 0x20, 0x28, 0x10, 0x00 } },
    { 0x03ba, 1, { 0x00, 0x00, 0x24, 0x28, 0x30, 0x50, 0x4c, 0x00 } },
    { 0x03bb, 1, { 0x10, 0x08, 0x08, 0x18, 0x28, 0x28, 0x44, 0x00 } },
    { 0x03bc, 1, { 0x00, 0x00, 0x12, 0x12, 0x24, 0x3a, 0x40, 0x00 } },
    { 0x03bd, 1, { 0x00, 0x00, 0x44, 0x24, 0x28, 0x30, 0x20, 0x00 } },
    { 0x03be, 1, { 0x1c, 0x20, 0x3c, 0x40, 0x38, 0x04, 0x18, 0x00 } },
    { 0x03bf, 1, { 0x00, 0x00, 0x18, 0x24, 0x44, 0x48, 0x30, 0x00 } },
    { 0x03c0, 1, { 0x00, 0x00, 0x3e, 0x54, 0x14, 0x24, 0x46, 0x00 } },
    { 0x03c1, 1, { 0x00, 0x00, 0x1c, 0x22, 0x22, 0x5c, 0x40, 0x00 } },
    { 0x03c3, 1, { 0x00, 0x00, 0x1e, 0x24, 0x44, 0x48, 0x30, 0x00 } },
    { 0x03c4, 1, { 0x00, 0x00, 0x3e, 0x48, 0x10, 0x14, 0x08, 0x00 } },
    { 0x03c5, 1, { 0x00, 0x00, 0x32, 0x52, 0x22, 0x24, 0x18, 0x00 } },
    { 0x03c6, 1, { 0x04, 0x04, 0x3c, 0x4a, 0x4a, 0x3c, 0x10, 0x00 } },
    { 0x03c7, 1, { 0x00, 0x00, 0x34, 0x08, 0x10, 0x30, 0x4c, 0x00 } },
    { 0x03c8, 1, { 0x04, 0x04, 0x68, 0x2a, 0x4a, 0x3c, 0x10, 0x00 } },
    { 0x03c9, 1, { 0x00, 0x00, 0x22, 0x4a, 0x4a, 0x5a, 0x24, 0x00 } },
    { 0x0401, 1, { 0x24, 0x7e, 0x40, 0x7c, 0x40, 0x40, 0x7e, 0x00 } },
    { 0x0410, 1, { 0x10, 0x28, 0x28, 0x44, 0x7c, 0x82, 0x82, 0x00 } },
    { 0x0411, 1, { 0x7e, 0x40, 0x40, 0x7c, 0x42, 0x42, 0x7c, 0x00 } },
    { 0x0412, 1, { 0x7c, 0x42, 0x42, 0x7c, 0x42, 0x42, 0x7c, 0x00 } },
    { 0x0413, 1, { 0x7e, 0x40, 0x40, 0x40, 0x40, 0x40, 0x40, 0x00 } },
    { 0x0414, 1, { 0x3c, 0x24, 0x24, 0x24, 0x44, 0xfe, 0x82, 0x00 } },
    { 0x0415, 1, { 0x7e, 0x40, 0x40, 0x7c, 0x40, 0x40, 0x7e, 0x00 } },
    { 0x0416, 1, { 0x92, 0x54, 0x54, 0x38, 0x54, 0x54, 0x92, 0x00 } },
    { 0x0417, 1, { 0x3c, 0x42, 0x02, 0x1c, 0x02, 0x42, 0x3c, 0x00 } },
    { 0x0418, 1, { 0x42, 0x42, 0x46, 0x4a, 0x52, 0x62, 0x42, 0x00 } },
    { 0x0419, 1, { 0x24, 0x5a, 0x46, 0x4a, 0x52, 0x62, 0x42, 0x00 } },
    { 0x041a, 1, { 0x46, 0x48, 0x48, 0x70, 0x48, 0x44, 0x42, 0x00 } },
    { 0x041b, 1, { 0x3e, 0x22, 0x22, 0x22, 0x22, 0x22, 0xc2, 0x00 } },
    { 0x041c, 1, { 0x44, 0x44, 0x44, 0xaa, 0xaa, 0x92, 0x92, 0x00 } },
    { 0x041d, 1, { 0x42, 0x42, 0x42, 0x7e, 0x42, 0x42, 0x42, 0x00 } },
    { 0x041e, 1, { 0x3c, 0x42, 0x42, 0x42, 0x42, 0x42, 0x3c, 0x00 } },
    { 0x041f, 1, { 0x7e, 0x42, 0x42, 0x42, 0x42, 0x42, 0x42, 0x00 } },
    { 0x0420, 1, { 0x7c, 0x42, 0x42, 0x7c, 0x40, 0x40, 0x40, 0x00 } },
    { 0x0421, 1, { 0x3c, 0x42, 0x40, 0x40, 0x40, 0x42, 0x3c, 0x00 } },
    { 0x0422, 1, { 0xfe, 0x10, 0x10, 0x10, 0x10, 0x10, 0x10, 0x00 } },
    { 0x0423, 1, { 0x42, 0x24, 0x24, 0x18, 0x08, 0x10, 0x60, 0x00 } },
    { 0x0424, 1, { 0x10, 0x7c, 0x92, 0x92, 0x92, 0x7c, 0x10, 0x00 } },
    { 0x0425, 1, { 0x82, 0x44, 0x28, 0x10, 0x28, 0x44, 0x82, 0x00 } },
    { 0x0426, 1, { 0x44, 0x44, 0x44, 0x44, 0x44, 0x7e, 0x02, 0x00 } },
    { 0x0427, 1, { 0x42, 0x42, 0x42, 0x42, 0x3e, 0x02, 0x02, 0x00 } },
    { 0x0428, 1, { 0x92, 0x92, 0x92, 0x92, 0x92, 0x92, 0xfe, 0x00 } },
    { 0x0429, 1, { 0x92, 0x92, 0x92, 0x92, 0x92, 0xfe, 0x02, 0x00 } },
    { 0x042a, 1, { 0x60, 0x20, 0x20, 0x3c, 0x22, 0x22, 0x3c, 0x00 } },
    { 0x042b, 1, { 0x42, 0x42, 0x42, 0x72, 0x4a, 0x4a, 0x72, 0x00 } },
    { 0x042c, 1, { 0x20, 0x20, 0x20, 0x3c, 0x22, 0x22, 0x3c, 0x00 } },
    { 0x042d, 1, { 0x3c, 0x42, 0x02, 0x3e, 0x02, 0x42, 0x3c, 0x00 } },
    { 0x042e, 1, { 0x9c, 0xa2, 0xa2, 0xe2, 0xa2, 0xa2, 0x9c, 0x00 } },
    { 0x042f, 1, { 0x3e, 0x42, 0x42, 0x3e, 0x22, 0x22, 0x42, 0x00 } },
    { 0x0430, 1, { 0x00, 0x00, 0x38, 0x04, 0x3c, 0x44, 0x3c, 0x00 } },
    { 0x0431, 1, { 0x1c, 0x20, 0x78, 0x44, 0x44, 0x44, 0x38, 0x00 } },
    { 0x0432, 1, { 0x00, 0x00, 0x78, 0x44, 0x78, 0x44, 0x78, 0x00 } },
    { 0x0433, 1, { 0x00, 0x00, 0x7c, 0x40, 0x40, 0x40, 0x40, 0x00 } },
    { 0x0434, 1, { 0x00, 0x00, 0x38, 0x28, 0x28, 0x7c, 0x44, 0x00 } },
    { 0x0435, 1, { 0x00, 0x00, 0x38, 0x44, 0x7c, 0x40, 0x38, 0x00 } },
    { 0x0436, 1, { 0x00, 0x00, 0x92, 0x54, 0x38, 0x54, 0x92, 0x00 } },
    { 0x0437, 1, { 0x00, 0x00, 0x38, 0x44, 0x18, 0x44, 0x38, 0x00 } },
    { 0x0438, 1, { 0x00, 0x00, 0x44, 0x4c, 0x54, 0x64, 0x44, 0x00 } },
    { 0x0439, 1, { 0x28, 0x10, 0x44, 0x4c, 0x54, 0x64, 0x44, 0x00 } },
    { 0x043a, 1, { 0x00, 0x00, 0x4c, 0x50, 0x70, 0x48, 0x44, 0x00 } },
    { 0x043b, 1, { 0x00, 0x00, 0x3c, 0x24, 0x24, 0x24, 0xc4, 0x00 } },
    { 0x043c, 1, { 0x00, 0x00, 0x44, 0x6c, 0x54, 0x54, 0x44, 0x00 } },
    { 0x043d, 1, { 0x00, 0x00, 0x44, 0x44, 0x7c, 0x44, 0x44, 0x00 } },
    { 0x043e, 1, { 0x00, 0x00, 0x38, 0x44, 0x44, 0x44, 0x38, 0x00 } },
    { 0x043f, 1, { 0x00, 0x00, 0x7c, 0x44, 0x44, 0x44, 0x44, 0x00 } },
    { 0x0440, 1, { 0x00, 0x00, 0x78, 0x44, 0x78, 0x40, 0x40, 0x00 } },
    { 0x0441, 1, { 0x00, 0x00, 0x38, 0x44, 0x40, 0x44, 0x38, 0x00 } },
    { 0x0442, 1, { 0x00, 0x00, 0x7c, 0x10, 0x10, 0x10, 0x10, 0x00 } },
    { 0x0443, 1, { 0x00, 0x00, 0x44, 0x28, 0x28, 0x10, 0x60, 0x00 } },
    { 0x0444, 1, { 0x10, 0x10, 0x38, 0x54, 0x54, 0x38, 0x10, 0x00 } },
    { 0x0445, 1, { 0x00, 0x00, 0x44, 0x28, 0x10, 0x28, 0x44, 0x00 } },
    { 0x0446, 1, { 0x00, 0x00, 0x48, 0x48, 0x48, 0x7c, 0x04, 0x00 } },
    { 0x0447, 1, { 0x00, 0x00, 0x44, 0x44, 0x44, 0x3c, 0x04, 0x00 } },
    { 0x0448, 1, { 0x00, 0x00, 0x54, 0x54, 0x54, 0x54, 0x7c, 0x00 } },
    { 0x0449, 1, { 0x00, 0x00, 0x54, 0x54, 0x54, 0x7e, 0x02, 0x00 } },
    { 0x044a, 1, { 0x00, 0x00, 0x60, 0x20, 0x3c, 0x22, 0x3c, 0x00 } },
    { 0x044b, 1, { 0x00, 0x00, 0x44, 0x44, 0x74, 0x4c, 0x74, 0x00 } },
    { 0x044c, 1, { 0x00, 0x00, 0x40, 0x40, 0x78, 0x44, 0x78, 0x00 } },
    { 0x044d, 1, { 0x00, 0x00, 0x38, 0x44, 0x1c, 0x44, 0x38, 0x00 } },
    { 0x044e, 1, { 0x00, 0x00, 0x4c, 0x52, 0x72, 0x52, 0x4c, 0x00 } },
    { 0x044f, 1, { 0x00, 0x00, 0x3c, 0x44, 0x3c, 0x24, 0x44, 0x00 } },
    { 0x0451, 1, { 0x28, 0x00, 0x38, 0x44, 0x7c, 0x40, 0x38, 0x00 } },
    { 0x2010, 1, { 0x00, 0x00, 0x00, 0x18, 0x00, 0x00, 0x00, 0x00 } },
    { 0x2011, 0, { 0x00, 0x00, 0x00, 0x60, 0x00, 0x00, 0x00, 0x00 } },
    { 0x2012, 0, { 0x00, 0x00, 0x00, 0xe0, 0x00, 0x00, 0x00, 0x00 } },
    { 0x2013, 1, { 0x00, 0x00, 0x00, 0x3c, 0x00, 0x00, 0x00, 0x00 } },
    { 0x2014, 1, { 0x00, 0x00, 0x00, 0xfe, 0x00, 0x00, 0x00, 0x00 } },
    { 0x2015, 1, { 0x00, 0x00, 0x00, 0xff, 0x00, 0x00, 0x00, 0x00 } },
    { 0x2016, 1, { 0x28, 0x28, 0x28, 0x28, 0x28, 0x28, 0x28, 0x00 } },
    { 0x2018, 1, { 0x04, 0x08, 0x0c, 0x00, 0x00, 0x00, 0x00, 0x00 } },
    { 0x2019, 1, { 0x60, 0x20, 0x40, 0x00, 0x00, 0x00, 0x00, 0x00 } },
    { 0x201c, 1, { 0x24, 0x48, 0x6c, 0x00, 0x00, 0x00, 0x00, 0x00 } },
    { 0x201d, 1, { 0x6c, 0x24, 0x48, 0x00, 0x00, 0x00, 0x00, 0x00 } },
    { 0x2020, 1, { 0x10, 0x38, 0x10, 0x10, 0x10, 0x10, 0x10, 0x00 } },
    { 0x2021, 1, { 0x10, 0x38, 0x10, 0x10, 0x10, 0x38, 0x10, 0x00 } },
    { 0x2025, 1, { 0x00, 0x00, 0x00, 0x44, 0x00, 0x00, 0x00, 0x00 } },
    { 0x2026, 1, { 0x00, 0x00, 0x00, 0x92, 0x00, 0x00, 0x00, 0x00 } },
    { 0x2030, 1, { 0x44, 0xa8, 0x50, 0x20, 0x54, 0xaa, 0x14, 0x00 } },
    { 0x2032, 1, { 0x20, 0x20, 0x40, 0x00, 0x00, 0x00, 0x00, 0x00 } },
    { 0x2033, 1, { 0x28, 0x28, 0x50, 0x00, 0x00, 0x00, 0x00, 0x00 } },
    { 0x203b, 1, { 0x92, 0x44, 0x28, 0x92, 0x28, 0x44, 0x92, 0x00 } },
    { 0x203e, 1, { 0xfe, 0x00, 0x00, 0x00, 0x00, 0x00, 0x00, 0x00 } },
    { 0x2103, 1, { 0x40, 0xac, 0x52, 0x10, 0x10, 0x12, 0x0c, 0x00 } },
    { 0x2116, 1, { 0x90, 0x90, 0xd4, 0xba, 0x9a, 0x9a, 0x94, 0x00 } },
    { 0x2121, 1, { 0xe2, 0x42, 0x4a, 0x56, 0x5a, 0x52, 0x4a, 0x00 } },
    { 0x212b, 1, { 0x10, 0x28, 0x10, 0x28, 0x44, 0x7c, 0x82, 0x00 } },
    { 0x2160, 1, { 0x10, 0x10, 0x10, 0x10, 0x10, 0x10, 0x10, 0x00 } },
    { 0x2161, 1, { 0x28, 0x28, 0x28, 0x28, 0x28, 0x28, 0x28, 0x00 } },
    { 0x2162, 1, { 0x54, 0x54, 0x54, 0x54, 0x54, 0x54, 0x54, 0x00 } },
    { 0x2163, 1, { 0xa2, 0xa2, 0x94, 0x94, 0x94, 0x88, 0x88, 0x00 } },
    { 0x2164, 1, { 0x44, 0x44, 0x28, 0x28, 0x28, 0x10, 0x10, 0x00 } },
    { 0x2165, 1, { 0x8a, 0x8a, 0x52, 0x52, 0x52, 0x22, 0x22, 0x00 } },
    { 0x2166, 1, { 0xaa, 0xaa, 0xaa, 0xaa, 0xaa, 0x4a, 0x4a, 0x00 } },
    { 0x2167, 1, { 0xba, 0xba, 0xba, 0xba, 0x5a, 0x5a, 0x5a, 0x00 } },
    { 0x2168, 1, { 0xa2, 0x94, 0x94, 0x88, 0x94, 0x94, 0xa2, 0x00 } },
    { 0x2169, 1, { 0x44, 0x28, 0x28, 0x10, 0x28, 0x28, 0x44, 0x00 } },
    { 0x2190, 1, { 0x00, 0x20, 0x40, 0xfe, 0x40, 0x20, 0x00, 0x00 } },
    { 0x2191, 1, { 0x10, 0x38, 0x54, 0x10, 0x10, 0x10, 0x10, 0x00 } },
    { 0x2192, 1, { 0x00, 0x08, 0x04, 0xfe, 0x04, 0x08, 0x00, 0x00 } },
    { 0x2193, 1, { 0x10, 0x10, 0x10, 0x10, 0x54, 0x38, 0x10, 0x00 } },
    { 0x21d2, 1, { 0x00, 0x08, 0xfc, 0x02, 0xfc, 0x08, 0x00, 0x00 } },
    { 0x21d4, 1, { 0x00, 0x28, 0x7c, 0x82, 0x7c, 0x28, 0x00, 0x00 } },
    { 0x2200, 1, { 0x82, 0x82, 0x7c, 0x44, 0x28, 0x28, 0x10, 0x00 } },
    { 0x2202, 1, { 0x18, 0x24, 0x04, 0x34, 0x48, 0x48, 0x30, 0x00 } },
    { 0x2203, 1, { 0x7e, 0x02, 0x02, 0x7e, 0x02, 0x02, 0x7e, 0x00 } },
    { 0x2207, 1, { 0xfe, 0x82, 0x44, 0x44, 0x28, 0x28, 0x10, 0x00 } },
    { 0x2208, 1, { 0x00, 0x3e, 0x40, 0x7e, 0x40, 0x3e, 0x00, 0x00 } },
    { 0x220b, 1, { 0x00, 0x7c, 0x02, 0x7e, 0x02, 0x7c, 0x00, 0x00 } },
    { 0x2211, 1, { 0x7e, 0x20, 0x10, 0x08, 0x10, 0x20, 0x7e, 0x00 } },
    { 0x2212, 0, { 0x00, 0x00, 0x00, 0xe0, 0x00, 0x00, 0x00, 0x00 } },
    { 0x221a, 1, { 0x1e, 0x10, 0x20, 0x20, 0xe0, 0x40, 0x40, 0x00 } },
    { 0x221d, 1, { 0x00, 0x6c, 0x92, 0x90, 0x92, 0x6c, 0x00, 0x00 } },
    { 0x221e, 1, { 0x00, 0x6c, 0x92, 0x92, 0x92, 0x6c, 0x00, 0x00 } },
    { 0x221f, 1, { 0x00, 0x40, 0x40, 0x40, 0x40, 0x40, 0x7e, 0x00 } },
    { 0x2220, 1, { 0x00, 0x02, 0x04, 0x08, 0x10, 0x20, 0x7e, 0x00 } },
    { 0x2225, 1, { 0x14, 0x14, 0x28, 0x28, 0x28, 0x50, 0x50, 0x00 } },
    { 0x2227, 1, { 0x10, 0x10, 0x28, 0x28, 0x44, 0x44, 0x82, 0x00 } },
    { 0x2228, 1, { 0x82, 0x44, 0x44, 0x28, 0x28, 0x10, 0x10, 0x00 } },
    { 0x2229, 1, { 0x00, 0x3c, 0x42, 0x42, 0x42, 0x42, 0x42, 0x00 } },
    { 0x222a, 1, { 0x42, 0x42, 0x42, 0x42, 0x42, 0x3c, 0x00, 0x00 } },
    { 0x222b, 1, { 0x18, 0x20, 0x20, 0x10, 0x08, 0x08, 0x30, 0x00 } },
    { 0x222c, 1, { 0x36, 0x48, 0x48, 0x24, 0x12, 0x12, 0x6c, 0x00 } },
    { 0x222e, 1, { 0x18, 0x20, 0x38, 0x54, 0x38, 0x08, 0x30, 0x00 } },
    { 0x2234, 1, { 0x00, 0x10, 0x00, 0x00, 0x00, 0x44, 0x00, 0x00 } },
    { 0x2235, 1, { 0x00, 0x44, 0x00, 0x00, 0x00, 0x10, 0x00, 0x00 } },
    { 0x223d, 1, { 0x00, 0x4c, 0x92, 0x92, 0x92, 0x64, 0x00, 0x00 } },
    { 0x2252, 1, { 0x40, 0x00, 0xfe, 0x00, 0xfe, 0x00, 0x04, 0x00 } },
    { 0x2260, 1, { 0x00, 0x04, 0xfe, 0x10, 0xfe, 0x40, 0x00, 0x00 } },
    { 0x2261, 1, { 0x00, 0x7e, 0x00, 0x7e, 0x00, 0x7e, 0x00, 0x00 } },
    { 0x2266, 1, { 0x06, 0x38, 0xc0, 0x38, 0x06, 0x00, 0xfe, 0x00 } },
    { 0x2267, 1, { 0xc0, 0x38, 0x06, 0x38, 0xc0, 0x00, 0xfe, 0x00 } },
    { 0x226a, 1, { 0x00, 0x24, 0x48, 0x90, 0x48, 0x24, 0x00, 0x00 } },
    { 0x226b, 1, { 0x00, 0x48, 0x24, 0x12, 0x24, 0x48, 0x00, 0x00 } },
    { 0x2282, 1, { 0x00, 0x3e, 0x40, 0x40, 0x40, 0x3e, 0x00, 0x00 } },
    { 0x2283, 1, { 0x00, 0x7c, 0x02, 0x02, 0x02, 0x7c, 0x00, 0x00 } },
    { 0x2286, 1, { 0x3e, 0x40, 0x40, 0x40, 0x3e, 0x00, 0x7e, 0x00 } },
    { 0x2287, 1, { 0x7c, 0x02, 0x02, 0x02, 0x7c, 0x00, 0x7e, 0x00 } },
    { 0x22a5, 1, { 0x00, 0x10, 0x10, 0x10, 0x10, 0x10, 0xfe, 0x00 } },
    { 0x22bf, 1, { 0x00, 0x02, 0x06, 0x0a, 0x12, 0x22, 0x7e, 0x00 } },
    { 0x2312, 1, { 0x7c, 0x82, 0x00, 0x00, 0x00, 0x00, 0x00, 0x00 } },
    { 0x2423, 0, { 0x00, 0x00, 0x00, 0x00, 0x00, 0xa0, 0xe0, 0x00 } },
    { 0x2460, 1, { 0x7c, 0x92, 0xb2, 0x92, 0x92, 0x92, 0x7c, 0x00 } },
    { 0x2461, 1, { 0x7c, 0xb2, 0x8a, 0x92, 0xa2, 0xba, 0x7c, 0x00 } },
    { 0x2462, 1, { 0x7c, 0xb2, 0x8a, 0x92, 0x8a, 0xb2, 0x7c, 0x00 } },
    { 0x2463, 1, { 0x7c, 0x8a, 0x9a, 0xaa, 0xba, 0x8a, 0x7c, 0x00 } },
    { 0x2464, 1, { 0x7c, 0xba, 0xa2, 0xb2, 0x8a, 0xb2, 0x7c, 0x00 } },
    { 0x2465, 1, { 0x7c, 0x9a, 0xa2, 0xb2, 0xaa, 0x92, 0x7c, 0x00 } },
    { 0x2466, 1, { 0x7c, 0xba, 0x8a, 0x92, 0x92, 0x92, 0x7c, 0x00 } },
    { 0x2467, 1, { 0x7c, 0x92, 0xaa, 0x92, 0xaa, 0x92, 0x7c, 0x00 } },
    { 0x2468, 1, { 0x7c, 0x92, 0xaa, 0x9a, 0x8a, 0xb2, 0x7c, 0x00 } },
    { 0x2469, 1, { 0x7c, 0xa2, 0xee, 0xaa, 0xae, 0xa2, 0x7c, 0x00 } },
    { 0x246a, 1, { 0x7c, 0xa6, 0xee, 0xa6, 0xa6, 0xa6, 0x7c, 0x00 } },
    { 0x246b, 1, { 0x7c, 0xaa, 0xe6, 0xae, 0xaa, 0xae, 0x7c, 0x00 } },
    { 0x246c, 1, { 0x7c, 0xaa, 0xe6, 0xaa, 0xa6, 0xaa, 0x7c, 0x00 } },
    { 0x246d, 1, { 0x7c, 0xaa, 0xea, 0xae, 0xae, 0xa6, 0x7c, 0x00 } },
    { 0x246e, 1, { 0x7c, 0xae, 0xea, 0xae, 0xa6, 0xaa, 0x7c, 0x00 } },
    { 0x246f, 1, { 0x7c, 0xa6, 0xea, 0xae, 0xae, 0xae, 0x7c, 0x00 } },
    { 0x2470, 1, { 0x7c, 0xae, 0xe6, 0xaa, 0xaa, 0xaa, 0x7c, 0x00 } },
    { 0x2471, 1, { 0x7c, 0xae, 0xee, 0xa2, 0xae, 0xae, 0x7c, 0x00 } },
    { 0x2472, 1, { 0x7c, 0xae, 0xee, 0xae, 0xa6, 0xaa, 0x7c, 0x00 } },
    { 0x2473, 1, { 0x7c, 0xe2, 0xae, 0xea, 0xce, 0xe2, 0x7c, 0x00 } },
    { 0x2500, 1, { 0x00, 0x00, 0x00, 0xff, 0x00, 0x00, 0x00, 0x00 } },
    { 0x2501, 1, { 0x00, 0x00, 0x00, 0xff, 0xff, 0x00, 0x00, 0x00 } },
    { 0x2502, 1, { 0x10, 0x10, 0x10, 0x10, 0x10, 0x10, 0x10, 0x10 } },
    { 0x2503, 1, { 0x18, 0x18, 0x18, 0x18, 0x18, 0x18, 0x18, 0x18 } },
    { 0x250c, 1, { 0x00, 0x00, 0x00, 0x1f, 0x10, 0x10, 0x10, 0x10 } },
    { 0x250f, 1, { 0x00, 0x00, 0x00, 0x1f, 0x1f, 0x18, 0x18, 0x18 } },
    { 0x2510, 1, { 0x00, 0x00, 0x00, 0xf0, 0x10, 0x10, 0x10, 0x10 } },
    { 0x2513, 1, { 0x00, 0x00, 0x00, 0xf8, 0xf8, 0x18, 0x18, 0x18 } },
    { 0x2514, 1, { 0x10, 0x10, 0x10, 0x1f, 0x00, 0x00, 0x00, 0x00 } },
    { 0x2517, 1, { 0x18, 0x18, 0x18, 0x1f, 0x1f, 0x00, 0x00, 0x00 } },
    { 0x2518, 1, { 0x10, 0x10, 0x10, 0xf0, 0x00, 0x00, 0x00, 0x00 } },
    { 0x251b, 1, { 0x18, 0x18, 0x18, 0xf8, 0xf8, 0x00, 0x00, 0x00 } },
    { 0x251c, 1, { 0x10, 0x10, 0x10, 0x1f, 0x10, 0x10, 0x10, 0x10 } },
    { 0x251d, 1, { 0x10, 0x10, 0x10, 0x1f, 0x1f, 0x10, 0x10, 0x10 } },
    { 0x2520, 1, { 0x18, 0x18, 0x18, 0x1f, 0x18, 0x18, 0x18, 0x18 } },
    { 0x2523, 1, { 0x18, 0x18, 0x18, 0x1f, 0x1f, 0x18, 0x18, 0x18 } },
    { 0x2524, 1, { 0x10, 0x10, 0x10, 0xf0, 0x10, 0x10, 0x10, 0x10 } },
    { 0x2525, 1, { 0x10, 0x10, 0x10, 0xf0, 0xf0, 0x10, 0x10, 0x10 } },
    { 0x2528, 1, { 0x18, 0x18, 0x18, 0xf8, 0x18, 0x18, 0x18, 0x18 } },
    { 0x252b, 1, { 0x18, 0x18, 0x18, 0xf8, 0xf8, 0x18, 0x18, 0x18 } },
    { 0x252c, 1, { 0x00, 0x00, 0x00, 0xff, 0x10, 0x10, 0x10, 0x10 } },
    { 0x252f, 1, { 0x00, 0x00, 0x00, 0xff, 0xff, 0x10, 0x10, 0x10 } },
    { 0x2530, 1, { 0x00, 0x00, 0x00, 0xff, 0x18, 0x18, 0x18, 0x18 } },
    { 0x2533, 1, { 0x00, 0x00, 0x00, 0xff, 0xff, 0x18, 0x18, 0x18 } },
    { 0x2534, 1, { 0x10, 0x10, 0x10, 0xff, 0x00, 0x00, 0x00, 0x00 } },
    { 0x2537, 1, { 0x10, 0x10, 0x10, 0xff, 0xff, 0x00, 0x00, 0x00 } },
    { 0x2538, 1, { 0x18, 0x18, 0x18, 0xff, 0x00, 0x00, 0x00, 0x00 } },
    { 0x253b, 1, { 0x18, 0x18, 0x18, 0xff, 0xff, 0x00, 0x00, 0x00 } },
    { 0x253c, 1, { 0x10, 0x10, 0x10, 0xff, 0x10, 0x10, 0x10, 0x10 } },
    { 0x253f, 1, { 0x10, 0x10, 0x10, 0xff, 0xff, 0x10, 0x10, 0x10 } },
    { 0x2542, 1, { 0x18, 0x18, 0x18, 0xff, 0x18, 0x18, 0x18, 0x18 } },
    { 0x254b, 1, { 0x18, 0x18, 0x18, 0xff, 0xff, 0x18, 0x18, 0x18 } },
    { 0x2550, 1, { 0x00, 0x00, 0xff, 0x00, 0xff, 0x00, 0x00, 0x00 } },
    { 0x255e, 1, { 0x10, 0x10, 0x1f, 0x10, 0x1f, 0x10, 0x10, 0x10 } },
    { 0x2561, 1, { 0x10, 0x10, 0xf0, 0x10, 0xf0, 0x10, 0x10, 0x10 } },
    { 0x256a, 1, { 0x10, 0x10, 0xff, 0x10, 0xff, 0x10, 0x10, 0x10 } },
    { 0x256d, 1, { 0x00, 0x00, 0x00, 0x07, 0x08, 0x10, 0x10, 0x10 } },
    { 0x256e, 1, { 0x00, 0x00, 0x00, 0xc0, 0x20, 0x10, 0x10, 0x10 } },
    { 0x256f, 1, { 0x10, 0x10, 0x20, 0xc0, 0x00, 0x00, 0x00, 0x00 } },
    { 0x2570, 1, { 0x10, 0x10, 0x08, 0x07, 0x00, 0x00, 0x00, 0x00 } },
    { 0x2571, 1, { 0x01, 0x02, 0x04, 0x08, 0x10, 0x20, 0x40, 0x80 } },
    { 0x2572, 1, { 0x80, 0x40, 0x20, 0x10, 0x08, 0x04, 0x02, 0x01 } },
    { 0x2573, 1, { 0x81, 0x42, 0x24, 0x18, 0x18, 0x24, 0x42, 0x81 } },
    { 0x2581, 1, { 0x00, 0x00, 0x00, 0x00, 0x00, 0x00, 0x00, 0xff } },
    { 0x2582, 1, { 0x00, 0x00, 0x00, 0x00, 0x00, 0x00, 0xff, 0xff } },
    { 0x2583, 1, { 0x00, 0x00, 0x00, 0x00, 0x00, 0xff, 0xff, 0xff } },
    { 0x2584, 1, { 0x00, 0x00, 0x00, 0x00, 0xff, 0xff, 0xff, 0xff } },
    { 0x2585, 1, { 0x00, 0x00, 0x00, 0xff, 0xff, 0xff, 0xff, 0xff } },
    { 0x2586, 1, { 0x00, 0x00, 0xff, 0xff, 0xff, 0xff, 0xff, 0xff } },
    { 0x2587, 1, { 0x00, 0xff, 0xff, 0xff, 0xff, 0xff, 0xff, 0xff } },
    { 0x2588, 1, { 0xff, 0xff, 0xff, 0xff, 0xff, 0xff, 0xff, 0xff } },
    { 0x2589, 1, { 0xfe, 0xfe, 0xfe, 0xfe, 0xfe, 0xfe, 0xfe, 0xfe } },
    { 0x258a, 1, { 0xfc, 0xfc, 0xfc, 0xfc, 0xfc, 0xfc, 0xfc, 0xfc } },
    { 0x258b, 1, { 0xf8, 0xf8, 0xf8, 0xf8, 0xf8, 0xf8, 0xf8, 0xf8 } },
    { 0x258c, 1, { 0xf0, 0xf0, 0xf0, 0xf0, 0xf0, 0xf0, 0xf0, 0xf0 } },
    { 0x258d, 1, { 0xe0, 0xe0, 0xe0, 0xe0, 0xe0, 0xe0, 0xe0, 0xe0 } },
    { 0x258e, 1, { 0xc0, 0xc0, 0xc0, 0xc0, 0xc0, 0xc0, 0xc0, 0xc0 } },
    { 0x258f, 1, { 0x80, 0x80, 0x80, 0x80, 0x80, 0x80, 0x80, 0x80 } },
    { 0x2594, 1, { 0xff, 0x00, 0x00, 0x00, 0x00, 0x00, 0x00, 0x00 } },
    { 0x2595, 1, { 0x01, 0x01, 0x01, 0x01, 0x01, 0x01, 0x01, 0x01 } },
    { 0x25a0, 1, { 0xfe, 0xfe, 0xfe, 0xfe, 0xfe, 0xfe, 0xfe, 0x00 } },
    { 0x25a1, 1, { 0xfe, 0x82, 0x82, 0x82, 0x82, 0x82, 0xfe, 0x00 } },
    { 0x25b2, 1, { 0x10, 0x10, 0x38, 0x38, 0x7c, 0x7c, 0xfe, 0x00 } },
    { 0x25b3, 1, { 0x10, 0x10, 0x28, 0x28, 0x44, 0x44, 0xfe, 0x00 } },
    { 0x25bc, 1, { 0xfe, 0x7c, 0x7c, 0x38, 0x38, 0x10, 0x10, 0x00 } },
    { 0x25bd, 1, { 0xfe, 0x44, 0x44, 0x28, 0x28, 0x10, 0x10, 0x00 } },
    { 0x25c6, 1, { 0x10, 0x38, 0x7c, 0xfe, 0x7c, 0x38, 0x10, 0x00 } },
    { 0x25c7, 1, { 0x10, 0x28, 0x44, 0x82, 0x44, 0x28, 0x10, 0x00 } },
    { 0x25cb, 1, { 0x38, 0x44, 0x82, 0x82, 0x82, 0x44, 0x38, 0x00 } },
    { 0x25ce, 1, { 0x38, 0x44, 0xba, 0xaa, 0xba, 0x44, 0x38, 0x00 } },
    { 0x25cf, 1, { 0x38, 0x7c, 0xfe, 0xfe, 0xfe, 0x7c, 0x38, 0x00 } },
    { 0x25e2, 1, { 0x01, 0x03, 0x07, 0x0f, 0x1f, 0x3f, 0x7f, 0xff } },
    { 0x25e3, 1, { 0x80, 0xc0, 0xe0, 0xf0, 0xf8, 0xfc, 0xfe, 0xff } },
    { 0x25e4, 1, { 0xff, 0xfe, 0xfc, 0xf8, 0xf0, 0xe0, 0xc0, 0x80 } },
    { 0x25e5, 1, { 0xff, 0x7f, 0x3f, 0x1f, 0x0f, 0x07, 0x03, 0x01 } },
    { 0x25ef, 1, { 0x7c, 0x82, 0x82, 0x82, 0x82, 0x82, 0x7c, 0x00 } },
    { 0x2605, 1, { 0x10, 0x10, 0xfe, 0x38, 0x38, 0x6c, 0x44, 0x00 } },
    { 0x2606, 1, { 0x10, 0x10, 0xfe, 0x28, 0x38, 0x6c, 0x44, 0x00 } },
    { 0x2640, 1, { 0x38, 0x44, 0x44, 0x38, 0x10, 0x7c, 0x10, 0x00 } },
    { 0x2642, 1, { 0x1e, 0x06, 0x0a, 0x72, 0x90, 0x90, 0x60, 0x00 } },
    { 0x2660, 1, { 0x10, 0x38, 0x7c, 0xfe, 0xfe, 0x10, 0x38, 0x00 } },
    { 0x2661, 1, { 0x6c, 0x92, 0x82, 0x82, 0x44, 0x28, 0x10, 0x00 } },
    { 0x2662, 1, { 0x10, 0x28, 0x44, 0x82, 0x44, 0x28, 0x10, 0x00 } },
    { 0x2663, 1, { 0x38, 0x38, 0xfe, 0xfe, 0xd6, 0x10, 0x38, 0x00 } },
    { 0x2664, 1, { 0x10, 0x28, 0x44, 0x82, 0xee, 0x10, 0x38, 0x00 } },
    { 0x2665, 1, { 0x6c, 0xfe, 0xfe, 0xfe, 0x7c, 0x38, 0x10, 0x00 } },
    { 0x2666, 1, { 0x10, 0x38, 0x7c, 0xfe, 0x7c, 0x38, 0x10, 0x00 } },
    { 0x2667, 1, { 0x38, 0x28, 0xd6, 0xba, 0xd6, 0x10, 0x38, 0x00 } },
    { 0x266a, 1, { 0x10, 0x18, 0x14, 0x14, 0x30, 0x70, 0x60, 0x00 } },
    { 0x266d, 1, { 0x20, 0x20, 0x28, 0x34, 0x24, 0x28, 0x30, 0x00 } },
    { 0x266f, 1, { 0x04, 0x26, 0x3c, 0x66, 0x3c, 0x64, 0x20, 0x00 } },
    { 0x3000, 1, { 0x00, 0x00, 0x00, 0x00, 0x00, 0x00, 0x00, 0x00 } },
    { 0x3001, 1, { 0x00, 0x00, 0x00, 0x00, 0x00, 0x80, 0x40, 0x00 } },
    { 0x3002, 1, { 0x00, 0x00, 0x00, 0x00, 0x40, 0xa0, 0x40, 0x00 } },
    { 0x3003, 1, { 0x00, 0x00, 0x24, 0x24, 0x24, 0x48, 0x00, 0x00 } },
    { 0x3005, 1, { 0x00, 0x20, 0x3c, 0x44, 0xa8, 0x10, 0x08, 0x00 } },
    { 0x3006, 1, { 0x02, 0x34, 0x48, 0x94, 0xa4, 0xc0, 0x80, 0x00 } },
    { 0x3007, 1, { 0x00, 0x38, 0x44, 0x82, 0x82, 0x44, 0x38, 0x00 } },
    { 0x3008, 1, { 0x04, 0x08, 0x10, 0x20, 0x10, 0x08, 0x04, 0x00 } },
    { 0x3009, 1, { 0x40, 0x20, 0x10, 0x08, 0x10, 0x20, 0x40, 0x00 } },
    { 0x300a, 1, { 0x0a, 0x14, 0x28, 0x50, 0x28, 0x14, 0x0a, 0x00 } },
    { 0x300b, 1, { 0xa0, 0x50, 0x28, 0x14, 0x28, 0x50, 0xa0, 0x00 } },
    { 0x300c, 1, { 0x1e, 0x10, 0x10, 0x10, 0x10, 0x10, 0x00, 0x00 } },
    { 0x300d, 1, { 0x00, 0x10, 0x10, 0x10, 0x10, 0x10, 0xf0, 0x00 } },
    { 0x300e, 1, { 0x3e, 0x22, 0x2e, 0x28, 0x28, 0x38, 0x00, 0x00 } },
    { 0x300f, 1, { 0x00, 0x38, 0x28, 0x28, 0xe8, 0x88, 0xf8, 0x00 } },
    { 0x3010, 1, { 0x1c, 0x18, 0x10, 0x10, 0x10, 0x18, 0x1c, 0x00 } },
    { 0x3011, 1, { 0x70, 0x30, 0x10, 0x10, 0x10, 0x30, 0x70, 0x00 } },
    { 0x3012, 1, { 0xfe, 0x00, 0xfe, 0x10, 0x10, 0x10, 0x10, 0x00 } },
    { 0x3013, 1, { 0x00, 0xfe, 0xfe, 0x00, 0xfe, 0xfe, 0x00, 0x00 } },
    { 0x3014, 1, { 0x0c, 0x30, 0x20, 0x20, 0x20, 0x30, 0x0c, 0x00 } },
    { 0x3015, 1, { 0x60, 0x18, 0x08, 0x08, 0x08, 0x18, 0x60, 0x00 } },
    { 0x301c, 1, { 0x00, 0x00, 0x60, 0x92, 0x0c, 0x00, 0x00, 0x00 } },
    { 0x301d, 1, { 0x14, 0x14, 0x0a, 0x00, 0x00, 0x00, 0x00, 0x00 } },
    { 0x301f, 1, { 0x00, 0x00, 0x00, 0x00, 0xa0, 0x50, 0x50, 0x00 } },
    { 0x3041, 1, { 0x00, 0x10, 0x3c, 0x10, 0x3c, 0x5a, 0x32, 0x00 } },
    { 0x3042, 1, { 0x20, 0x7c, 0x20, 0x3c, 0x6a, 0xb2, 0x64, 0x00 } },
    { 0x3043, 1, { 0x00, 0x00, 0x48, 0x44, 0x44, 0x50, 0x20, 0x00 } },
    { 0x3044, 1, { 0x00, 0x88, 0x84, 0x82, 0x82, 0x50, 0x20, 0x00 } },
    { 0x3045, 1, { 0x00, 0x38, 0x00, 0x38, 0x44, 0x08, 0x30, 0x00 } },
    { 0x3046, 1, { 0x3c, 0x00, 0x3c, 0x42, 0x02, 0x04, 0x38, 0x00 } },
    { 0x3047, 1, { 0x00, 0x38, 0x00, 0x78, 0x10, 0x30, 0x4c, 0x00 } },
    { 0x3048, 1, { 0x3c, 0x00, 0x7c, 0x08, 0x18, 0x28, 0x46, 0x00 } },
    { 0x3049, 1, { 0x00, 0x20, 0x74, 0x20, 0x38, 0x64, 0x28, 0x00 } },
    { 0x304a, 1, { 0x20, 0xf4, 0x22, 0x3c, 0x62, 0xa2, 0x6c, 0x00 } },
    { 0x304b, 1, { 0x20, 0x20, 0xf4, 0x2a, 0x4a, 0x48, 0xb0, 0x00 } },
    { 0x304c, 1, { 0x2a, 0x20, 0xf4, 0x2a, 0x4a, 0x48, 0xb0, 0x00 } },
    { 0x304d, 1, { 0x10, 0x7c, 0x08, 0x7e, 0x24, 0x40, 0x3c, 0x00 } },
    { 0x304e, 1, { 0x14, 0x7c, 0x08, 0x7e, 0x24, 0x40, 0x3c, 0x00 } },
    { 0x304f, 1, { 0x04, 0x08, 0x30, 0x40, 0x30, 0x08, 0x04, 0x00 } },
    { 0x3050, 1, { 0x04, 0x08, 0x34, 0x40, 0x30, 0x08, 0x04, 0x00 } },
    { 0x3051, 1, { 0x88, 0x88, 0xbe, 0x88, 0x88, 0x88, 0x10, 0x00 } },
    { 0x3052, 1, { 0x8a, 0x88, 0xbe, 0x88, 0x88, 0x88, 0x10, 0x00 } },
    { 0x3053, 1, { 0x00, 0x3c, 0x00, 0x00, 0x20, 0x40, 0x3e, 0x00 } },
    { 0x3054, 1, { 0x0a, 0x3c, 0x00, 0x00, 0x20, 0x40, 0x3e, 0x00 } },
    { 0x3055, 1, { 0x08, 0x08, 0x7e, 0x04, 0x24, 0x40, 0x3c, 0x00 } },
    { 0x3056, 1, { 0x0a, 0x08, 0x7e, 0x04, 0x24, 0x40, 0x3c, 0x00 } },
    { 0x3057, 1, { 0x20, 0x20, 0x20, 0x20, 0x20, 0x22, 0x1c, 0x00 } },
    { 0x3058, 1, { 0x2a, 0x20, 0x20, 0x20, 0x20, 0x22, 0x1c, 0x00 } },
    { 0x3059, 1, { 0x08, 0xfe, 0x18, 0x28, 0x18, 0x08, 0x10, 0x00 } },
    { 0x305a, 1, { 0x0a, 0xfe, 0x18, 0x28, 0x18, 0x08, 0x10, 0x00 } },
    { 0x305b, 1, { 0x24, 0x24, 0xfe, 0x24, 0x2c, 0x20, 0x1e, 0x00 } },
    { 0x305c, 1, { 0x2a, 0x24, 0xfe, 0x24, 0x2c, 0x20, 0x1e, 0x00 } },
    { 0x305d, 1, { 0x3c, 0x08, 0x10, 0x7e, 0x10, 0x10, 0x0c, 0x00 } },
    { 0x305e, 1, { 0x3c, 0x0a, 0x10, 0x7e, 0x10, 0x10, 0x0c, 0x00 } },
    { 0x305f, 1, { 0x20, 0xf0, 0x2e, 0x40, 0x48, 0x50, 0x8e, 0x00 } },
    { 0x3060, 1, { 0x2a, 0xf0, 0x2e, 0x40, 0x48, 0x50, 0x8e, 0x00 } },
    { 0x3061, 1, { 0x08, 0x7e, 0x10, 0x1c, 0x22, 0x02, 0x1c, 0x00 } },
    { 0x3062, 1, { 0x0a, 0x7e, 0x10, 0x1c, 0x22, 0x02, 0x1c, 0x00 } },
    { 0x3063, 1, { 0x00, 0x00, 0x00, 0x18, 0x64, 0x04, 0x18, 0x00 } },
    { 0x3064, 1, { 0x00, 0x3c, 0xc2, 0x02, 0x02, 0x1c, 0x00, 0x00 } },
    { 0x3065, 1, { 0x0a, 0x3c, 0xc2, 0x02, 0x02, 0x1c, 0x00, 0x00 } },
    { 0x3066, 1, { 0x0e, 0x74, 0x08, 0x10, 0x10, 0x08, 0x06, 0x00 } },
    { 0x3067, 1, { 0x0e, 0x74, 0x0a, 0x10, 0x10, 0x08, 0x06, 0x00 } },
    { 0x3068, 1, { 0x20, 0x20, 0x24, 0x18, 0x20, 0x40, 0x3e, 0x00 } },
    { 0x3069, 1, { 0x2a, 0x20, 0x24, 0x18, 0x20, 0x40, 0x3e, 0x00 } },
    { 0x306a, 1, { 0x20, 0xf4, 0x22, 0x44, 0x9c, 0x26, 0x18, 0x00 } },
    { 0x306b, 1, { 0x80, 0x9c, 0x80, 0x80, 0x90, 0xa0, 0x9e, 0x00 } },
    { 0x306c, 1, { 0x08, 0x48, 0x5c, 0x6a, 0xb2, 0xa6, 0x56, 0x00 } },
    { 0x306d, 1, { 0x20, 0x2c, 0xf2, 0x22, 0x66, 0xaa, 0x26, 0x00 } },
    { 0x306e, 1, { 0x00, 0x38, 0x54, 0x92, 0xa2, 0x44, 0x18, 0x00 } },
    { 0x306f, 1, { 0x84, 0x84, 0xbe, 0x84, 0x9c, 0xa4, 0x9a, 0x00 } },
    { 0x3070, 1, { 0x8a, 0x84, 0xbe, 0x84, 0x9c, 0xa4, 0x9a, 0x00 } },
    { 0x3071, 1, { 0x84, 0x8a, 0xbe, 0x84, 0x9c, 0xa4, 0x9a, 0x00 } },
    { 0x3072, 1, { 0x28, 0xe4, 0x26, 0x44, 0x44, 0x44, 0x38, 0x00 } },
    { 0x3073, 1, { 0x2a, 0xe4, 0x26, 0x44, 0x44, 0x44, 0x38, 0x00 } },
    { 0x3074, 1, { 0x2c, 0xea, 0x26, 0x44, 0x44, 0x44, 0x38, 0x00 } },
    { 0x3075, 1, { 0x10, 0x08, 0x10, 0x10, 0x4c, 0x4a, 0xb2, 0x00 } },
    { 0x3076, 1, { 0x10, 0x0a, 0x10, 0x10, 0x4c, 0x4a, 0xb2, 0x00 } },
    { 0x3077, 1, { 0x14, 0x0a, 0x14, 0x10, 0x4c, 0x4a, 0xb2, 0x00 } },
    { 0x3078, 1, { 0x00, 0x20, 0x50, 0x88, 0x06, 0x00, 0x00, 0x00 } },
    { 0x3079, 1, { 0x0a, 0x20, 0x50, 0x88, 0x06, 0x00, 0x00, 0x00 } },
    { 0x307a, 1, { 0x04, 0x2a, 0x54, 0x88, 0x06, 0x00, 0x00, 0x00 } },
    { 0x307b, 1, { 0x80, 0xbe, 0x88, 0xbe, 0x88, 0xbc, 0xba, 0x00 } },
    { 0x307c, 1, { 0x8a, 0xbe, 0x88, 0xbe, 0x88, 0xbc, 0xba, 0x00 } },
    { 0x307d, 1, { 0x84, 0xba, 0x8c, 0xbe, 0x88, 0xbc, 0xba, 0x00 } },
    { 0x307e, 1, { 0x08, 0x7e, 0x08, 0x7e, 0x08, 0x7c, 0x7a, 0x00 } },
    { 0x307f, 1, { 0x70, 0x10, 0x24, 0x7c, 0xa6, 0xc4, 0x18, 0x00 } },
    { 0x3080, 1, { 0x20, 0xf4, 0x22, 0x60, 0xa0, 0x62, 0x3c, 0x00 } },
    { 0x3081, 1, { 0x08, 0x48, 0x5c, 0x6a, 0xb2, 0xa2, 0x54, 0x00 } },
    { 0x3082, 1, { 0x10, 0x7c, 0x20, 0x7c, 0x22, 0x22, 0x1c, 0x00 } },
    { 0x3083, 1, { 0x00, 0x28, 0x2c, 0x72, 0x14, 0x10, 0x08, 0x00 } },
    { 0x3084, 1, { 0x48, 0x5c, 0xe2, 0x24, 0x20, 0x10, 0x10, 0x00 } },
    { 0x3085, 1, { 0x00, 0x10, 0x58, 0x74, 0x54, 0x18, 0x20, 0x00 } },
    { 0x3086, 1, { 0x10, 0xbc, 0xd2, 0x92, 0xbc, 0x10, 0x20, 0x00 } },
    { 0x3087, 1, { 0x00, 0x08, 0x08, 0x0c, 0x38, 0x48, 0x34, 0x00 } },
    { 0x3088, 1, { 0x08, 0x08, 0x0e, 0x08, 0x38, 0x4c, 0x32, 0x00 } },
    { 0x3089, 1, { 0x30, 0x08, 0x40, 0x5c, 0x62, 0x02, 0x3c, 0x00 } },
    { 0x308a, 1, { 0x58, 0x64, 0x44, 0x44, 0x04, 0x08, 0x30, 0x00 } },
    { 0x308b, 1, { 0x3c, 0x08, 0x10, 0x3c, 0x42, 0x32, 0x3c, 0x00 } },
    { 0x308c, 1, { 0x20, 0x2c, 0xf4, 0x24, 0x64, 0xa4, 0x22, 0x00 } },
    { 0x308d, 1, { 0x3c, 0x08, 0x10, 0x3c, 0x42, 0x02, 0x3c, 0x00 } },
    { 0x308e, 1, { 0x00, 0x10, 0x14, 0x7a, 0x32, 0x52, 0x14, 0x00 } },
    { 0x308f, 1, { 0x20, 0x2c, 0xf2, 0x22, 0x62, 0xa2, 0x2c, 0x00 } },
    { 0x3090, 1, { 0x70, 0x10, 0x3c, 0x52, 0x96, 0xaa, 0x46, 0x00 } },
    { 0x3091, 1, { 0x38, 0x10, 0x38, 0x44, 0x18, 0x6c, 0x92, 0x00 } },
    { 0x3092, 1, { 0x10, 0x7c, 0x20, 0x76, 0x98, 0x28, 0x1e, 0x00 } },
    { 0x3093, 1, { 0x10, 0x10, 0x20, 0x20, 0x50, 0x52, 0x8c, 0x00 } },
    { 0x309b, 1, { 0xa0, 0x50, 0x00, 0x00, 0x00, 0x00, 0x00, 0x00 } },
    { 0x309c, 1, { 0x40, 0xa0, 0x40, 0x00, 0x00, 0x00, 0x00, 0x00 } },
    { 0x309d, 1, { 0x00, 0x20, 0x10, 0x08, 0x0c, 0x30, 0x00, 0x00 } },
    { 0x309e, 1, { 0x0a, 0x20, 0x10, 0x08, 0x0c, 0x30, 0x00, 0x00 } },
    { 0x30a1, 1, { 0x00, 0x00, 0x7c, 0x14, 0x18, 0x10, 0x20, 0x00 } },
    { 0x30a2, 1, { 0x7e, 0x02, 0x14, 0x18, 0x10, 0x10, 0x20, 0x00 } },
    { 0x30a3, 1, { 0x00, 0x00, 0x04, 0x08, 0x18, 0x68, 0x08, 0x00 } },
    { 0x30a4, 1, { 0x02, 0x04, 0x08, 0x18, 0x68, 0x08, 0x08, 0x00 } },
    { 0x30a5, 1, { 0x00, 0x00, 0x10, 0x7c, 0x44, 0x08, 0x30, 0x00 } },
    { 0x30a6, 1, { 0x10, 0x7e, 0x42, 0x02, 0x04, 0x08, 0x30, 0x00 } },
    { 0x30a7, 1, { 0x00, 0x00, 0x00, 0x38, 0x10, 0x10, 0x7c, 0x00 } },
    { 0x30a8, 1, { 0x00, 0x7c, 0x10, 0x10, 0x10, 0xfe, 0x00, 0x00 } },
    { 0x30a9, 1, { 0x00, 0x00, 0x08, 0x7c, 0x18, 0x68, 0x18, 0x00 } },
    { 0x30aa, 1, { 0x08, 0xfe, 0x08, 0x18, 0x28, 0xc8, 0x18, 0x00 } },
    { 0x30ab, 1, { 0x10, 0x7e, 0x12, 0x12, 0x12, 0x22, 0x46, 0x00 } },
    { 0x30ac, 1, { 0x14, 0x7e, 0x12, 0x12, 0x12, 0x22, 0x46, 0x00 } },
    { 0x30ad, 1, { 0x10, 0x7c, 0x10, 0x10, 0x7e, 0x08, 0x08, 0x00 } },
    { 0x30ae, 1, { 0x14, 0x7c, 0x10, 0x10, 0x7e, 0x08, 0x08, 0x00 } },
    { 0x30af, 1, { 0x10, 0x1e, 0x22, 0x42, 0x04, 0x08, 0x30, 0x00 } },
    { 0x30b0, 1, { 0x14, 0x1e, 0x22, 0x42, 0x04, 0x08, 0x30, 0x00 } },
    { 0x30b1, 1, { 0x40, 0x7e, 0x48, 0x88, 0x08, 0x10, 0x20, 0x00 } },
    { 0x30b2, 1, { 0x4a, 0x7e, 0x48, 0x88, 0x08, 0x10, 0x20, 0x00 } },
    { 0x30b3, 1, { 0x00, 0x7e, 0x02, 0x02, 0x02, 0x02, 0x7e, 0x00 } },
    { 0x30b4, 1, { 0x0a, 0x7e, 0x02, 0x02, 0x02, 0x02, 0x7e, 0x00 } },
    { 0x30b5, 1, { 0x24, 0xfe, 0x24, 0x24, 0x04, 0x08, 0x30, 0x00 } },
    { 0x30b6, 1, { 0x2a, 0xfe, 0x24, 0x24, 0x04, 0x08, 0x30, 0x00 } },
    { 0x30b7, 1, { 0x40, 0x20, 0x42, 0x22, 0x04, 0x08, 0x70, 0x00 } },
    { 0x30b8, 1, { 0x4a, 0x20, 0x42, 0x22, 0x04, 0x08, 0x70, 0x00 } },
    { 0x30b9, 1, { 0x00, 0x7c, 0x04, 0x08, 0x08, 0x34, 0xc2, 0x00 } },
    { 0x30ba, 1, { 0x0a, 0x7c, 0x04, 0x08, 0x08, 0x34, 0xc2, 0x00 } },
    { 0x30bb, 1, { 0x20, 0x20, 0xfe, 0x22, 0x24, 0x20, 0x1e, 0x00 } },
    { 0x30bc, 1, { 0x2a, 0x20, 0xfe, 0x22, 0x24, 0x20, 0x1e, 0x00 } },
    { 0x30bd, 1, { 0x42, 0x22, 0x22, 0x02, 0x04, 0x08, 0x30, 0x00 } },
    { 0x30be, 1, { 0x4a, 0x20, 0x22, 0x02, 0x04, 0x08, 0x30, 0x00 } },
    { 0x30bf, 1, { 0x10, 0x1e, 0x22, 0x5a, 0x04, 0x08, 0x30, 0x00 } },
    { 0x30c0, 1, { 0x14, 0x1e, 0x22, 0x5a, 0x04, 0x08, 0x30, 0x00 } },
    { 0x30c1, 1, { 0x0c, 0x70, 0x10, 0xfe, 0x10, 0x10, 0x20, 0x00 } },
    { 0x30c2, 1, { 0x0a, 0x70, 0x10, 0xfe, 0x10, 0x10, 0x20, 0x00 } },
    { 0x30c3, 1, { 0x00, 0x00, 0x00, 0x54, 0x54, 0x08, 0x30, 0x00 } },
    { 0x30c4, 1, { 0x00, 0xa2, 0x52, 0x52, 0x04, 0x08, 0x30, 0x00 } },
    { 0x30c5, 1, { 0x0a, 0xa0, 0x52, 0x52, 0x04, 0x08, 0x30, 0x00 } },
    { 0x30c6, 1, { 0x7c, 0x00, 0xfe, 0x10, 0x10, 0x10, 0x20, 0x00 } },
    { 0x30c7, 1, { 0x7a, 0x00, 0xfe, 0x10, 0x10, 0x10, 0x20, 0x00 } },
    { 0x30c8, 1, { 0x20, 0x20, 0x20, 0x38, 0x24, 0x20, 0x20, 0x00 } },
    { 0x30c9, 1, { 0x2a, 0x20, 0x20, 0x38, 0x24, 0x20, 0x20, 0x00 } },
    { 0x30ca, 1, { 0x10, 0x10, 0xfe, 0x10, 0x10, 0x20, 0x40, 0x00 } },
    { 0x30cb, 1, { 0x00, 0x7c, 0x00, 0x00, 0x00, 0xfe, 0x00, 0x00 } },
    { 0x30cc, 1, { 0x7c, 0x04, 0x34, 0x08, 0x18, 0x24, 0xc0, 0x00 } },
    { 0x30cd, 1, { 0x10, 0x7c, 0x08, 0x10, 0x34, 0xd2, 0x10, 0x00 } },
    { 0x30ce, 1, { 0x04, 0x04, 0x04, 0x08, 0x10, 0x20, 0xc0, 0x00 } },
    { 0x30cf, 1, { 0x00, 0x28, 0x24, 0x24, 0x42, 0x42, 0x82, 0x00 } },
    { 0x30d0, 1, { 0x0a, 0x20, 0x24, 0x24, 0x42, 0x42, 0x82, 0x00 } },
    { 0x30d1, 1, { 0x04, 0x2a, 0x24, 0x24, 0x42, 0x42, 0x82, 0x00 } },
    { 0x30d2, 1, { 0x40, 0x40, 0x46, 0x78, 0x40, 0x40, 0x3e, 0x00 } },
    { 0x30d3, 1, { 0x4a, 0x40, 0x46, 0x78, 0x40, 0x40, 0x3e, 0x00 } },
    { 0x30d4, 1, { 0x44, 0x4a, 0x46, 0x78, 0x40, 0x40, 0x3e, 0x00 } },
    { 0x30d5, 1, { 0x00, 0x7e, 0x02, 0x02, 0x04, 0x08, 0x30, 0x00 } },
    { 0x30d6, 1, { 0x0a, 0x7e, 0x02, 0x02, 0x04, 0x08, 0x30, 0x00 } },
    { 0x30d7, 1, { 0x04, 0x7a, 0x06, 0x02, 0x04, 0x08, 0x30, 0x00 } },
    { 0x30d8, 1, { 0x00, 0x20, 0x50, 0x88, 0x04, 0x02, 0x00, 0x00 } },
    { 0x30d9, 1, { 0x0a, 0x20, 0x50, 0x88, 0x04, 0x02, 0x00, 0x00 } },
    { 0x30da, 1, { 0x04, 0x2a, 0x54, 0x88, 0x04, 0x02, 0x00, 0x00 } },
    { 0x30db, 1, { 0x10, 0x10, 0xfe, 0x10, 0x54, 0x92, 0x30, 0x00 } },
    { 0x30dc, 1, { 0x1a, 0x10, 0xfe, 0x10, 0x54, 0x92, 0x30, 0x00 } },
    { 0x30dd, 1, { 0x14, 0x1a, 0xf4, 0x10, 0x54, 0x92, 0x30, 0x00 } },
    { 0x30de, 1, { 0x00, 0xfe, 0x02, 0x04, 0x28, 0x10, 0x08, 0x00 } },
    { 0x30df, 1, { 0x70, 0x0c, 0x20, 0x18, 0x00, 0x70, 0x0c, 0x00 } },
    { 0x30e0, 1, { 0x10, 0x10, 0x20, 0x20, 0x48, 0x44, 0xfa, 0x00 } },
    { 0x30e1, 1, { 0x04, 0x04, 0x74, 0x08, 0x14, 0x24, 0xc0, 0x00 } },
    { 0x30e2, 1, { 0x3c, 0x10, 0x10, 0x7e, 0x10, 0x10, 0x0e, 0x00 } },
    { 0x30e3, 1, { 0x00, 0x00, 0x20, 0x3c, 0x64, 0x10, 0x10, 0x00 } },
    { 0x30e4, 1, { 0x20, 0x2e, 0xf2, 0x24, 0x10, 0x10, 0x10, 0x00 } },
    { 0x30e5, 1, { 0x00, 0x00, 0x00, 0x38, 0x08, 0x08, 0x7c, 0x00 } },
    { 0x30e6, 1, { 0x00, 0x78, 0x08, 0x08, 0x08, 0xfe, 0x00, 0x00 } },
    { 0x30e7, 1, { 0x00, 0x00, 0x3c, 0x04, 0x1c, 0x04, 0x3c, 0x00 } },
    { 0x30e8, 1, { 0x00, 0x7e, 0x02, 0x3e, 0x02, 0x02, 0x7e, 0x00 } },
    { 0x30e9, 1, { 0x3c, 0x00, 0x7e, 0x02, 0x04, 0x08, 0x30, 0x00 } },
    { 0x30ea, 1, { 0x44, 0x44, 0x44, 0x44, 0x04, 0x08, 0x30, 0x00 } },
    { 0x30eb, 1, { 0x08, 0x28, 0x28, 0x28, 0x2a, 0x4c, 0x88, 0x00 } },
    { 0x30ec, 1, { 0x20, 0x20, 0x20, 0x22, 0x24, 0x28, 0x30, 0x00 } },
    { 0x30ed, 1, { 0x00, 0x7e, 0x42, 0x42, 0x42, 0x42, 0x7e, 0x00 } },
    { 0x30ee, 1, { 0x00, 0x00, 0x7c, 0x44, 0x04, 0x08, 0x30, 0x00 } },
    { 0x30ef, 1, { 0x00, 0x7e, 0x42, 0x02, 0x04, 0x08, 0x30, 0x00 } },
    { 0x30f0, 1, { 0x04, 0x7e, 0x24, 0x24, 0xfe, 0x04, 0x04, 0x00 } },
    { 0x30f1, 1, { 0x00, 0x7c, 0x08, 0x10, 0x10, 0xfe, 0x00, 0x00 } },
    { 0x30f2, 1, { 0x7e, 0x02, 0x3e, 0x02, 0x04, 0x08, 0x30, 0x00 } },
    { 0x30f3, 1, { 0x40, 0x20, 0x02, 0x02, 0x04, 0x08, 0x70, 0x00 } },
    { 0x30f4, 1, { 0x14, 0x7e, 0x42, 0x02, 0x04, 0x08, 0x30, 0x00 } },
    { 0x30f5, 1, { 0x00, 0x00, 0x10, 0x7c, 0x14, 0x24, 0x4c, 0x00 } },
    { 0x30f6, 1, { 0x00, 0x00, 0x20, 0x3c, 0x48, 0x08, 0x10, 0x00 } },
    { 0x30fb, 1, { 0x00, 0x00, 0x00, 0x30, 0x30, 0x00, 0x00, 0x00 } },
    { 0x30fc, 1, { 0x00, 0x00, 0x80, 0x7e, 0x00, 0x00, 0x00, 0x00 } },
    { 0x30fd, 1, { 0x00, 0x00, 0x20, 0x10, 0x08, 0x08, 0x00, 0x00 } },
    { 0x30fe, 1, { 0x0a, 0x00, 0x20, 0x10, 0x08, 0x08, 0x00, 0x00 } },
    { 0x3231, 1, { 0x44, 0xf2, 0xbe, 0xea, 0xfe, 0xaa, 0x6c, 0x00 } },
    { 0x3232, 1, { 0x54, 0xba, 0x92, 0xbe, 0xd6, 0x9e, 0x54, 0x00 } },
    { 0x3239, 1, { 0x44, 0xaa, 0xbe, 0xea, 0xaa, 0xa6, 0x44, 0x00 } },
    { 0x32a4, 1, { 0x7c, 0x92, 0x9a, 0x92, 0x92, 0xba, 0x7c, 0x00 } },
    { 0x32a5, 1, { 0x7c, 0x92, 0xfe, 0xd6, 0xfe, 0x92, 0x7c, 0x00 } },
    { 0x32a6, 1, { 0x7c, 0xba, 0x92, 0x9a, 0x92, 0x92, 0x7c, 0x00 } },
    { 0x32a7, 1, { 0x7c, 0xfa, 0xa2, 0xba, 0xd2, 0xba, 0x7c, 0x00 } },
    { 0x32a8, 1, { 0x7c, 0xa2, 0xfa, 0xa2, 0xda, 0x9a, 0x7c, 0x00 } },
    { 0x32ff, 1, { 0x4c, 0xa6, 0xee, 0x06, 0xee, 0x6c, 0x44, 0x00 } },
    { 0x3303, 1, { 0xf0, 0x56, 0x60, 0x80, 0x60, 0x60, 0xb0, 0x00 } },
    { 0x330d, 1, { 0xee, 0x6a, 0xae, 0x00, 0xa0, 0xae, 0x20, 0x00 } },
    { 0x3314, 1, { 0x40, 0xe0, 0x40, 0xee, 0x4a, 0x0a, 0x0e, 0x00 } },
    { 0x3318, 1, { 0x76, 0xae, 0x22, 0xcc, 0x20, 0x50, 0xf0, 0x00 } },
    { 0x3322, 1, { 0x8c, 0xe0, 0xa2, 0xcc, 0x40, 0xe0, 0x40, 0x00 } },
    { 0x3323, 1, { 0x8c, 0xe0, 0xa2, 0xcc, 0x40, 0x60, 0x40, 0x00 } },
    { 0x3326, 1, { 0xa8, 0x80, 0xe0, 0x80, 0x14, 0x14, 0x26, 0x00 } },
    { 0x3327, 1, { 0x80, 0x80, 0xe0, 0x8c, 0x00, 0x02, 0x0c, 0x00 } },
    { 0x332b, 1, { 0x70, 0xb6, 0xa0, 0x00, 0x94, 0xc6, 0xdc, 0x00 } },
    { 0x3336, 1, { 0x46, 0xaa, 0x02, 0x6c, 0xbc, 0x4c, 0x96, 0x00 } },
    { 0x333b, 1, { 0x50, 0xa6, 0x10, 0xc0, 0xd0, 0x20, 0xc0, 0x00 } },
    { 0x3349, 1, { 0xe0, 0x00, 0x60, 0x0a, 0xea, 0x02, 0x04, 0x00 } },
    { 0x334a, 1, { 0xea, 0x6a, 0x72, 0x00, 0x6c, 0xbc, 0xb6, 0x00 } },
    { 0x334d, 1, { 0xa0, 0x4e, 0xa0, 0x00, 0x8c, 0xcc, 0x96, 0x00 } },
    { 0x3351, 1, { 0xa0, 0xae, 0x22, 0x00, 0x8c, 0xcc, 0x96, 0x00 } },
    { 0x3357, 1, { 0xe0, 0xae, 0x22, 0x40, 0x40, 0x60, 0x40, 0x00 } },
    { 0x337b, 1, { 0xe4, 0x4e, 0xec, 0x4c, 0xee, 0x4c, 0x52, 0x00 } },
    { 0x337c, 1, { 0x6c, 0xe6, 0xee, 0xa6, 0x8e, 0x6c, 0x64, 0x00 } },
    { 0x337d, 1, { 0x4e, 0x44, 0xe4, 0x4e, 0x4c, 0xac, 0xae, 0x00 } },
    { 0x337e, 1, { 0x6a, 0xe4, 0xec, 0xe6, 0x68, 0x6e, 0xae, 0x00 } },
    { 0x338e, 1, { 0x00, 0x00, 0xc6, 0xea, 0xe6, 0xe2, 0xac, 0x00 } },
    { 0x338f, 1, { 0x80, 0x80, 0xa6, 0xaa, 0xc6, 0xa2, 0xac, 0x00 } },
    { 0x339c, 1, { 0x00, 0x00, 0xcc, 0xee, 0xee, 0xee, 0xaa, 0x00 } },
    { 0x339d, 1, { 0x00, 0x00, 0x6c, 0x8e, 0x8e, 0x8e, 0x6a, 0x00 } },
    { 0x339e, 1, { 0x80, 0x80, 0xac, 0xae, 0xce, 0xae, 0xaa, 0x00 } },
    { 0x33a1, 1, { 0x06, 0x02, 0xd4, 0xae, 0xa8, 0xa8, 0xa8, 0x00 } },
    { 0x33c4, 1, { 0x00, 0x00, 0x66, 0x88, 0x88, 0x88, 0x66, 0x00 } },
    { 0x33cd, 1, { 0xaa, 0xaa, 0xaa, 0xcc, 0xaa, 0xaa, 0xaa, 0x00 } },
    { 0x4e00, 1, { 0x00, 0x00, 0x04, 0xfe, 0x00, 0x00, 0x00, 0x00 } },
    { 0x4e01, 1, { 0xfe, 0x10, 0x10, 0x10, 0x10, 0x10, 0x30, 0x00 } },
    { 0x4e03, 1, { 0x20, 0x20, 0x2e, 0xf0, 0x20, 0x22, 0x1e, 0x00 } },
    { 0x4e07, 1, { 0xfe, 0x20, 0x3c, 0x24, 0x24, 0x44, 0x8c, 0x00 } },
    { 0x4e08, 1, { 0x10, 0xfe, 0x10, 0x30, 0x10, 0x28, 0xc6, 0x00 } },
    { 0x4e09, 1, { 0x00, 0x7c, 0x00, 0x38, 0x00, 0x00, 0xfe, 0x00 } },
    { 0x4e0a, 1, { 0x10, 0x10, 0x1c, 0x10, 0x10, 0x10, 0xfe, 0x00 } },
    { 0x4e0b, 1, { 0xfe, 0x10, 0x18, 0x14, 0x10, 0x10, 0x10, 0x00 } },
    { 0x4e0d, 1, { 0xfe, 0x10, 0x10, 0x34, 0xd2, 0x10, 0x10, 0x00 } },
    { 0x4e0e, 1, { 0x20, 0x3c, 0x20, 0x38, 0xfe, 0x08, 0x18, 0x00 } },
    { 0x4e10, 1, { 0xfe, 0x10, 0x5c, 0x50, 0x7e, 0x02, 0x06, 0x00 } },
    { 0x4e11, 1, { 0x7c, 0x14, 0x14, 0xfe, 0x24, 0x24, 0xfe, 0x00 } },
    { 0x4e14, 1, { 0x7c, 0x44, 0x7c, 0x44, 0x7c, 0x44, 0xfe, 0x00 } },
    { 0x4e15, 1, { 0xfe, 0x10, 0x34, 0xd2, 0x10, 0x10, 0xfe, 0x00 } },
    { 0x4e16, 1, { 0x54, 0x54, 0xfe, 0x54, 0x5c, 0x40, 0x7e, 0x00 } },
    { 0x4e17, 1, { 0x54, 0x54, 0xfe, 0x54, 0x54, 0x54, 0x7c, 0x00 } },
    { 0x4e18, 1, { 0x0c, 0x70, 0x40, 0x7c, 0x48, 0x48, 0xfe, 0x00 } },
    { 0x4e19, 1, { 0xfe, 0x10, 0xfe, 0x92, 0xaa, 0xc2, 0x86, 0x00 } },
    { 0x4e1e, 1, { 0x7c, 0x08, 0xd2, 0x54, 0x92, 0x30, 0xfe, 0x00 } },
    { 0x4e21, 1, { 0xfe, 0x10, 0xfe, 0x92, 0xd6, 0xfe, 0x82, 0x00 } },
    { 0x4e26, 1, { 0x44, 0xfe, 0x28, 0xaa, 0xac, 0x28, 0xfe, 0x00 } },
    { 0x4e2a, 1, { 0x10, 0x28, 0xd6, 0x10, 0x10, 0x10, 0x10, 0x00 } },
    { 0x4e2d, 1, { 0x10, 0xfe, 0x92, 0x92, 0xfe, 0x10, 0x10, 0x00 } },
    { 0x4e31, 1, { 0x28, 0xaa, 0xaa, 0xaa, 0xee, 0x28, 0x48, 0x00 } },
    { 0x4e32, 1, { 0x10, 0x7c, 0x7c, 0x10, 0xfe, 0xfe, 0x10, 0x00 } },
    { 0x4e36, 1, { 0x00, 0x20, 0x10, 0x08, 0x08, 0x00, 0x00, 0x00 } },
    { 0x4e38, 1, { 0x20, 0xf8, 0x28, 0x68, 0x38, 0x4a, 0x8e, 0x00 } },
    { 0x4e39, 1, { 0x7c, 0x44, 0x54, 0x44, 0xfe, 0x44, 0x8c, 0x00 } },
    { 0x4e3b, 1, { 0x20, 0x10, 0xfe, 0x10, 0x7c, 0x10, 0xfe, 0x00 } },
    { 0x4e3c, 1, { 0x24, 0xfe, 0x34, 0x24, 0xfe, 0x24, 0x44, 0x00 } },
    { 0x4e3f, 1, { 0x08, 0x08, 0x08, 0x08, 0x08, 0x10, 0x60, 0x00 } },
    { 0x4e42, 1, { 0x44, 0x44, 0x28, 0x28, 0x10, 0x28, 0xc6, 0x00 } },
    { 0x4e43, 1, { 0xf8, 0x28, 0x2e, 0x22, 0x42, 0x42, 0x86, 0x00 } },
    { 0x4e45, 1, { 0x20, 0x3c, 0x44, 0x88, 0x08, 0x34, 0xc2, 0x00 } },
    { 0x4e4b, 1, { 0x10, 0x7c, 0x04, 0x08, 0x50, 0x60, 0x9e, 0x00 } },
    { 0x4e4d, 1, { 0x20, 0x3e, 0x50, 0x9e, 0x10, 0x1e, 0x10, 0x00 } },
    { 0x4e4e, 1, { 0x0e, 0xf0, 0x54, 0x10, 0xfe, 0x10, 0x30, 0x00 } },
    { 0x4e4f, 1, { 0x7c, 0x10, 0x7c, 0x08, 0x50, 0x60, 0x9e, 0x00 } },
    { 0x4e55, 1, { 0x06, 0x78, 0x7e, 0x7e, 0x48, 0x7e, 0xaa, 0x00 } },
    { 0x4e56, 1, { 0x0c, 0x70, 0xfe, 0xd6, 0x54, 0xd6, 0x10, 0x00 } },
    { 0x4e57, 1, { 0x0c, 0x70, 0xfe, 0x54, 0xfe, 0x38, 0xd6, 0x00 } },
    { 0x4e58, 1, { 0x0c, 0x70, 0xfe, 0x54, 0xd6, 0x38, 0xd6, 0x00 } },
    { 0x4e59, 1, { 0x78, 0x08, 0x10, 0x20, 0x40, 0x82, 0x7e, 0x00 } },
    { 0x4e5d, 1, { 0x20, 0xf8, 0x28, 0x28, 0x48, 0x4a, 0x8e, 0x00 } },
    { 0x4e5e, 1, { 0x40, 0x7e, 0xb8, 0x08, 0x30, 0x42, 0x3e, 0x00 } },
    { 0x4e5f, 1, { 0x10, 0x5c, 0x74, 0xd4, 0x50, 0x42, 0x3e, 0x00 } },
    { 0x4e62, 1, { 0x28, 0x28, 0x28, 0xa8, 0xa8, 0xfa, 0x0e, 0x00 } },
    { 0x4e71, 1, { 0x14, 0x64, 0xfc, 0x24, 0x74, 0x54, 0x76, 0x00 } },
    { 0x4e73, 1, { 0x3c, 0xd4, 0x04, 0x74, 0x14, 0xfc, 0x26, 0x00 } },
    { 0x4e7e, 1, { 0xf0, 0x5e, 0xec, 0xa4, 0x48, 0xf2, 0x4e, 0x00 } },
    { 0x4e80, 1, { 0x38, 0xc8, 0x7c, 0x7c, 0x94, 0xfc, 0x0e, 0x00 } },
    { 0x4e82, 1, { 0x74, 0xac, 0x74, 0x14, 0xf4, 0xb4, 0xd6, 0x00 } },
    { 0x4e85, 1, { 0x10, 0x10, 0x10, 0x10, 0x10, 0x10, 0x30, 0x00 } },
    { 0x4e86, 1, { 0xfe, 0x04, 0x18, 0x10, 0x10, 0x10, 0x30, 0x00 } },
    { 0x4e88, 1, { 0x7c, 0x28, 0x10, 0xfe, 0x12, 0x10, 0x30, 0x00 } },
    { 0x4e89, 1, { 0x38, 0xc8, 0x3c, 0xfe, 0x14, 0x7c, 0x30, 0x00 } },
    { 0x4e8a, 1, { 0x10, 0xfe, 0x54, 0x3c, 0xfe, 0x1c, 0x30, 0x00 } },
    { 0x4e8b, 1, { 0x10, 0xfe, 0x54, 0xfc, 0x16, 0xfc, 0x30, 0x00 } },
    { 0x4e8c, 1, { 0x00, 0x7c, 0x00, 0x00, 0x00, 0x04, 0xfe, 0x00 } },
    { 0x4e8e, 1, { 0x7c, 0x10, 0x10, 0xfe, 0x10, 0x10, 0x30, 0x00 } },
    { 0x4e91, 1, { 0x7c, 0x00, 0xfe, 0x10, 0x10, 0x24, 0xfa, 0x00 } },
    { 0x4e92, 1, { 0xfe, 0x20, 0x3c, 0x24, 0x78, 0x08, 0xfe, 0x00 } },
    { 0x4e94, 1, { 0x7c, 0x10, 0x10, 0x7c, 0x24, 0x24, 0xfe, 0x00 } },
    { 0x4e95, 1, { 0x24, 0xfe, 0x24, 0x24, 0xfe, 0x24, 0x44, 0x00 } },
    { 0x4e98, 1, { 0xfe, 0x7c, 0x44, 0x7c, 0x44, 0x7c, 0xfe, 0x00 } },
    { 0x4e99, 1, { 0xfe, 0x20, 0x3c, 0x2c, 0x54, 0x08, 0xfe, 0x00 } },
    { 0x4e9b, 1, { 0x24, 0xb6, 0xa4, 0xf6, 0x7c, 0x00, 0xfe, 0x00 } },
    { 0x4e9c, 1, { 0xfe, 0x28, 0xfe, 0xaa, 0xfe, 0x28, 0xfe, 0x00 } },
    { 0x4e9e, 1, { 0xfe, 0x28, 0xee, 0x82, 0xee, 0x28, 0xfe, 0x00 } },
    { 0x4e9f, 1, { 0xfe, 0x20, 0x3e, 0xda, 0xd4, 0x3a, 0xfe, 0x00 } },
    { 0x4ea0, 1, { 0x00, 0x10, 0x10, 0xfe, 0x00, 0x00, 0x00, 0x00 } },
    { 0x4ea1, 1, { 0x10, 0xfe, 0x40, 0x40, 0x40, 0x40, 0x3e, 0x00 } },
    { 0x4ea2, 1, { 0x10, 0xfe, 0x00, 0x38, 0x28, 0x2a, 0xce, 0x00 } },
    { 0x4ea4, 1, { 0x10, 0xfe, 0x28, 0xc6, 0x28, 0x10, 0xee, 0x00 } },
    { 0x4ea5, 1, { 0x10, 0xfe, 0x20, 0x54, 0x28, 0x14, 0xe2, 0x00 } },
    { 0x4ea6, 1, { 0x10, 0xfe, 0x28, 0x6c, 0x6a, 0xaa, 0x58, 0x00 } },
    { 0x4ea8, 1, { 0x10, 0xfe, 0x44, 0x7c, 0x08, 0x10, 0x30, 0x00 } },
    { 0x4eab, 1, { 0x10, 0xfe, 0x44, 0x7c, 0x08, 0xfe, 0x10, 0x00 } },
    { 0x4eac, 1, { 0x10, 0xfe, 0x44, 0x7c, 0x10, 0x54, 0xb2, 0x00 } },
    { 0x4ead, 1, { 0x10, 0xfe, 0x44, 0xfe, 0xba, 0x10, 0x30, 0x00 } },
    { 0x4eae, 1, { 0x10, 0xfe, 0x44, 0xfe, 0x82, 0x28, 0xce, 0x00 } },
    { 0x4eb0, 1, { 0x10, 0xfe, 0x44, 0x7c, 0x7c, 0x54, 0xb2, 0x00 } },
    { 0x4eb3, 1, { 0x10, 0xfe, 0x44, 0xfe, 0x9a, 0x70, 0x1e, 0x00 } },
    { 0x4eb6, 1, { 0x10, 0xfe, 0x6c, 0x7c, 0x38, 0x28, 0xfe, 0x00 } },
    { 0x4eba, 1, { 0x10, 0x10, 0x10, 0x28, 0x28, 0x44, 0x82, 0x00 } },
    { 0x4ec0, 1, { 0x28, 0x48, 0xfe, 0x48, 0x48, 0x48, 0x48, 0x00 } },
    { 0x4ec1, 1, { 0x20, 0x5e, 0xc0, 0x40, 0x40, 0x40, 0x5e, 0x00 } },
    { 0x4ec2, 1, { 0x28, 0x5e, 0xca, 0x4a, 0x4a, 0x4a, 0x56, 0x00 } },
    { 0x4ec4, 1, { 0x7e, 0x48, 0x48, 0x48, 0x48, 0x54, 0xa2, 0x00 } },
    { 0x4ec6, 1, { 0x28, 0x48, 0xc8, 0x4c, 0x4a, 0x48, 0x48, 0x00 } },
    { 0x4ec7, 1, { 0x28, 0x7c, 0xd4, 0x54, 0x54, 0x54, 0x66, 0x00 } },
    { 0x4eca, 1, { 0x10, 0x28, 0xde, 0x00, 0x7c, 0x08, 0x30, 0x00 } },
    { 0x4ecb, 1, { 0x10, 0x28, 0xc6, 0x28, 0x28, 0x28, 0x48, 0x00 } },
    { 0x4ecd, 1, { 0x3c, 0x54, 0xd6, 0x52, 0x52, 0x52, 0x66, 0x00 } },
    { 0x4ece, 1, { 0x24, 0x24, 0x24, 0x24, 0x54, 0x4a, 0x92, 0x00 } },
    { 0x4ecf, 1, { 0x28, 0x48, 0xc8, 0x48, 0x50, 0x54, 0x7a, 0x00 } },
    { 0x4ed4, 1, { 0x3c, 0x44, 0xc8, 0x7e, 0x48, 0x48, 0x58, 0x00 } },
    { 0x4ed5, 1, { 0x28, 0x48, 0xfe, 0x48, 0x48, 0x48, 0x5c, 0x00 } },
    { 0x4ed6, 1, { 0x24, 0x54, 0xde, 0x76, 0x54, 0x52, 0x5e, 0x00 } },
    { 0x4ed7, 1, { 0x28, 0x7e, 0xc8, 0x58, 0x48, 0x54, 0x62, 0x00 } },
    { 0x4ed8, 1, { 0x24, 0x5e, 0xc4, 0x54, 0x4c, 0x44, 0x4c, 0x00 } },
    { 0x4ed9, 1, { 0x28, 0x48, 0xea, 0x6a, 0x6a, 0x6a, 0x7e, 0x00 } },
    { 0x4edd, 1, { 0x10, 0x28, 0xc6, 0x7c, 0x10, 0x10, 0xfe, 0x00 } },
    { 0x4ede, 1, { 0x3e, 0x4a, 0xda, 0x5a, 0x6a, 0x4a, 0x56, 0x00 } },
    { 0x4edf, 1, { 0x24, 0x58, 0xc8, 0x7e, 0x48, 0x48, 0x48, 0x00 } },
    { 0x4ee3, 1, { 0x2a, 0x48, 0xde, 0x48, 0x44, 0x44, 0x42, 0x00 } },
    { 0x4ee4, 1, { 0x10, 0x28, 0xde, 0x00, 0xfe, 0x12, 0x10, 0x00 } },
    { 0x4ee5, 1, { 0x44, 0x54, 0x4c, 0x44, 0x64, 0x8c, 0x32, 0x00 } },
    { 0x4eed, 1, { 0x3e, 0x4a, 0xda, 0x4a, 0x4e, 0x4a, 0x56, 0x00 } },
    { 0x4eee, 1, { 0x3e, 0x50, 0xde, 0x5a, 0x5a, 0x64, 0x5a, 0x00 } },
    { 0x4ef0, 1, { 0x50, 0x6e, 0xea, 0xea, 0x7a, 0x68, 0x48, 0x00 } },
    { 0x4ef2, 1, { 0x28, 0x7e, 0xea, 0x6a, 0x7e, 0x48, 0x48, 0x00 } },
    { 0x4ef6, 1, { 0x2c, 0x4e, 0xd4, 0x44, 0x5e, 0x44, 0x44, 0x00 } },
    { 0x4ef7, 1, { 0x28, 0x54, 0xe2, 0x54, 0x54, 0x54, 0x64, 0x00 } },
    { 0x4efb, 1, { 0x24, 0x58, 0xc8, 0x7e, 0x48, 0x48, 0x5c, 0x00 } },
    { 0x4f01, 1, { 0x10, 0x28, 0xd6, 0x10, 0x5c, 0x50, 0xfe, 0x00 } },
    { 0x4f09, 1, { 0x28, 0x7e, 0xc0, 0x5c, 0x54, 0x54, 0x66, 0x00 } },
    { 0x4f0a, 1, { 0x3e, 0x4a, 0xfe, 0x4a, 0x5e, 0x48, 0x50, 0x00 } },
    { 0x4f0d, 1, { 0x3c, 0x48, 0xc8, 0x7c, 0x54, 0x54, 0x7e, 0x00 } },
    { 0x4f0e, 1, { 0x28, 0x7e, 0xc8, 0x7c, 0x54, 0x48, 0x76, 0x00 } },
    { 0x4f0f, 1, { 0x2a, 0x48, 0xfe, 0x48, 0x48, 0x54, 0x62, 0x00 } },
    { 0x4f10, 1, { 0x2a, 0x48, 0xde, 0x48, 0x4a, 0x44, 0x5a, 0x00 } },
    { 0x4f11, 1, { 0x28, 0x7e, 0xc8, 0x5c, 0x5c, 0x6a, 0x48, 0x00 } },
    { 0x4f1a, 1, { 0x10, 0x28, 0xde, 0x00, 0xfe, 0x24, 0xfa, 0x00 } },
    { 0x4f1c, 1, { 0x28, 0x7c, 0xd4, 0x66, 0x48, 0x7e, 0x48, 0x00 } },
    { 0x4f1d, 1, { 0x3c, 0x40, 0xfe, 0x48, 0x48, 0x54, 0x7a, 0x00 } },
    { 0x4f2f, 1, { 0x28, 0x5e, 0xd2, 0x5e, 0x52, 0x52, 0x5e, 0x00 } },
    { 0x4f30, 1, { 0x28, 0x48, 0xfe, 0x48, 0x5c, 0x54, 0x5c, 0x00 } },
    { 0x4f34, 1, { 0x24, 0x56, 0xc4, 0x5e, 0x44, 0x5e, 0x44, 0x00 } },
    { 0x4f36, 1, { 0x28, 0x54, 0xee, 0x40, 0x7e, 0x4a, 0x48, 0x00 } },
    { 0x4f38, 1, { 0x28, 0x7e, 0xea, 0x7e, 0x6a, 0x7e, 0x48, 0x00 } },
    { 0x4f3a, 1, { 0x3e, 0x42, 0xda, 0x42, 0x5a, 0x5a, 0x46, 0x00 } },
    { 0x4f3c, 1, { 0x32, 0x56, 0xd2, 0x5a, 0x72, 0x44, 0x5a, 0x00 } },
    { 0x4f3d, 1, { 0x50, 0x7e, 0xda, 0xda, 0x6a, 0x4e, 0x58, 0x00 } },
    { 0x4f43, 1, { 0x3e, 0x6a, 0xea, 0x7e, 0x6a, 0x6a, 0x7e, 0x00 } },
    { 0x4f46, 1, { 0x3e, 0x52, 0xde, 0x52, 0x5e, 0x40, 0x5e, 0x00 } },
    { 0x4f47, 1, { 0x24, 0x5e, 0xd2, 0x4e, 0x44, 0x44, 0x4c, 0x00 } },
    { 0x4f4d, 1, { 0x28, 0x7e, 0xd4, 0x54, 0x54, 0x58, 0x7e, 0x00 } },
    { 0x4f4e, 1, { 0x22, 0x5c, 0xd4, 0x5e, 0x54, 0x52, 0x5e, 0x00 } },
    { 0x4f4f, 1, { 0x28, 0x44, 0xde, 0x44, 0x4e, 0x44, 0x5e, 0x00 } },
    { 0x4f50, 1, { 0x28, 0x5e, 0xc8, 0x4e, 0x54, 0x44, 0x5e, 0x00 } },
    { 0x4f51, 1, { 0x28, 0x5e, 0xc8, 0x4e, 0x5a, 0x4a, 0x4e, 0x00 } },
    { 0x4f53, 1, { 0x28, 0x7e, 0xc8, 0x5c, 0x6a, 0x5c, 0x48, 0x00 } },
    { 0x4f55, 1, { 0x3e, 0x42, 0xde, 0x56, 0x5e, 0x42, 0x46, 0x00 } },
    { 0x4f57, 1, { 0x28, 0x7e, 0xe2, 0x54, 0x58, 0x52, 0x5e, 0x00 } },
    { 0x4f59, 1, { 0x10, 0x28, 0xfe, 0x10, 0xfe, 0x54, 0xb2, 0x00 } },
    { 0x4f5a, 1, { 0x2c, 0x4e, 0xd4, 0x5e, 0x44, 0x44, 0x5a, 0x00 } },
    { 0x4f5b, 1, { 0x54, 0x7e, 0xde, 0xf4, 0x7e, 0x56, 0x64, 0x00 } },
    { 0x4f5c, 1, { 0x28, 0x4e, 0xd8, 0x4e, 0x48, 0x4e, 0x48, 0x00 } },
    { 0x4f5d, 1, { 0x28, 0x4e, 0xd2, 0x4e, 0x4e, 0x42, 0x46, 0x00 } },
    { 0x4f5e, 1, { 0x2c, 0x40, 0xde, 0x48, 0x5e, 0x4c, 0x5a, 0x00 } },
    { 0x4f69, 1, { 0x3e, 0x62, 0xfe, 0x6a, 0x7e, 0x7e, 0x6a, 0x00 } },
    { 0x4f6f, 1, { 0x2a, 0x5e, 0xc4, 0x4e, 0x44, 0x5e, 0x44, 0x00 } },
    { 0x4f70, 1, { 0x3e, 0x48, 0xde, 0x52, 0x5e, 0x52, 0x5e, 0x00 } },
    { 0x4f73, 1, { 0x28, 0x5c, 0xc8, 0x7e, 0x5c, 0x48, 0x7e, 0x00 } },
    { 0x4f75, 1, { 0x34, 0x40, 0xfe, 0x54, 0x7e, 0x54, 0x64, 0x00 } },
    { 0x4f76, 1, { 0x28, 0x7e, 0xc8, 0x5c, 0x40, 0x5c, 0x5c, 0x00 } },
    { 0x4f7b, 1, { 0x54, 0x76, 0xd4, 0xf6, 0x54, 0x54, 0x66, 0x00 } },
    { 0x4f7c, 1, { 0x28, 0x7e, 0xd4, 0x62, 0x54, 0x48, 0x76, 0x00 } },
    { 0x4f7f, 1, { 0x28, 0x7e, 0xda, 0x5e, 0x78, 0x48, 0x76, 0x00 } },
    { 0x4f83, 1, { 0x3e, 0x52, 0xde, 0x40, 0x5a, 0x5a, 0x6a, 0x00 } },
    { 0x4f86, 1, { 0x10, 0xfe, 0x54, 0x54, 0xba, 0x38, 0xd6, 0x00 } },
    { 0x4f88, 1, { 0x2c, 0x54, 0xc8, 0x76, 0x4a, 0x44, 0x58, 0x00 } },
    { 0x4f8b, 1, { 0x3a, 0x56, 0xde, 0x6e, 0x5a, 0x52, 0x66, 0x00 } },
    { 0x4f8d, 1, { 0x28, 0x5c, 0xc8, 0x7e, 0x44, 0x7e, 0x54, 0x00 } },
    { 0x4f8f, 1, { 0x38, 0x5c, 0xe8, 0x7e, 0x48, 0x5c, 0x6a, 0x00 } },
    { 0x4f91, 1, { 0x28, 0x5e, 0xc8, 0x4e, 0x5a, 0x4e, 0x4a, 0x00 } },
    { 0x4f96, 1, { 0x10, 0x28, 0xde, 0x00, 0xfe, 0xfe, 0xaa, 0x00 } },
    { 0x4f98, 1, { 0x28, 0x7e, 0xe6, 0x58, 0x7e, 0x48, 0x4e, 0x00 } },
    { 0x4f9b, 1, { 0x54, 0x7e, 0xd4, 0xd4, 0x7e, 0x40, 0x62, 0x00 } },
    { 0x4f9d, 1, { 0x28, 0x7e, 0xc8, 0x5a, 0x74, 0x54, 0x5a, 0x00 } },
    { 0x4fa0, 1, { 0x28, 0x7e, 0xc8, 0x6a, 0x7e, 0x48, 0x76, 0x00 } },
    { 0x4fa1, 1, { 0x3e, 0x48, 0xde, 0x5a, 0x5a, 0x5a, 0x5e, 0x00 } },
    { 0x4fab, 1, { 0x28, 0x7e, 0xd0, 0x5c, 0x7e, 0x54, 0x7a, 0x00 } },
    { 0x4fad, 1, { 0x3e, 0x52, 0xde, 0x54, 0x6a, 0x40, 0x4c, 0x00 } },
    { 0x4fae, 1, { 0x30, 0x5e, 0xcc, 0x7e, 0x54, 0x5e, 0x44, 0x00 } },
    { 0x4faf, 1, { 0x2c, 0x44, 0xde, 0x48, 0x5e, 0x44, 0x5a, 0x00 } },
    { 0x4fb5, 1, { 0x3c, 0x44, 0xdc, 0x7e, 0x76, 0x48, 0x76, 0x00 } },
    { 0x4fb6, 1, { 0x3e, 0x52, 0xde, 0x48, 0x5e, 0x52, 0x5e, 0x00 } },
    { 0x4fbf, 1, { 0x3e, 0x5c, 0xdc, 0x48, 0x58, 0x48, 0x76, 0x00 } },
    { 0x4fc2, 1, { 0x3e, 0x48, 0xd0, 0x4a, 0x7e, 0x48, 0x6a, 0x00 } },
    { 0x4fc3, 1, { 0x3e, 0x52, 0xde, 0x44, 0x56, 0x54, 0x6e, 0x00 } },
    { 0x4fc4, 1, { 0x4e, 0x74, 0xfe, 0xd4, 0x56, 0x7c, 0x52, 0x00 } },
    { 0x4fca, 1, { 0x32, 0x7e, 0xd4, 0x66, 0x5c, 0x68, 0x56, 0x00 } },
    { 0x4fce, 1, { 0x5c, 0x54, 0xbc, 0x14, 0x5c, 0x54, 0xbe, 0x00 } },
    { 0x4fd0, 1, { 0x3a, 0x56, 0xfe, 0x56, 0x7a, 0x72, 0x56, 0x00 } },
    { 0x4fd1, 1, { 0x3e, 0x44, 0xfe, 0x6a, 0x7e, 0x6a, 0x6a, 0x00 } },
    { 0x4fd4, 1, { 0x3e, 0x52, 0xde, 0x52, 0x5e, 0x4c, 0x56, 0x00 } },
    { 0x4fd7, 1, { 0x54, 0x62, 0xc8, 0xd4, 0x62, 0x5c, 0x5c, 0x00 } },
    { 0x4fd8, 1, { 0x3c, 0x6a, 0xc0, 0x5c, 0x44, 0x7e, 0x48, 0x00 } },
    { 0x4fda, 1, { 0x3e, 0x6a, 0xfe, 0x6a, 0x7e, 0x48, 0x7e, 0x00 } },
    { 0x4fdb, 1, { 0x2c, 0x54, 0xfe, 0x6a, 0x7e, 0x54, 0x66, 0x00 } },
    { 0x4fdd, 1, { 0x3c, 0x54, 0xdc, 0x48, 0x7e, 0x5c, 0x6a, 0x00 } },
    { 0x4fdf, 1, { 0x28, 0x52, 0xde, 0x48, 0x5e, 0x44, 0x5a, 0x00 } },
    { 0x4fe1, 1, { 0x2c, 0x5e, 0xc0, 0x4c, 0x40, 0x5e, 0x5e, 0x00 } },
    { 0x4fe3, 1, { 0x3c, 0x54, 0xfe, 0x48, 0x5c, 0x48, 0x76, 0x00 } },
    { 0x4fe4, 1, { 0x54, 0x7e, 0xca, 0xfe, 0x68, 0x5e, 0x6a, 0x00 } },
    { 0x4fe5, 1, { 0x28, 0x7e, 0xdc, 0x5c, 0x5c, 0x7e, 0x48, 0x00 } },
    { 0x4fee, 1, { 0x28, 0x6e, 0xf4, 0x6a, 0x64, 0x62, 0x4c, 0x00 } },
    { 0x4fef, 1, { 0x28, 0x7e, 0xe0, 0x6a, 0x76, 0x72, 0x56, 0x00 } },
    { 0x4ff3, 1, { 0x54, 0x76, 0xd4, 0xf6, 0x54, 0x76, 0x54, 0x00 } },
    { 0x4ff5, 1, { 0x28, 0x7e, 0xc8, 0x7c, 0x5a, 0x74, 0x5a, 0x00 } },
    { 0x4ff6, 1, { 0x36, 0x5a, 0xd2, 0x7a, 0x54, 0x74, 0x5a, 0x00 } },
    { 0x4ff8, 1, { 0x28, 0x5c, 0xfe, 0x54, 0x6a, 0x5c, 0x48, 0x00 } },
    { 0x4ffa, 1, { 0x28, 0x7e, 0xd4, 0x6a, 0x5c, 0x5c, 0x46, 0x00 } },
    { 0x4ffe, 1, { 0x28, 0x7e, 0xea, 0x7e, 0x54, 0x7e, 0x44, 0x00 } },
    { 0x5005, 1, { 0x28, 0x7e, 0xd4, 0x54, 0x6a, 0x7e, 0x48, 0x00 } },
    { 0x5006, 1, { 0x3e, 0x48, 0xfe, 0x6a, 0x7e, 0x7e, 0x6a, 0x00 } },
    { 0x5009, 1, { 0x10, 0x28, 0xfe, 0x38, 0x20, 0x5c, 0x9c, 0x00 } },
    { 0x500b, 1, { 0x3e, 0x6a, 0xfe, 0x6a, 0x76, 0x7e, 0x7e, 0x00 } },
    { 0x500d, 1, { 0x28, 0x7e, 0xd4, 0x7e, 0x40, 0x5c, 0x5c, 0x00 } },
    { 0x500f, 1, { 0x2c, 0x74, 0xe8, 0x74, 0x7e, 0x48, 0x76, 0x00 } },
    { 0x5011, 1, { 0x36, 0x76, 0xf6, 0x62, 0x62, 0x62, 0x66, 0x00 } },
    { 0x5012, 1, { 0x3a, 0x56, 0xe6, 0x7e, 0x52, 0x7a, 0x46, 0x00 } },
    { 0x5014, 1, { 0x3e, 0x62, 0xfe, 0x6e, 0x64, 0x76, 0x5e, 0x00 } },
    { 0x5016, 1, { 0x28, 0x5c, 0xfe, 0x54, 0x7e, 0x5c, 0x48, 0x00 } },
    { 0x5019, 1, { 0x2c, 0x64, 0xfe, 0x68, 0x7e, 0x64, 0x5a, 0x00 } },
    { 0x501a, 1, { 0x28, 0x7e, 0xc8, 0x54, 0x7e, 0x44, 0x54, 0x00 } },
    { 0x501f, 1, { 0x54, 0x7e, 0xd4, 0xfe, 0x5c, 0x54, 0x5c, 0x00 } },
    { 0x5021, 1, { 0x2c, 0x4c, 0xde, 0x52, 0x5e, 0x52, 0x5e, 0x00 } },
    { 0x5023, 1, { 0x54, 0x7e, 0xd6, 0xde, 0x6e, 0x4c, 0x5a, 0x00 } },
    { 0x5024, 1, { 0x24, 0x5e, 0xc4, 0x56, 0x56, 0x50, 0x5e, 0x00 } },
    { 0x5025, 1, { 0x28, 0x7e, 0xf6, 0x40, 0x5c, 0x48, 0x7e, 0x00 } },
    { 0x5026, 1, { 0x2a, 0x5c, 0xfe, 0x54, 0x6a, 0x50, 0x5c, 0x00 } },
    { 0x5028, 1, { 0x3e, 0x5e, 0xd4, 0x5e, 0x54, 0x6a, 0x4e, 0x00 } },
    { 0x5029, 1, { 0x28, 0x5c, 0xc8, 0x7e, 0x5c, 0x5c, 0x54, 0x00 } },
    { 0x502a, 1, { 0x36, 0x62, 0xf6, 0x62, 0x7e, 0x54, 0x66, 0x00 } },
    { 0x502b, 1, { 0x28, 0x54, 0xee, 0x40, 0x7e, 0x7e, 0x6a, 0x00 } },
    { 0x502c, 1, { 0x28, 0x4e, 0xdc, 0x54, 0x5c, 0x7e, 0x48, 0x00 } },
    { 0x502d, 1, { 0x5c, 0x7e, 0xdc, 0xea, 0x7e, 0x54, 0x7a, 0x00 } },
    { 0x5036, 1, { 0x3c, 0x54, 0xdc, 0x54, 0x7e, 0x40, 0x62, 0x00 } },
    { 0x5039, 1, { 0x28, 0x54, 0xfe, 0x6a, 0x7e, 0x48, 0x76, 0x00 } },
    { 0x5043, 1, { 0x3e, 0x6c, 0xec, 0x7a, 0x64, 0x6a, 0x7e, 0x00 } },
    { 0x5047, 1, { 0x36, 0x72, 0xe6, 0x7e, 0x6a, 0x74, 0x6a, 0x00 } },
    { 0x5048, 1, { 0x3c, 0x54, 0xdc, 0x5e, 0x72, 0x5a, 0x46, 0x00 } },
    { 0x5049, 1, { 0x28, 0x5e, 0xca, 0x7e, 0x54, 0x7e, 0x44, 0x00 } },
    { 0x504f, 1, { 0x3e, 0x54, 0xdc, 0x50, 0x5e, 0x6e, 0x4a, 0x00 } },
    { 0x5050, 1, { 0x24, 0x5e, 0xcc, 0x5e, 0x54, 0x62, 0x4c, 0x00 } },
    { 0x5055, 1, { 0x24, 0x76, 0xe4, 0x76, 0x48, 0x5c, 0x5c, 0x00 } },
    { 0x5056, 1, { 0x2a, 0x5c, 0xc8, 0x7e, 0x54, 0x6e, 0x4e, 0x00 } },
    { 0x505a, 1, { 0x54, 0x7e, 0xd6, 0xfe, 0x6e, 0x7c, 0x4a, 0x00 } },
    { 0x505c, 1, { 0x28, 0x7e, 0xd4, 0x7e, 0x5e, 0x48, 0x58, 0x00 } },
    { 0x5065, 1, { 0x34, 0x5e, 0xee, 0x54, 0x7e, 0x54, 0x6e, 0x00 } },
    { 0x506c, 1, { 0x30, 0x5e, 0xea, 0x5a, 0x44, 0x72, 0x6e, 0x00 } },
    { 0x5072, 1, { 0x3e, 0x5a, 0xde, 0x5e, 0x40, 0x72, 0x6e, 0x00 } },
    { 0x5074, 1, { 0x3a, 0x6e, 0xfe, 0x6e, 0x7a, 0x42, 0x6a, 0x00 } },
    { 0x5075, 1, { 0x28, 0x4e, 0xdc, 0x54, 0x5c, 0x5c, 0x62, 0x00 } },
    { 0x5076, 1, { 0x3c, 0x5c, 0xc8, 0x7e, 0x6a, 0x6e, 0x7a, 0x00 } },
    { 0x5078, 1, { 0x38, 0x54, 0xee, 0x40, 0x5a, 0x5c, 0x5a, 0x00 } },
    { 0x507d, 1, { 0x54, 0x7c, 0xcc, 0xd4, 0x7e, 0x42, 0x6a, 0x00 } },
    { 0x5080, 1, { 0x28, 0x7e, 0xea, 0x7e, 0x6a, 0x5c, 0x6e, 0x00 } },
    { 0x5085, 1, { 0x2a, 0x7e, 0xdc, 0x54, 0x7e, 0x54, 0x4c, 0x00 } },
    { 0x508d, 1, { 0x28, 0x7e, 0xd4, 0x7e, 0x6a, 0x4c, 0x54, 0x00 } },
    { 0x5091, 1, { 0x5a, 0x6e, 0xd6, 0xea, 0x7e, 0x5c, 0x6a, 0x00 } },
    { 0x5098, 1, { 0x10, 0x28, 0xd6, 0x38, 0x54, 0xfe, 0x10, 0x00 } },
    { 0x5099, 1, { 0x54, 0x7e, 0xd4, 0xfe, 0x60, 0x5e, 0x56, 0x00 } },
    { 0x509a, 1, { 0x54, 0x7e, 0xee, 0xc6, 0x6e, 0x54, 0x6a, 0x00 } },
    { 0x50ac, 1, { 0x2a, 0x7e, 0xd4, 0x5e, 0x74, 0x54, 0x5e, 0x00 } },
    { 0x50ad, 1, { 0x24, 0x7e, 0xec, 0x7e, 0x76, 0x7e, 0x56, 0x00 } },
    { 0x50b2, 1, { 0x54, 0x7e, 0xd6, 0xfe, 0x56, 0x5c, 0x6a, 0x00 } },
    { 0x50b3, 1, { 0x28, 0x7e, 0xdc, 0x5a, 0x7e, 0x54, 0x4c, 0x00 } },
    { 0x50b4, 1, { 0x3e, 0x6c, 0xec, 0x60, 0x76, 0x76, 0x7e, 0x00 } },
    { 0x50b5, 1, { 0x28, 0x5c, 0xc8, 0x7e, 0x5c, 0x5c, 0x62, 0x00 } },
    { 0x50b7, 1, { 0x30, 0x5e, 0xf4, 0x5c, 0x5e, 0x6a, 0x56, 0x00 } },
    { 0x50be, 1, { 0x2e, 0x64, 0xfe, 0x6a, 0x6e, 0x70, 0x4a, 0x00 } },
    { 0x50c2, 1, { 0x28, 0x5c, 0xf6, 0x5c, 0x7e, 0x54, 0x7a, 0x00 } },
    { 0x50c5, 1, { 0x54, 0x7e, 0xd4, 0xfe, 0x7e, 0x48, 0x7e, 0x00 } },
    { 0x50c9, 1, { 0x10, 0x28, 0xfe, 0xaa, 0xee, 0x44, 0xaa, 0x00 } },
    { 0x50ca, 1, { 0x3e, 0x5c, 0xfe, 0x54, 0x6a, 0x50, 0x5c, 0x00 } },
    { 0x50cd, 1, { 0x34, 0x5e, 0xf6, 0x76, 0x56, 0x7a, 0x4a, 0x00 } },
    { 0x50cf, 1, { 0x2c, 0x74, 0xdc, 0x5c, 0x5a, 0x6c, 0x5a, 0x00 } },
    { 0x50d1, 1, { 0x5c, 0x7e, 0xd4, 0xea, 0x7e, 0x62, 0x6a, 0x00 } },
    { 0x50d5, 1, { 0x2a, 0x7e, 0xd4, 0x7e, 0x5c, 0x48, 0x76, 0x00 } },
    { 0x50d6, 1, { 0x28, 0x7e, 0xdc, 0x54, 0x7e, 0x54, 0x5c, 0x00 } },
    { 0x50da, 1, { 0x28, 0x7e, 0xd4, 0x7e, 0x54, 0x48, 0x6a, 0x00 } },
    { 0x50de, 1, { 0x3c, 0x6a, 0xdc, 0x54, 0x7e, 0x42, 0x6a, 0x00 } },
    { 0x50e3, 1, { 0x54, 0x7e, 0xd4, 0xea, 0x5c, 0x54, 0x5c, 0x00 } },
    { 0x50e5, 1, { 0x28, 0x5c, 0xfe, 0x76, 0x7e, 0x54, 0x66, 0x00 } },
    { 0x50e7, 1, { 0x54, 0x7e, 0xea, 0xfe, 0x5c, 0x54, 0x5c, 0x00 } },
    { 0x50ed, 1, { 0x54, 0x5e, 0xfe, 0xd4, 0x6a, 0x5c, 0x5c, 0x00 } },
    { 0x50ee, 1, { 0x28, 0x7e, 0xd4, 0x7e, 0x5c, 0x48, 0x7e, 0x00 } },
    { 0x50f5, 1, { 0x3e, 0x4c, 0xcc, 0x5e, 0x4c, 0x4c, 0x5e, 0x00 } },
    { 0x50f9, 1, { 0x3e, 0x5c, 0xc0, 0x5c, 0x5c, 0x5c, 0x62, 0x00 } },
    { 0x50fb, 1, { 0x24, 0x7e, 0xfa, 0x6e, 0x74, 0x7e, 0x44, 0x00 } },
    { 0x5100, 1, { 0x54, 0x7e, 0xc8, 0xfe, 0x56, 0x7c, 0x52, 0x00 } },
    { 0x5101, 1, { 0x54, 0x5e, 0xf4, 0xde, 0x76, 0x6a, 0x62, 0x00 } },
    { 0x5102, 1, { 0x2a, 0x5e, 0xde, 0x40, 0x5e, 0x74, 0x5a, 0x00 } },
    { 0x5104, 1, { 0x28, 0x7e, 0xd4, 0x7e, 0x5c, 0x72, 0x6e, 0x00 } },
    { 0x5109, 1, { 0x28, 0x54, 0xfe, 0x6a, 0x7e, 0x54, 0x6a, 0x00 } },
    { 0x5112, 1, { 0x5c, 0x7e, 0xea, 0xdc, 0x48, 0x7e, 0x6a, 0x00 } },
    { 0x5114, 1, { 0x28, 0x5c, 0xfe, 0x48, 0x7e, 0x74, 0x4c, 0x00 } },
    { 0x5115, 1, { 0x28, 0x7e, 0xd4, 0x6a, 0x54, 0x5c, 0x64, 0x00 } },
    { 0x5116, 1, { 0x34, 0x66, 0xe0, 0x76, 0x40, 0x5c, 0x7e, 0x00 } },
    { 0x5118, 1, { 0x28, 0x5c, 0xce, 0x5c, 0x6a, 0x5c, 0x7e, 0x00 } },
    { 0x511a, 1, { 0x54, 0x7e, 0xdc, 0xfe, 0x6e, 0x44, 0x58, 0x00 } },
    { 0x511f, 1, { 0x2a, 0x5c, 0xf6, 0x5c, 0x5c, 0x5c, 0x62, 0x00 } },
    { 0x5121, 1, { 0x3c, 0x5c, 0xdc, 0x40, 0x76, 0x76, 0x76, 0x00 } },
    { 0x512a, 1, { 0x3e, 0x5c, 0xdc, 0x7e, 0x76, 0x48, 0x76, 0x00 } },
    { 0x5132, 1, { 0x24, 0x7e, 0xc4, 0x6e, 0x48, 0x76, 0x76, 0x00 } },
    { 0x5137, 1, { 0x36, 0x6a, 0xfe, 0x6c, 0x7e, 0x64, 0x76, 0x00 } },
    { 0x513a, 1, { 0x2a, 0x7c, 0xd6, 0x7c, 0x7e, 0x54, 0x6e, 0x00 } },
    { 0x513b, 1, { 0x2a, 0x7e, 0xea, 0x5c, 0x7e, 0x40, 0x6a, 0x00 } },
    { 0x513c, 1, { 0x36, 0x7e, 0xf4, 0x7e, 0x7a, 0x7c, 0x6a, 0x00 } },
    { 0x513f, 1, { 0x28, 0x28, 0x28, 0x28, 0x28, 0x4a, 0x8e, 0x00 } },
    { 0x5140, 1, { 0xfe, 0x28, 0x28, 0x28, 0x28, 0x4a, 0x8e, 0x00 } },
    { 0x5141, 1, { 0x10, 0x24, 0xfa, 0x28, 0x28, 0x4a, 0x8e, 0x00 } },
    { 0x5143, 1, { 0x7c, 0x00, 0xfe, 0x28, 0x28, 0x4a, 0x8e, 0x00 } },
    { 0x5144, 1, { 0x7c, 0x44, 0x44, 0x7c, 0x28, 0x2a, 0xce, 0x00 } },
    { 0x5145, 1, { 0x10, 0xfe, 0x28, 0x74, 0x28, 0x2a, 0xce, 0x00 } },
    { 0x5146, 1, { 0x28, 0xaa, 0x2c, 0x6c, 0xaa, 0x28, 0xce, 0x00 } },
    { 0x5147, 1, { 0x6c, 0x54, 0x6c, 0x44, 0x7c, 0x2a, 0xce, 0x00 } },
    { 0x5148, 1, { 0x50, 0x7c, 0x90, 0xfe, 0x28, 0x2a, 0xce, 0x00 } },
    { 0x5149, 1, { 0x10, 0x54, 0x10, 0xfe, 0x28, 0x2a, 0xce, 0x00 } },
    { 0x514b, 1, { 0x10, 0xfe, 0x7c, 0x44, 0x7c, 0x2a, 0xce, 0x00 } },
    { 0x514c, 1, { 0x28, 0x44, 0xfe, 0x44, 0x7c, 0x2a, 0xce, 0x00 } },
    { 0x514d, 1, { 0x38, 0xc8, 0x7c, 0x54, 0x7c, 0x2a, 0xce, 0x00 } },
    { 0x514e, 1, { 0x0c, 0xf0, 0x7c, 0x54, 0x7c, 0x2a, 0xce, 0x00 } },
    { 0x5150, 1, { 0x5c, 0x54, 0x5c, 0x54, 0x5c, 0x2a, 0xce, 0x00 } },
    { 0x5152, 1, { 0x2c, 0x44, 0x6c, 0x44, 0x7c, 0x2a, 0xce, 0x00 } },
    { 0x5154, 1, { 0x38, 0xc8, 0x7e, 0x52, 0x7e, 0x34, 0xde, 0x00 } },
    { 0x515a, 1, { 0x54, 0xfe, 0xba, 0x28, 0x38, 0x2a, 0xce, 0x00 } },
    { 0x515c, 1, { 0x56, 0xaa, 0xba, 0xaa, 0xfe, 0x28, 0xce, 0x00 } },
    { 0x5162, 1, { 0x24, 0xfe, 0x24, 0x5a, 0x7e, 0x6c, 0xb6, 0x00 } },
    { 0x5165, 1, { 0x70, 0x10, 0x10, 0x28, 0x28, 0x44, 0x82, 0x00 } },
    { 0x5168, 1, { 0x10, 0x28, 0xfe, 0x10, 0x7c, 0x10, 0xfe, 0x00 } },
    { 0x5169, 1, { 0xfe, 0x10, 0xfe, 0xda, 0xda, 0xb6, 0x92, 0x00 } },
    { 0x516a, 1, { 0x70, 0x28, 0xde, 0x00, 0xea, 0xf4, 0xaa, 0x00 } },
    { 0x516b, 1, { 0x28, 0x28, 0x28, 0x28, 0x44, 0x44, 0x82, 0x00 } },
    { 0x516c, 1, { 0x28, 0x28, 0x44, 0x92, 0x10, 0x24, 0xfa, 0x00 } },
    { 0x516d, 1, { 0x10, 0xfe, 0x00, 0x28, 0x28, 0x44, 0x82, 0x00 } },
    { 0x516e, 1, { 0x28, 0x44, 0xfa, 0x20, 0x3c, 0x04, 0x1c, 0x00 } },
    { 0x5171, 1, { 0x28, 0x7c, 0x28, 0x28, 0xfe, 0x00, 0xc6, 0x00 } },
    { 0x5175, 1, { 0x0c, 0x70, 0x7c, 0x48, 0xfe, 0x00, 0xc6, 0x00 } },
    { 0x5176, 1, { 0x28, 0xfe, 0x28, 0x38, 0xfe, 0x00, 0xc6, 0x00 } },
    { 0x5177, 1, { 0x7c, 0x44, 0x7c, 0x44, 0xfe, 0x00, 0xc6, 0x00 } },
    { 0x5178, 1, { 0x28, 0x7c, 0x6c, 0x7c, 0xfe, 0x00, 0xc6, 0x00 } },
    { 0x517c, 1, { 0x44, 0xfe, 0x78, 0x2e, 0xf8, 0x6c, 0xaa, 0x00 } },
    { 0x5180, 1, { 0x28, 0xee, 0x28, 0xfe, 0x38, 0xfe, 0x44, 0x00 } },
    { 0x5182, 1, { 0xfe, 0x82, 0x82, 0x82, 0x82, 0x82, 0x86, 0x00 } },
    { 0x5185, 1, { 0x10, 0xfe, 0x92, 0xaa, 0xc6, 0x82, 0x86, 0x00 } },
    { 0x5186, 1, { 0xfe, 0x92, 0x92, 0xfe, 0x82, 0x82, 0x86, 0x00 } },
    { 0x5189, 1, { 0x10, 0x7c, 0x54, 0x7c, 0x54, 0xfe, 0x44, 0x00 } },
    { 0x518a, 1, { 0x7e, 0x6a, 0x6a, 0xfe, 0x6a, 0x6a, 0x42, 0x00 } },
    { 0x518c, 1, { 0x7e, 0x5a, 0x5a, 0xfe, 0x5a, 0x5a, 0xb6, 0x00 } },
    { 0x518d, 1, { 0xfe, 0x54, 0x7c, 0x54, 0xfe, 0x44, 0x4c, 0x00 } },
    { 0x518f, 1, { 0xfe, 0xaa, 0xce, 0xba, 0xaa, 0xba, 0x86, 0x00 } },
    { 0x5190, 1, { 0xfe, 0x82, 0xba, 0x7c, 0x44, 0x7c, 0x44, 0x00 } },
    { 0x5191, 1, { 0x10, 0xfe, 0x92, 0xfe, 0x44, 0x5c, 0x44, 0x00 } },
    { 0x5192, 1, { 0xfe, 0x82, 0xfe, 0x44, 0x7c, 0x44, 0x7c, 0x00 } },
    { 0x5193, 1, { 0x28, 0xfe, 0x28, 0xfe, 0x54, 0xfe, 0x44, 0x00 } },
    { 0x5195, 1, { 0x7c, 0x44, 0x3c, 0xd4, 0x7c, 0x2a, 0xce, 0x00 } },
    { 0x5196, 1, { 0x00, 0x00, 0xfe, 0x82, 0x00, 0x00, 0x00, 0x00 } },
    { 0x5197, 1, { 0xfe, 0x82, 0x38, 0x28, 0x28, 0x4a, 0x8e, 0x00 } },
    { 0x5199, 1, { 0xfe, 0xa2, 0x3c, 0x20, 0xfe, 0x08, 0x18, 0x00 } },
    { 0x51a0, 1, { 0xfe, 0x82, 0x64, 0x0e, 0xf4, 0x6c, 0xbe, 0x00 } },
    { 0x51a2, 1, { 0xfe, 0xba, 0x30, 0xda, 0x2c, 0xca, 0x30, 0x00 } },
    { 0x51a4, 1, { 0xfe, 0xba, 0x3c, 0xd4, 0x7c, 0x2a, 0xce, 0x00 } },
    { 0x51a5, 1, { 0xfe, 0xba, 0x28, 0x38, 0xfe, 0x00, 0xc6, 0x00 } },
    { 0x51a6, 1, { 0xfe, 0x86, 0x6c, 0x0a, 0xe4, 0x6a, 0xbe, 0x00 } },
    { 0x51a8, 1, { 0xfe, 0xba, 0x28, 0x38, 0x7c, 0x54, 0x7c, 0x00 } },
    { 0x51a9, 1, { 0xfe, 0xaa, 0x48, 0x78, 0x7e, 0x82, 0x56, 0x00 } },
    { 0x51aa, 1, { 0xfe, 0xaa, 0x7c, 0x38, 0xfe, 0x7e, 0xb4, 0x00 } },
    { 0x51ab, 1, { 0x20, 0x10, 0x00, 0x08, 0x10, 0x20, 0x20, 0x00 } },
    { 0x51ac, 1, { 0x18, 0x68, 0x10, 0x28, 0xd6, 0x30, 0x0c, 0x00 } },
    { 0x51b0, 1, { 0x88, 0x0a, 0x3c, 0x18, 0xac, 0x8a, 0x98, 0x00 } },
    { 0x51b1, 1, { 0xbe, 0x08, 0x0e, 0x12, 0x9c, 0x84, 0xbe, 0x00 } },
    { 0x51b2, 1, { 0x88, 0x3e, 0x2a, 0x2a, 0xbe, 0x88, 0x88, 0x00 } },
    { 0x51b3, 1, { 0x88, 0x1c, 0x0c, 0x3e, 0x88, 0x88, 0xb6, 0x00 } },
    { 0x51b4, 1, { 0x9e, 0x14, 0x14, 0x3e, 0x8c, 0xb4, 0x8c, 0x00 } },
    { 0x51b5, 1, { 0xbe, 0x22, 0x22, 0x3e, 0x94, 0x94, 0xa6, 0x00 } },
    { 0x51b6, 1, { 0x88, 0x08, 0x14, 0x3a, 0x80, 0x9c, 0x9c, 0x00 } },
    { 0x51b7, 1, { 0x88, 0x14, 0x2e, 0x00, 0xbe, 0x8a, 0x88, 0x00 } },
    { 0x51bd, 1, { 0xba, 0x16, 0x1e, 0x2e, 0x9a, 0x92, 0xa6, 0x00 } },
    { 0x51c4, 1, { 0x88, 0x3e, 0x0c, 0x1c, 0xbe, 0x94, 0xba, 0x00 } },
    { 0x51c5, 1, { 0xbe, 0x2a, 0x3e, 0x2a, 0xb6, 0xbe, 0xbe, 0x00 } },
    { 0x51c6, 1, { 0x94, 0x1e, 0x34, 0x1e, 0x94, 0x94, 0x9e, 0x00 } },
    { 0x51c9, 1, { 0x88, 0x3e, 0x14, 0x1c, 0x88, 0xaa, 0x98, 0x00 } },
    { 0x51cb, 1, { 0xbe, 0x2a, 0x3e, 0x2a, 0xb6, 0xbe, 0xa2, 0x00 } },
    { 0x51cc, 1, { 0x88, 0x1c, 0x08, 0x3e, 0x94, 0xa8, 0xd6, 0x00 } },
    { 0x51cd, 1, { 0x88, 0x3e, 0x1c, 0x1c, 0x88, 0x9c, 0xaa, 0x00 } },
    { 0x51d6, 1, { 0x94, 0x1e, 0x34, 0x9e, 0x10, 0xfe, 0x10, 0x00 } },
    { 0x51db, 1, { 0x88, 0x3e, 0x14, 0x1c, 0xbe, 0x88, 0xaa, 0x00 } },
    { 0x51dc, 1, { 0x88, 0x3e, 0x14, 0x1c, 0xbe, 0x9c, 0xaa, 0x00 } },
    { 0x51dd, 1, { 0xa6, 0x3a, 0x26, 0x1c, 0xbe, 0x94, 0xaa, 0x00 } },
    { 0x51e0, 1, { 0x7c, 0x44, 0x44, 0x44, 0x44, 0x44, 0x86, 0x00 } },
    { 0x51e1, 1, { 0x7c, 0x44, 0x64, 0x54, 0x54, 0x44, 0x86, 0x00 } },
    { 0x51e6, 1, { 0x40, 0x7c, 0x54, 0xd4, 0x26, 0x50, 0x8e, 0x00 } },
    { 0x51e7, 1, { 0x7c, 0x44, 0x54, 0x7c, 0x7c, 0x54, 0x96, 0x00 } },
    { 0x51e9, 1, { 0x7c, 0x44, 0x54, 0x7c, 0x54, 0x7c, 0x96, 0x00 } },
    { 0x51ea, 1, { 0x7c, 0x44, 0x54, 0x5c, 0x74, 0x7c, 0x86, 0x00 } },
    { 0x51ed, 1, { 0x24, 0x58, 0xfe, 0x48, 0x3c, 0x28, 0xce, 0x00 } },
    { 0x51f0, 1, { 0x7c, 0x54, 0x7c, 0x6c, 0x7c, 0x54, 0xbe, 0x00 } },
    { 0x51f1, 1, { 0xae, 0xfa, 0x0a, 0xfa, 0x5a, 0x2a, 0xf2, 0x00 } },
    { 0x51f5, 1, { 0x82, 0x82, 0x82, 0x82, 0x82, 0x82, 0xfe, 0x00 } },
    { 0x51f6, 1, { 0x82, 0x8a, 0xaa, 0x92, 0xaa, 0xc2, 0xfe, 0x00 } },
    { 0x51f8, 1, { 0x38, 0x28, 0x28, 0xee, 0x82, 0x82, 0xfe, 0x00 } },
    { 0x51f9, 1, { 0xee, 0xaa, 0xaa, 0xba, 0x82, 0x82, 0xfe, 0x00 } },
    { 0x51fa, 1, { 0x10, 0x54, 0x54, 0x7c, 0x92, 0x92, 0xfe, 0x00 } },
    { 0x51fd, 1, { 0xfe, 0x20, 0xb2, 0xd6, 0xba, 0xd6, 0xfe, 0x00 } },
    { 0x51fe, 1, { 0x7c, 0x08, 0x9a, 0xf6, 0xda, 0xf6, 0xfe, 0x00 } },
    { 0x5200, 1, { 0xfe, 0x12, 0x12, 0x22, 0x22, 0x42, 0x86, 0x00 } },
    { 0x5203, 1, { 0xfe, 0x12, 0x72, 0x12, 0x2a, 0x42, 0x86, 0x00 } },
    { 0x5204, 1, { 0xfe, 0x12, 0x52, 0x32, 0x2e, 0x42, 0x86, 0x00 } },
    { 0x5206, 1, { 0x28, 0x28, 0x44, 0xbe, 0x14, 0x24, 0xcc, 0x00 } },
    { 0x5207, 1, { 0x5e, 0x4a, 0xea, 0x4a, 0x4a, 0x6a, 0x16, 0x00 } },
    { 0x5208, 1, { 0x12, 0x1a, 0xda, 0x2a, 0x22, 0x52, 0x86, 0x00 } },
    { 0x520a, 1, { 0x72, 0x2a, 0x2a, 0xfa, 0x22, 0x22, 0x26, 0x00 } },
    { 0x520b, 1, { 0x12, 0xea, 0x2a, 0xfa, 0x22, 0x22, 0x46, 0x00 } },
    { 0x520e, 1, { 0x42, 0x7a, 0xba, 0x3a, 0x5a, 0xaa, 0x5a, 0x00 } },
    { 0x5211, 1, { 0xfa, 0x56, 0x56, 0xfe, 0x52, 0x52, 0x96, 0x00 } },
    { 0x5214, 1, { 0x22, 0x7a, 0x3a, 0xfa, 0x22, 0x52, 0x86, 0x00 } },
    { 0x5217, 1, { 0xf2, 0x4a, 0x6a, 0xaa, 0x62, 0x42, 0x86, 0x00 } },
    { 0x521d, 1, { 0x5e, 0xea, 0x2a, 0x4a, 0xea, 0x6a, 0x56, 0x00 } },
    { 0x5224, 1, { 0x22, 0xaa, 0x22, 0xfa, 0x22, 0xfa, 0x26, 0x00 } },
    { 0x5225, 1, { 0xf2, 0x9a, 0xfa, 0x4a, 0x72, 0x52, 0xb6, 0x00 } },
    { 0x5227, 1, { 0x5e, 0xea, 0x4a, 0xea, 0x4a, 0xaa, 0xd6, 0x00 } },
    { 0x5229, 1, { 0x72, 0x2a, 0xfa, 0x2a, 0x72, 0xa2, 0x26, 0x00 } },
    { 0x522a, 1, { 0x7a, 0x6e, 0x6e, 0xfe, 0x6a, 0x6a, 0x4a, 0x00 } },
    { 0x522e, 1, { 0x12, 0x6a, 0xfa, 0x2a, 0x72, 0x52, 0x76, 0x00 } },
    { 0x5230, 1, { 0xf2, 0x2a, 0x5a, 0xfa, 0x62, 0x32, 0xc6, 0x00 } },
    { 0x5233, 1, { 0x22, 0xfa, 0x52, 0xaa, 0x72, 0x0a, 0x1a, 0x00 } },
    { 0x5236, 1, { 0x62, 0x7a, 0xaa, 0x7a, 0x22, 0xfa, 0xaa, 0x00 } },
    { 0x5237, 1, { 0x7a, 0x4a, 0x7a, 0x52, 0x7a, 0x5a, 0x96, 0x00 } },
    { 0x5238, 1, { 0x54, 0x38, 0xfe, 0x44, 0xbe, 0x14, 0x6c, 0x00 } },
    { 0x5239, 1, { 0x52, 0x2a, 0xda, 0x2a, 0xfa, 0x72, 0xaa, 0x00 } },
    { 0x523a, 1, { 0x22, 0xfa, 0x22, 0xfa, 0xaa, 0x72, 0xaa, 0x00 } },
    { 0x523b, 1, { 0x22, 0xfa, 0x4a, 0xaa, 0x52, 0x22, 0xd6, 0x00 } },
    { 0x5243, 1, { 0x52, 0xfa, 0x2a, 0xfa, 0xa2, 0x7a, 0xaa, 0x00 } },
    { 0x5244, 1, { 0xfa, 0x56, 0xa6, 0x56, 0xfa, 0x22, 0xfa, 0x00 } },
    { 0x5247, 1, { 0xe2, 0xaa, 0xea, 0xaa, 0xe2, 0x02, 0xa6, 0x00 } },
    { 0x524a, 1, { 0xb2, 0x2a, 0xfa, 0x9a, 0xf2, 0x92, 0xb6, 0x00 } },
    { 0x524b, 1, { 0x42, 0xea, 0x4a, 0xaa, 0xe2, 0x46, 0xbe, 0x00 } },
    { 0x524c, 1, { 0x22, 0xfa, 0x6a, 0x7a, 0x22, 0x72, 0xaa, 0x00 } },
    { 0x524d, 1, { 0x44, 0xfe, 0x00, 0xea, 0xaa, 0xe2, 0xa6, 0x00 } },
    { 0x524f, 1, { 0xbe, 0x4a, 0xfa, 0x6a, 0xee, 0x6a, 0xb6, 0x00 } },
    { 0x5254, 1, { 0xf2, 0x9a, 0xfa, 0x4a, 0x72, 0xb2, 0x56, 0x00 } },
    { 0x5256, 1, { 0x22, 0xfa, 0x5a, 0xfa, 0x02, 0x72, 0x76, 0x00 } },
    { 0x525b, 1, { 0xfa, 0x8e, 0xde, 0xae, 0xda, 0xfa, 0x8a, 0x00 } },
    { 0x525e, 1, { 0x22, 0xfa, 0x2a, 0x5a, 0xfa, 0x12, 0x56, 0x00 } },
    { 0x5263, 1, { 0x22, 0x56, 0xfe, 0xae, 0xfa, 0x22, 0xda, 0x00 } },
    { 0x5264, 1, { 0x22, 0xfa, 0x5a, 0x2a, 0xda, 0x72, 0x96, 0x00 } },
    { 0x5265, 1, { 0x62, 0x2a, 0xfa, 0x2a, 0xaa, 0x72, 0xaa, 0x00 } },
    { 0x5269, 1, { 0x72, 0xfa, 0x52, 0xda, 0x22, 0x72, 0xaa, 0x00 } },
    { 0x526a, 1, { 0x44, 0xfe, 0x74, 0x54, 0xfe, 0x22, 0xc6, 0x00 } },
    { 0x526f, 1, { 0xfa, 0x56, 0x76, 0x06, 0xfa, 0xaa, 0xfa, 0x00 } },
    { 0x5270, 1, { 0x12, 0x66, 0xfe, 0x56, 0xfa, 0x72, 0xaa, 0x00 } },
    { 0x5271, 1, { 0x2e, 0x56, 0xfe, 0xb6, 0xf6, 0x2a, 0xda, 0x00 } },
    { 0x5272, 1, { 0x22, 0xfa, 0xaa, 0x7a, 0x22, 0xfa, 0x76, 0x00 } },
    { 0x5273, 1, { 0x52, 0xfa, 0x2a, 0x5a, 0xfa, 0x52, 0x76, 0x00 } },
    { 0x5274, 1, { 0xaa, 0xfa, 0x0a, 0xfa, 0x52, 0x3a, 0xe6, 0x00 } },
    { 0x5275, 1, { 0x22, 0x5a, 0xea, 0x6a, 0x42, 0x72, 0xb6, 0x00 } },
    { 0x527d, 1, { 0xfa, 0x76, 0x76, 0x06, 0xfa, 0x22, 0xaa, 0x00 } },
    { 0x527f, 1, { 0x52, 0xaa, 0x7a, 0x7a, 0xfa, 0x72, 0xaa, 0x00 } },
    { 0x5283, 1, { 0x22, 0xf2, 0x3a, 0xf2, 0x72, 0x7a, 0xe6, 0x00 } },
    { 0x5287, 1, { 0x22, 0x3a, 0xea, 0xda, 0xb2, 0xda, 0xb6, 0x00 } },
    { 0x5288, 1, { 0x64, 0x6e, 0xca, 0x64, 0xfe, 0x22, 0xc6, 0x00 } },
    { 0x5289, 1, { 0x5a, 0x9a, 0xea, 0x52, 0xaa, 0x72, 0xfa, 0x00 } },
    { 0x528d, 1, { 0x22, 0x5a, 0xfa, 0xaa, 0xfa, 0x52, 0xaa, 0x00 } },
    { 0x5291, 1, { 0x22, 0xfa, 0x5a, 0xaa, 0x52, 0x72, 0x96, 0x00 } },
    { 0x5292, 1, { 0x2e, 0x56, 0xf6, 0xbe, 0xf6, 0x5a, 0xaa, 0x00 } },
    { 0x5294, 1, { 0x2e, 0x56, 0xfe, 0xb6, 0xf6, 0x5a, 0xaa, 0x00 } },
    { 0x529b, 1, { 0x10, 0xfe, 0x12, 0x22, 0x22, 0x42, 0x86, 0x00 } },
    { 0x529f, 1, { 0x08, 0xfe, 0x4a, 0x4a, 0x6a, 0xca, 0x16, 0x00 } },
    { 0x52a0, 1, { 0x40, 0xfe, 0x5a, 0x5a, 0x5a, 0x5a, 0xbe, 0x00 } },
    { 0x52a3, 1, { 0x10, 0x54, 0x9a, 0x30, 0xfe, 0x22, 0xc6, 0x00 } },
    { 0x52a9, 1, { 0x74, 0x5e, 0x76, 0x56, 0x76, 0x5a, 0xea, 0x00 } },
    { 0x52aa, 1, { 0x2e, 0xfa, 0x54, 0x6a, 0xbc, 0x14, 0x6c, 0x00 } },
    { 0x52ab, 1, { 0x28, 0x7e, 0x2a, 0xfa, 0x2a, 0x5a, 0xf6, 0x00 } },
    { 0x52ac, 1, { 0x44, 0x7e, 0x96, 0x76, 0x76, 0x1a, 0x3a, 0x00 } },
    { 0x52ad, 1, { 0xe8, 0x7e, 0xaa, 0x0a, 0xea, 0xaa, 0xf6, 0x00 } },
    { 0x52b1, 1, { 0xf4, 0x8e, 0xf6, 0xa6, 0xb6, 0xda, 0xba, 0x00 } },
    { 0x52b4, 1, { 0x54, 0xfe, 0x92, 0x7c, 0x14, 0x24, 0xcc, 0x00 } },
    { 0x52b5, 1, { 0x54, 0x92, 0x7c, 0x28, 0xde, 0x14, 0x6c, 0x00 } },
    { 0x52b9, 1, { 0x28, 0xfe, 0x5a, 0x8a, 0x5a, 0x2a, 0xd6, 0x00 } },
    { 0x52bc, 1, { 0x48, 0xfe, 0x4a, 0xea, 0x0a, 0xea, 0xf6, 0x00 } },
    { 0x52be, 1, { 0x28, 0xfe, 0x4a, 0xaa, 0x5a, 0x2a, 0xd6, 0x00 } },
    { 0x52c1, 1, { 0xf4, 0x5e, 0xa6, 0x56, 0xf6, 0x2a, 0xfa, 0x00 } },
    { 0x52c3, 1, { 0x24, 0x6e, 0xf6, 0x96, 0x2a, 0xf2, 0x66, 0x00 } },
    { 0x52c5, 1, { 0x24, 0xfe, 0x6e, 0x7e, 0x26, 0x7a, 0xaa, 0x00 } },
    { 0x52c7, 1, { 0x7c, 0x08, 0x7c, 0x54, 0xfe, 0x22, 0xc6, 0x00 } },
    { 0x52c9, 1, { 0x64, 0xae, 0x76, 0x76, 0x2a, 0x6a, 0xbe, 0x00 } },
    { 0x52cd, 1, { 0x24, 0xfe, 0x56, 0x76, 0x26, 0xaa, 0x6a, 0x00 } },
    { 0x52d2, 1, { 0xa8, 0xfe, 0xea, 0x4a, 0xea, 0xea, 0x56, 0x00 } },
    { 0x52d5, 1, { 0xe8, 0x5e, 0xea, 0xea, 0xea, 0x4a, 0xf6, 0x00 } },
    { 0x52d7, 1, { 0x7c, 0x7c, 0x74, 0x5e, 0x76, 0x56, 0xea, 0x00 } },
    { 0x52d8, 1, { 0x54, 0xfe, 0x56, 0x56, 0xf6, 0xaa, 0xfa, 0x00 } },
    { 0x52d9, 1, { 0xe8, 0x2e, 0x54, 0xea, 0x7e, 0xaa, 0x76, 0x00 } },
    { 0x52dd, 1, { 0xf6, 0xa4, 0xfe, 0xac, 0xfe, 0xaa, 0xb6, 0x00 } },
    { 0x52de, 1, { 0xaa, 0x44, 0xfe, 0x92, 0x7c, 0x24, 0xcc, 0x00 } },
    { 0x52df, 1, { 0x28, 0xfe, 0x38, 0xfe, 0x7c, 0xaa, 0x58, 0x00 } },
    { 0x52e0, 1, { 0xf4, 0x5e, 0x26, 0x56, 0xa6, 0x1a, 0x6a, 0x00 } },
    { 0x52e2, 1, { 0x28, 0x7c, 0xec, 0x76, 0xbc, 0x14, 0x6c, 0x00 } },
    { 0x52e3, 1, { 0x28, 0xfe, 0x2a, 0xfa, 0x6a, 0x6a, 0x96, 0x00 } },
    { 0x52e4, 1, { 0x54, 0xfe, 0x56, 0xf6, 0xf6, 0x2a, 0xfa, 0x00 } },
    { 0x52e6, 1, { 0x54, 0xae, 0x76, 0x76, 0xf6, 0x7a, 0xaa, 0x00 } },
    { 0x52e7, 1, { 0x48, 0x7e, 0xaa, 0x7a, 0xea, 0x6a, 0x76, 0x00 } },
    { 0x52f2, 1, { 0x68, 0xfe, 0x6a, 0x6a, 0xf6, 0x00, 0xaa, 0x00 } },
    { 0x52f3, 1, { 0x64, 0xfe, 0x66, 0x66, 0xf6, 0x0a, 0xaa, 0x00 } },
    { 0x52f5, 1, { 0xf4, 0xae, 0xf6, 0xf6, 0xa6, 0xfa, 0xda, 0x00 } },
    { 0x52f8, 1, { 0x54, 0xfe, 0xde, 0x66, 0x76, 0xea, 0x7a, 0x00 } },
    { 0x52f9, 1, { 0x20, 0x3e, 0x42, 0x82, 0x02, 0x02, 0x06, 0x00 } },
    { 0x52fa, 1, { 0x20, 0x3e, 0x42, 0xa2, 0x12, 0x02, 0x06, 0x00 } },
    { 0x52fe, 1, { 0x20, 0x3e, 0x52, 0x92, 0x2a, 0x76, 0x02, 0x00 } },
    { 0x52ff, 1, { 0x40, 0x7e, 0xaa, 0x2a, 0x4a, 0x92, 0x26, 0x00 } },
    { 0x5301, 1, { 0x20, 0x3e, 0x52, 0xb2, 0x1e, 0x22, 0xc6, 0x00 } },
    { 0x5302, 1, { 0x20, 0x3e, 0x62, 0xba, 0x22, 0x3a, 0x06, 0x00 } },
    { 0x5305, 1, { 0x40, 0x7e, 0xba, 0x0a, 0x7a, 0x40, 0x7e, 0x00 } },
    { 0x5306, 1, { 0x40, 0x7e, 0xaa, 0x3a, 0x4e, 0x92, 0x26, 0x00 } },
    { 0x5308, 1, { 0x40, 0x7e, 0xaa, 0x52, 0x6a, 0x7a, 0x06, 0x00 } },
    { 0x530d, 1, { 0x40, 0x7e, 0x92, 0x7a, 0x12, 0x7a, 0x5a, 0x00 } },
    { 0x530f, 1, { 0x24, 0xf6, 0x6a, 0xd6, 0x66, 0x14, 0x36, 0x00 } },
    { 0x5310, 1, { 0x40, 0x7e, 0x82, 0x7a, 0x32, 0x7a, 0x7a, 0x00 } },
    { 0x5315, 1, { 0x40, 0x44, 0x58, 0xe0, 0x40, 0x42, 0x3e, 0x00 } },
    { 0x5316, 1, { 0x30, 0x50, 0xd2, 0x5c, 0x50, 0x52, 0x5e, 0x00 } },
    { 0x5317, 1, { 0x28, 0x28, 0xea, 0x2c, 0x68, 0xaa, 0x2e, 0x00 } },
    { 0x5319, 1, { 0x68, 0x6a, 0xfc, 0x28, 0x7a, 0x6e, 0x9e, 0x00 } },
    { 0x531a, 1, { 0xfe, 0x80, 0x80, 0x80, 0x80, 0x80, 0xfe, 0x00 } },
    { 0x531d, 1, { 0xfe, 0x88, 0xbe, 0xaa, 0xaa, 0x88, 0xfe, 0x00 } },
    { 0x5320, 1, { 0xfe, 0x8c, 0xb0, 0xbe, 0xa8, 0xc8, 0xfe, 0x00 } },
    { 0x5321, 1, { 0xfe, 0xbc, 0x88, 0x9c, 0x88, 0xbc, 0xfe, 0x00 } },
    { 0x5323, 1, { 0xfe, 0xaa, 0xbe, 0xaa, 0xbe, 0x88, 0xfe, 0x00 } },
    { 0x532a, 1, { 0xfe, 0x94, 0xf6, 0x94, 0xf6, 0xa4, 0xfe, 0x00 } },
    { 0x532f, 1, { 0xfe, 0xd4, 0xbe, 0xd4, 0x9e, 0xd4, 0xfe, 0x00 } },
    { 0x5331, 1, { 0xfe, 0x98, 0xbc, 0x98, 0x98, 0xa4, 0xfe, 0x00 } },
    { 0x5333, 1, { 0xfe, 0x88, 0x9c, 0xbe, 0x94, 0xaa, 0xfe, 0x00 } },
    { 0x5338, 1, { 0xfe, 0x40, 0x40, 0x40, 0x40, 0x40, 0x3e, 0x00 } },
    { 0x5339, 1, { 0xfe, 0xa8, 0xa8, 0xaa, 0xce, 0x80, 0xfe, 0x00 } },
    { 0x533a, 1, { 0xfe, 0x84, 0xb4, 0x88, 0x94, 0xa0, 0xfe, 0x00 } },
    { 0x533b, 1, { 0xfe, 0x90, 0x9c, 0xbe, 0x88, 0xb6, 0xfe, 0x00 } },
    { 0x533f, 1, { 0xfe, 0xa8, 0xfe, 0xb0, 0xdc, 0x94, 0xfe, 0x00 } },
    { 0x5340, 1, { 0xfe, 0x94, 0x9c, 0x80, 0xb6, 0xb6, 0xfe, 0x00 } },
    { 0x5341, 1, { 0x10, 0x10, 0xfe, 0x10, 0x10, 0x10, 0x10, 0x00 } },
    { 0x5343, 1, { 0x0c, 0x70, 0x10, 0xfe, 0x10, 0x10, 0x10, 0x00 } },
    { 0x5345, 1, { 0x54, 0x54, 0x54, 0xfe, 0x54, 0x54, 0x94, 0x00 } },
    { 0x5346, 1, { 0x20, 0x78, 0x2a, 0xce, 0x10, 0xfe, 0x10, 0x00 } },
    { 0x5347, 1, { 0x14, 0xe4, 0x24, 0xfe, 0x24, 0x24, 0x44, 0x00 } },
    { 0x5348, 1, { 0x40, 0x7c, 0x90, 0x10, 0xfe, 0x10, 0x10, 0x00 } },
    { 0x5349, 1, { 0x10, 0x7c, 0x10, 0x44, 0xfe, 0x44, 0x84, 0x00 } },
    { 0x534a, 1, { 0x10, 0x54, 0x10, 0x7c, 0x10, 0xfe, 0x10, 0x00 } },
    { 0x534d, 1, { 0xf2, 0x12, 0x12, 0xfe, 0x90, 0x90, 0x9e, 0x00 } },
    { 0x5351, 1, { 0x10, 0x7c, 0x54, 0x7c, 0x28, 0xfe, 0x08, 0x00 } },
    { 0x5352, 1, { 0x10, 0xfe, 0x44, 0x44, 0xaa, 0xfe, 0x10, 0x00 } },
    { 0x5353, 1, { 0x10, 0x1e, 0x7c, 0x44, 0x7c, 0xfe, 0x10, 0x00 } },
    { 0x5354, 1, { 0x48, 0x5e, 0xea, 0x40, 0x4a, 0x7e, 0x56, 0x00 } },
    { 0x5357, 1, { 0x10, 0xfe, 0x10, 0xfe, 0xaa, 0xfe, 0x92, 0x00 } },
    { 0x5358, 1, { 0x54, 0x7c, 0x54, 0x7c, 0x54, 0xfe, 0x10, 0x00 } },
    { 0x535a, 1, { 0x4a, 0x7e, 0xdc, 0x5c, 0x7e, 0x54, 0x4c, 0x00 } },
    { 0x535c, 1, { 0x20, 0x20, 0x30, 0x28, 0x24, 0x20, 0x20, 0x00 } },
    { 0x535e, 1, { 0x10, 0xfe, 0x10, 0x18, 0x14, 0x10, 0x10, 0x00 } },
    { 0x5360, 1, { 0x10, 0x10, 0x1e, 0x10, 0x7e, 0x42, 0x7e, 0x00 } },
    { 0x5366, 1, { 0x28, 0x78, 0x28, 0xfc, 0x6a, 0x38, 0xc8, 0x00 } },
    { 0x5369, 1, { 0x3c, 0x24, 0x24, 0x24, 0x2c, 0x20, 0x20, 0x00 } },
    { 0x536e, 1, { 0x0c, 0x70, 0x7e, 0x5c, 0x54, 0x52, 0x9e, 0x00 } },
    { 0x536f, 1, { 0x2e, 0xca, 0xaa, 0xaa, 0xea, 0x28, 0x48, 0x00 } },
    { 0x5370, 1, { 0x2e, 0xca, 0x8a, 0xea, 0x8a, 0xe8, 0x08, 0x00 } },
    { 0x5371, 1, { 0x38, 0xc8, 0x7e, 0x5c, 0x54, 0x52, 0x9e, 0x00 } },
    { 0x5373, 1, { 0xee, 0xaa, 0xea, 0xaa, 0xea, 0x98, 0xe8, 0x00 } },
    { 0x5374, 1, { 0x2e, 0x7a, 0x2a, 0xfa, 0x2a, 0x58, 0xe8, 0x00 } },
    { 0x5375, 1, { 0x2e, 0xca, 0xee, 0xaa, 0xea, 0x28, 0x48, 0x00 } },
    { 0x5377, 1, { 0x54, 0x92, 0x28, 0xfe, 0x6c, 0xa2, 0x38, 0x00 } },
    { 0x5378, 1, { 0x4e, 0x7a, 0xaa, 0xfa, 0x2a, 0xb8, 0xc8, 0x00 } },
    { 0x537b, 1, { 0x5e, 0x8a, 0x2a, 0x5a, 0x8a, 0x68, 0x68, 0x00 } },
    { 0x537f, 1, { 0x46, 0xbe, 0xae, 0xbe, 0xe6, 0x6c, 0xb4, 0x00 } },
    { 0x5382, 1, { 0x7e, 0x40, 0x40, 0x40, 0x40, 0x40, 0x80, 0x00 } },
    { 0x5384, 1, { 0x7e, 0x40, 0x5c, 0x54, 0x54, 0x52, 0x9e, 0x00 } },
    { 0x5396, 1, { 0x7e, 0x50, 0x7a, 0x54, 0x52, 0x54, 0xae, 0x00 } },
    { 0x5398, 1, { 0x7e, 0x6a, 0x7e, 0x6a, 0x7e, 0x48, 0xbe, 0x00 } },
    { 0x539a, 1, { 0x7e, 0x5c, 0x5c, 0x44, 0x7e, 0x48, 0x98, 0x00 } },
    { 0x539f, 1, { 0x7e, 0x48, 0x5c, 0x5c, 0x48, 0x6a, 0x98, 0x00 } },
    { 0x53a0, 1, { 0x7e, 0x68, 0x7a, 0x6a, 0x7a, 0x42, 0xaa, 0x00 } },
    { 0x53a5, 1, { 0x7e, 0x68, 0x56, 0x6e, 0x74, 0x54, 0xaa, 0x00 } },
    { 0x53a6, 1, { 0x7e, 0x5e, 0x4c, 0x4c, 0x54, 0x48, 0xb6, 0x00 } },
    { 0x53a8, 1, { 0x7e, 0x40, 0x7a, 0x6e, 0x72, 0x5a, 0xb6, 0x00 } },
    { 0x53a9, 1, { 0x7e, 0x5e, 0x6a, 0x6a, 0x5e, 0x6c, 0x96, 0x00 } },
    { 0x53ad, 1, { 0x7e, 0x74, 0x4e, 0x74, 0x74, 0x74, 0xba, 0x00 } },
    { 0x53ae, 1, { 0x7e, 0x5a, 0x7c, 0x5c, 0x7e, 0x46, 0xaa, 0x00 } },
    { 0x53b0, 1, { 0x7e, 0x54, 0x6e, 0x7a, 0x7a, 0x7c, 0xaa, 0x00 } },
    { 0x53b3, 1, { 0x54, 0x7e, 0x60, 0x76, 0x5a, 0x74, 0x9a, 0x00 } },
    { 0x53b6, 1, { 0x10, 0x10, 0x10, 0x20, 0x28, 0x44, 0xfa, 0x00 } },
    { 0x53bb, 1, { 0x10, 0x7c, 0x10, 0xfe, 0x10, 0x24, 0xfa, 0x00 } },
    { 0x53c2, 1, { 0x28, 0x74, 0xfe, 0x54, 0xa2, 0x08, 0x70, 0x00 } },
    { 0x53c3, 1, { 0x28, 0x74, 0xaa, 0xfe, 0x54, 0x8a, 0x30, 0x00 } },
    { 0x53c8, 1, { 0x7c, 0x04, 0x24, 0x28, 0x10, 0x28, 0xc6, 0x00 } },
    { 0x53c9, 1, { 0x7c, 0x14, 0x44, 0x28, 0x10, 0x28, 0xc6, 0x00 } },
    { 0x53ca, 1, { 0xf8, 0x28, 0x2c, 0x24, 0x54, 0x48, 0xb6, 0x00 } },
    { 0x53cb, 1, { 0x20, 0xfe, 0x20, 0x3c, 0x54, 0x48, 0xb6, 0x00 } },
    { 0x53cc, 1, { 0xfe, 0x12, 0x5a, 0x2a, 0x24, 0x54, 0x8a, 0x00 } },
    { 0x53cd, 1, { 0x7e, 0x40, 0x7c, 0x54, 0x54, 0x48, 0xb6, 0x00 } },
    { 0x53ce, 1, { 0x2e, 0xa2, 0xaa, 0xaa, 0xb4, 0xe4, 0x2a, 0x00 } },
    { 0x53d4, 1, { 0x2e, 0x32, 0x2a, 0xfa, 0x24, 0xb4, 0x6a, 0x00 } },
    { 0x53d6, 1, { 0xf0, 0x5e, 0x72, 0x7a, 0x54, 0xfa, 0x10, 0x00 } },
    { 0x53d7, 1, { 0xfe, 0x54, 0xfe, 0xba, 0x28, 0x10, 0xee, 0x00 } },
    { 0x53d9, 1, { 0x2e, 0x52, 0xfa, 0x2a, 0xf4, 0x24, 0xaa, 0x00 } },
    { 0x53db, 1, { 0xae, 0x48, 0xee, 0x4a, 0xea, 0x54, 0x8a, 0x00 } },
    { 0x53df, 1, { 0x56, 0x92, 0xd6, 0xfe, 0x28, 0x10, 0xee, 0x00 } },
    { 0x53e1, 1, { 0x2e, 0x32, 0xfa, 0xaa, 0x54, 0xb4, 0x3a, 0x00 } },
    { 0x53e2, 1, { 0xaa, 0xfe, 0x28, 0xfe, 0x7a, 0xe4, 0x2a, 0x00 } },
    { 0x53e3, 1, { 0x00, 0x7e, 0x42, 0x42, 0x42, 0x7e, 0x42, 0x00 } },
    { 0x53e4, 1, { 0x10, 0x10, 0xfe, 0x10, 0x7c, 0x44, 0x7c, 0x00 } },
    { 0x53e5, 1, { 0x20, 0x3e, 0x42, 0xba, 0x2a, 0x3a, 0x06, 0x00 } },
    { 0x53e8, 1, { 0x1e, 0xea, 0xaa, 0xaa, 0xea, 0x12, 0x26, 0x00 } },
    { 0x53e9, 1, { 0x1e, 0xf2, 0xb2, 0xb2, 0xf6, 0x10, 0x10, 0x00 } },
    { 0x53ea, 1, { 0x7c, 0x44, 0x44, 0x7c, 0x00, 0x28, 0xc6, 0x00 } },
    { 0x53eb, 1, { 0x04, 0xd4, 0xd4, 0xd4, 0xd6, 0x3c, 0x04, 0x00 } },
    { 0x53ec, 1, { 0xfe, 0x12, 0x22, 0xc6, 0x7c, 0x44, 0x7c, 0x00 } },
    { 0x53ed, 1, { 0x14, 0xd4, 0xd4, 0xd4, 0xd4, 0x14, 0x22, 0x00 } },
    { 0x53ee, 1, { 0x1e, 0xe4, 0xa4, 0xa4, 0xe4, 0x04, 0x0c, 0x00 } },
    { 0x53ef, 1, { 0xfe, 0x04, 0x74, 0x54, 0x74, 0x04, 0x0c, 0x00 } },
    { 0x53f0, 1, { 0x10, 0x10, 0x24, 0xfa, 0x00, 0x7c, 0x7c, 0x00 } },
    { 0x53f1, 1, { 0x10, 0xf0, 0xb2, 0xbc, 0xf0, 0x12, 0x1e, 0x00 } },
    { 0x53f2, 1, { 0x10, 0x7c, 0x54, 0x7c, 0x30, 0x10, 0xee, 0x00 } },
    { 0x53f3, 1, { 0x20, 0xfe, 0x20, 0x7c, 0xa4, 0x24, 0x3c, 0x00 } },
    { 0x53f6, 1, { 0x04, 0xe4, 0xbe, 0xa4, 0xe4, 0x04, 0x04, 0x00 } },
    { 0x53f7, 1, { 0x38, 0x28, 0xfe, 0x20, 0x3c, 0x04, 0x1c, 0x00 } },
    { 0x53f8, 1, { 0xfe, 0x02, 0x7a, 0x02, 0x7a, 0x7a, 0x06, 0x00 } },
    { 0x53fa, 1, { 0x18, 0xe8, 0xa8, 0xa8, 0xf4, 0x14, 0x22, 0x00 } },
    { 0x5401, 1, { 0x1e, 0xe4, 0xa4, 0xbe, 0xe4, 0x04, 0x0c, 0x00 } },
    { 0x5403, 1, { 0x10, 0xde, 0xec, 0xc4, 0xc8, 0x12, 0x0e, 0x00 } },
    { 0x5404, 1, { 0x18, 0x68, 0x10, 0x28, 0xc6, 0x38, 0x38, 0x00 } },
    { 0x5408, 1, { 0x10, 0x28, 0xde, 0x00, 0x7c, 0x44, 0x7c, 0x00 } },
    { 0x5409, 1, { 0x10, 0xfe, 0x10, 0x7c, 0x00, 0x7c, 0x7c, 0x00 } },
    { 0x540a, 1, { 0x7c, 0x44, 0x7c, 0xfe, 0x92, 0x96, 0x10, 0x00 } },
    { 0x540b, 1, { 0x04, 0xfe, 0xa4, 0xb4, 0xec, 0x04, 0x0c, 0x00 } },
    { 0x540c, 1, { 0xfe, 0x82, 0xba, 0x82, 0xba, 0xaa, 0xba, 0x00 } },
    { 0x540d, 1, { 0x3c, 0x24, 0x58, 0x10, 0x3e, 0xd2, 0x1e, 0x00 } },
    { 0x540e, 1, { 0x0c, 0x70, 0x40, 0x7e, 0x40, 0x5c, 0x9c, 0x00 } },
    { 0x540f, 1, { 0x10, 0xfe, 0x54, 0x7c, 0x30, 0x10, 0xee, 0x00 } },
    { 0x5410, 1, { 0x04, 0xe4, 0xbe, 0xa4, 0xe4, 0x04, 0x1e, 0x00 } },
    { 0x5411, 1, { 0x10, 0xfe, 0x82, 0xba, 0xaa, 0xba, 0x86, 0x00 } },
    { 0x541b, 1, { 0x7c, 0x14, 0xfe, 0x14, 0x3e, 0xe2, 0x3e, 0x00 } },
    { 0x541d, 1, { 0x10, 0xfe, 0x28, 0x10, 0xee, 0x7c, 0x7c, 0x00 } },
    { 0x541f, 1, { 0x08, 0xf4, 0xae, 0xa0, 0xfe, 0x04, 0x18, 0x00 } },
    { 0x5420, 1, { 0x0a, 0xe8, 0xbe, 0xa8, 0xe8, 0x14, 0x22, 0x00 } },
    { 0x5426, 1, { 0xfe, 0x10, 0x34, 0xd2, 0x7c, 0x44, 0x7c, 0x00 } },
    { 0x5429, 1, { 0x14, 0xd4, 0xe2, 0xdc, 0xd4, 0x14, 0x2c, 0x00 } },
    { 0x542b, 1, { 0x10, 0x28, 0xfe, 0x08, 0x7c, 0x44, 0x7c, 0x00 } },
    { 0x542c, 1, { 0x04, 0xd8, 0xd0, 0xde, 0xd4, 0x14, 0x24, 0x00 } },
    { 0x542d, 1, { 0x08, 0xfe, 0xc0, 0xdc, 0xd4, 0x14, 0x26, 0x00 } },
    { 0x542e, 1, { 0x08, 0xd2, 0xfe, 0xd4, 0xd4, 0x14, 0x26, 0x00 } },
    { 0x5436, 1, { 0x18, 0xe8, 0xbe, 0xaa, 0xf6, 0x22, 0x26, 0x00 } },
    { 0x5438, 1, { 0x3c, 0xd4, 0xd6, 0xd2, 0xea, 0x24, 0x5a, 0x00 } },
    { 0x5439, 1, { 0x10, 0xde, 0xea, 0xc8, 0xc8, 0x14, 0x22, 0x00 } },
    { 0x543b, 1, { 0x10, 0xfe, 0xae, 0xae, 0xb6, 0xea, 0x16, 0x00 } },
    { 0x543c, 1, { 0x3c, 0xcc, 0xd4, 0xdc, 0xf4, 0x14, 0x36, 0x00 } },
    { 0x543d, 1, { 0x0c, 0xee, 0xb4, 0xa4, 0xfe, 0x04, 0x04, 0x00 } },
    { 0x543e, 1, { 0x7c, 0x10, 0x78, 0x28, 0xfe, 0x44, 0x7c, 0x00 } },
    { 0x5440, 1, { 0x1e, 0xd4, 0xd4, 0xfe, 0xcc, 0x34, 0x0c, 0x00 } },
    { 0x5442, 1, { 0x3c, 0x24, 0x3c, 0x10, 0x7e, 0x42, 0x7e, 0x00 } },
    { 0x5446, 1, { 0x7c, 0x44, 0x7c, 0x10, 0xfe, 0x38, 0xd6, 0x00 } },
    { 0x5448, 1, { 0x7c, 0x44, 0xfe, 0x10, 0x7c, 0x10, 0xfe, 0x00 } },
    { 0x5449, 1, { 0x3c, 0xa4, 0xfc, 0x08, 0xfe, 0x00, 0xc6, 0x00 } },
    { 0x544a, 1, { 0x50, 0x7c, 0x90, 0xfe, 0x00, 0x7c, 0x7c, 0x00 } },
    { 0x544e, 1, { 0x1e, 0xd2, 0xde, 0xd4, 0xd4, 0x12, 0x22, 0x00 } },
    { 0x5451, 1, { 0x0c, 0x70, 0xfe, 0x44, 0xba, 0x28, 0x38, 0x00 } },
    { 0x545f, 1, { 0x08, 0xfe, 0xd0, 0xf4, 0xc8, 0x14, 0x3a, 0x00 } },
    { 0x5468, 1, { 0x7e, 0x52, 0x7a, 0x52, 0x7e, 0x6a, 0xba, 0x00 } },
    { 0x546a, 1, { 0x3e, 0xe2, 0xa2, 0xbe, 0xf4, 0x14, 0x66, 0x00 } },
    { 0x5470, 1, { 0x24, 0xb6, 0xa4, 0xf6, 0x7c, 0x44, 0x7c, 0x00 } },
    { 0x5471, 1, { 0x02, 0xdc, 0xd4, 0xd4, 0xd4, 0x16, 0x2a, 0x00 } },
    { 0x5473, 1, { 0x08, 0xfc, 0xa8, 0xbe, 0xe8, 0x1c, 0x2a, 0x00 } },
    { 0x5475, 1, { 0x3e, 0xc2, 0xde, 0xd6, 0xde, 0x02, 0x06, 0x00 } },
    { 0x5476, 1, { 0x16, 0xd2, 0xfa, 0xea, 0xf4, 0x14, 0x2a, 0x00 } },
    { 0x5477, 1, { 0x3e, 0xea, 0xbe, 0xaa, 0xfe, 0x08, 0x08, 0x00 } },
    { 0x547b, 1, { 0x08, 0xfe, 0xaa, 0xbe, 0xea, 0x3e, 0x08, 0x00 } },
    { 0x547c, 1, { 0x06, 0xf8, 0xea, 0xc8, 0xfe, 0x08, 0x18, 0x00 } },
    { 0x547d, 1, { 0x10, 0x28, 0xde, 0x00, 0xee, 0xea, 0x08, 0x00 } },
    { 0x5480, 1, { 0x1c, 0xd4, 0xdc, 0xd4, 0xdc, 0x14, 0x3e, 0x00 } },
    { 0x5484, 1, { 0x08, 0xea, 0xfe, 0xc8, 0xea, 0x2a, 0x3e, 0x00 } },
    { 0x5486, 1, { 0x10, 0xde, 0xe2, 0xda, 0xda, 0x10, 0x1e, 0x00 } },
    { 0x548b, 1, { 0x08, 0xee, 0xb8, 0xae, 0xe8, 0x0e, 0x08, 0x00 } },
    { 0x548c, 1, { 0x70, 0x2e, 0xfa, 0x2a, 0x7a, 0xaa, 0x2e, 0x00 } },
    { 0x548e, 1, { 0x74, 0xd4, 0x2a, 0xd0, 0x7e, 0x44, 0x7c, 0x00 } },
    { 0x548f, 1, { 0x18, 0xc0, 0xd8, 0xfa, 0xdc, 0x2a, 0x18, 0x00 } },
    { 0x5490, 1, { 0x0a, 0xd6, 0xf2, 0xda, 0xd2, 0x12, 0x16, 0x00 } },
    { 0x5492, 1, { 0xee, 0xaa, 0xee, 0x38, 0x28, 0x2a, 0xce, 0x00 } },
    { 0x54a2, 1, { 0xee, 0xee, 0x38, 0xfe, 0x3c, 0x04, 0x1c, 0x00 } },
    { 0x54a4, 1, { 0x08, 0xfe, 0xe6, 0xd8, 0xfe, 0x08, 0x0e, 0x00 } },
    { 0x54a5, 1, { 0x3e, 0xd4, 0xfa, 0xc8, 0xdc, 0x08, 0x3e, 0x00 } },
    { 0x54a8, 1, { 0x90, 0x1e, 0x2a, 0x94, 0x7c, 0x44, 0x7c, 0x00 } },
    { 0x54ab, 1, { 0x76, 0x56, 0x56, 0x60, 0x6a, 0x50, 0x8e, 0x00 } },
    { 0x54ac, 1, { 0x08, 0xfe, 0xd4, 0xe2, 0xd4, 0x08, 0x36, 0x00 } },
    { 0x54af, 1, { 0x0c, 0xd4, 0xc8, 0xd4, 0xe2, 0x1c, 0x1c, 0x00 } },
    { 0x54b2, 1, { 0x14, 0xe0, 0xbe, 0xa8, 0xfe, 0x08, 0x36, 0x00 } },
    { 0x54b3, 1, { 0x04, 0xfe, 0xa8, 0xb4, 0xea, 0x04, 0x1a, 0x00 } },
    { 0x54b8, 1, { 0x04, 0x7e, 0x44, 0x74, 0x46, 0x74, 0xba, 0x00 } },
    { 0x54bc, 1, { 0x7c, 0x5c, 0x54, 0xfe, 0xba, 0xaa, 0xba, 0x00 } },
    { 0x54bd, 1, { 0x3e, 0xea, 0xbe, 0xaa, 0xf6, 0x22, 0x3e, 0x00 } },
    { 0x54be, 1, { 0x0a, 0xdc, 0xc8, 0xfe, 0xd4, 0x28, 0x0e, 0x00 } },
    { 0x54c0, 1, { 0x10, 0xfe, 0x44, 0x7c, 0x2a, 0xe4, 0x32, 0x00 } },
    { 0x54c1, 1, { 0x7c, 0x44, 0x7c, 0x00, 0xee, 0xaa, 0xee, 0x00 } },
    { 0x54c2, 1, { 0x3e, 0xd4, 0xbe, 0xb6, 0xf6, 0x22, 0x3e, 0x00 } },
    { 0x54c4, 1, { 0x14, 0xfe, 0xd4, 0xd4, 0xfe, 0x00, 0x22, 0x00 } },
    { 0x54c7, 1, { 0x08, 0xdc, 0xc8, 0xfe, 0xdc, 0x08, 0x3e, 0x00 } },
    { 0x54c8, 1, { 0x08, 0xd4, 0xee, 0xc0, 0xdc, 0x14, 0x1c, 0x00 } },
    { 0x54c9, 1, { 0x28, 0x7a, 0x28, 0xfe, 0x06, 0x64, 0x6a, 0x00 } },
    { 0x54d8, 1, { 0x16, 0xe0, 0xd6, 0xf2, 0xd2, 0x12, 0x16, 0x00 } },
    { 0x54e1, 1, { 0x38, 0x28, 0x7c, 0x7c, 0x44, 0x7c, 0xc6, 0x00 } },
    { 0x54e2, 1, { 0x3e, 0xc8, 0xfe, 0xd4, 0xfe, 0x14, 0x24, 0x00 } },
    { 0x54e5, 1, { 0xfe, 0x54, 0x74, 0xfe, 0x74, 0x54, 0x74, 0x00 } },
    { 0x54e6, 1, { 0x0e, 0xf4, 0xfe, 0xd4, 0xd6, 0x3c, 0x12, 0x00 } },
    { 0x54e8, 1, { 0x16, 0xe4, 0xbe, 0xb2, 0xfe, 0x12, 0x16, 0x00 } },
    { 0x54e9, 1, { 0x3e, 0xea, 0xbe, 0xaa, 0xfe, 0x08, 0x3e, 0x00 } },
    { 0x54ed, 1, { 0xee, 0xaa, 0xee, 0x14, 0xfe, 0x10, 0xee, 0x00 } },
    { 0x54ee, 1, { 0x0a, 0xdc, 0xc8, 0xfe, 0xd4, 0x2e, 0x04, 0x00 } },
    { 0x54f2, 1, { 0x44, 0xd8, 0x5e, 0xd4, 0x7c, 0x44, 0x7c, 0x00 } },
    { 0x54fa, 1, { 0x0a, 0xfe, 0xa8, 0xbe, 0xea, 0x3e, 0x2a, 0x00 } },
    { 0x54fd, 1, { 0x3e, 0xdc, 0xdc, 0xc8, 0xd8, 0x08, 0x36, 0x00 } },
    { 0x5504, 1, { 0x1e, 0xf2, 0xbe, 0xb2, 0xfe, 0x00, 0x12, 0x00 } },
    { 0x5506, 1, { 0x12, 0xfe, 0xd4, 0xe6, 0xdc, 0x28, 0x16, 0x00 } },
    { 0x5507, 1, { 0x7e, 0x5c, 0x7e, 0x68, 0xb6, 0x3c, 0x3c, 0x00 } },
    { 0x550f, 1, { 0x14, 0xc8, 0xd4, 0xfe, 0xc8, 0x1e, 0x2a, 0x00 } },
    { 0x5510, 1, { 0x08, 0x7e, 0x5c, 0x4e, 0x7c, 0x54, 0x9c, 0x00 } },
    { 0x5514, 1, { 0x1c, 0xc8, 0xfc, 0xd4, 0xfe, 0x14, 0x1c, 0x00 } },
    { 0x5516, 1, { 0x3e, 0xd4, 0xbe, 0xb6, 0xfe, 0x14, 0x3e, 0x00 } },
    { 0x552e, 1, { 0x28, 0x3e, 0x68, 0xbe, 0x3c, 0x24, 0x3c, 0x00 } },
    { 0x552f, 1, { 0x14, 0xde, 0xf4, 0xde, 0xd4, 0x14, 0x1e, 0x00 } },
    { 0x5531, 1, { 0x1c, 0xf4, 0xbe, 0xa2, 0xfe, 0x22, 0x3e, 0x00 } },
    { 0x5533, 1, { 0x3e, 0xd2, 0xde, 0xd4, 0xde, 0x24, 0x1a, 0x00 } },
    { 0x5538, 1, { 0x08, 0xd4, 0xee, 0xdc, 0xc4, 0x32, 0x2e, 0x00 } },
    { 0x5539, 1, { 0x14, 0xfa, 0xd0, 0xdc, 0xea, 0x0c, 0x1a, 0x00 } },
    { 0x553e, 1, { 0x1c, 0xc8, 0xfe, 0xd4, 0xfe, 0x08, 0x3e, 0x00 } },
    { 0x5540, 1, { 0x3e, 0xe4, 0xae, 0xa4, 0xee, 0x24, 0x5e, 0x00 } },
    { 0x5544, 1, { 0x3e, 0xd0, 0xda, 0xec, 0xdc, 0x2a, 0x18, 0x00 } },
    { 0x5545, 1, { 0x08, 0xce, 0xdc, 0xd4, 0xdc, 0x3e, 0x08, 0x00 } },
    { 0x5546, 1, { 0x10, 0xfe, 0x24, 0xfe, 0xaa, 0xde, 0x9a, 0x00 } },
    { 0x554c, 1, { 0x08, 0xfe, 0xf6, 0xc0, 0xdc, 0x08, 0x3e, 0x00 } },
    { 0x554f, 1, { 0xee, 0xaa, 0xee, 0x82, 0xba, 0xaa, 0xba, 0x00 } },
    { 0x5553, 1, { 0xf6, 0x5a, 0x74, 0x8a, 0x7c, 0x44, 0x7c, 0x00 } },
    { 0x5556, 1, { 0x2a, 0xd4, 0xe2, 0xc8, 0xea, 0x14, 0x22, 0x00 } },
    { 0x5557, 1, { 0x0e, 0xd2, 0xc4, 0xd6, 0xe2, 0x36, 0x3e, 0x00 } },
    { 0x555c, 1, { 0x3e, 0xd4, 0xaa, 0xbe, 0xea, 0x14, 0x2a, 0x00 } },
    { 0x555d, 1, { 0x38, 0xd6, 0xfe, 0xd6, 0xd8, 0x34, 0x52, 0x00 } },
    { 0x5563, 1, { 0x26, 0xfe, 0xd6, 0xde, 0xf6, 0x3c, 0x04, 0x00 } },
    { 0x557b, 1, { 0x10, 0xfe, 0x24, 0xfe, 0xaa, 0x7c, 0x7c, 0x00 } },
    { 0x557c, 1, { 0x08, 0xfe, 0xd4, 0xfe, 0xea, 0x1c, 0x14, 0x00 } },
    { 0x557e, 1, { 0x34, 0xd4, 0xfe, 0xdc, 0xf4, 0x34, 0x1a, 0x00 } },
    { 0x5580, 1, { 0x08, 0xfe, 0xee, 0xd4, 0xc8, 0x36, 0x1c, 0x00 } },
    { 0x5583, 1, { 0x08, 0xfe, 0xc8, 0xf6, 0xea, 0x3e, 0x2a, 0x00 } },
    { 0x5584, 1, { 0x44, 0xfe, 0x10, 0xfe, 0x54, 0xfe, 0x7c, 0x00 } },
    { 0x5587, 1, { 0x12, 0xfe, 0xb6, 0xbe, 0xd2, 0x3a, 0x56, 0x00 } },
    { 0x5589, 1, { 0x2c, 0xe4, 0xbe, 0xa8, 0xfe, 0x24, 0x3a, 0x00 } },
    { 0x558a, 1, { 0x04, 0xfe, 0xa4, 0xbc, 0xe6, 0x3c, 0x5a, 0x00 } },
    { 0x558b, 1, { 0x2a, 0xfe, 0xae, 0xa0, 0xfe, 0x1c, 0x2a, 0x00 } },
    { 0x5598, 1, { 0x2a, 0xfe, 0xc0, 0xfe, 0xd0, 0x3e, 0x2a, 0x00 } },
    { 0x5599, 1, { 0x0e, 0xd4, 0xfe, 0xe8, 0xda, 0x2c, 0x1a, 0x00 } },
    { 0x559a, 1, { 0x1c, 0xe4, 0xdc, 0xdc, 0xfe, 0x08, 0x36, 0x00 } },
    { 0x559c, 1, { 0x10, 0xfe, 0x7c, 0x28, 0xfe, 0x44, 0x7c, 0x00 } },
    { 0x559d, 1, { 0x1c, 0xd4, 0xdc, 0xde, 0xf2, 0x1a, 0x06, 0x00 } },
    { 0x559e, 1, { 0x16, 0xfe, 0xae, 0xbe, 0xe6, 0x34, 0x24, 0x00 } },
    { 0x559f, 1, { 0x3e, 0xea, 0xbe, 0xbe, 0xf4, 0x1c, 0x14, 0x00 } },
    { 0x55a7, 1, { 0x08, 0xfe, 0xee, 0xc0, 0xdc, 0x14, 0x3e, 0x00 } },
    { 0x55a8, 1, { 0x08, 0xfe, 0xd4, 0xfe, 0xe2, 0x14, 0x26, 0x00 } },
    { 0x55a9, 1, { 0x38, 0xd4, 0xee, 0xc0, 0xfa, 0x3c, 0x2a, 0x00 } },
    { 0x55aa, 1, { 0x10, 0xfe, 0x76, 0x10, 0xfe, 0x68, 0xb6, 0x00 } },
    { 0x55ab, 1, { 0x16, 0xfe, 0xd6, 0xfa, 0xdc, 0x08, 0x36, 0x00 } },
    { 0x55ac, 1, { 0x38, 0xfe, 0x28, 0xd6, 0xfe, 0xaa, 0xba, 0x00 } },
    { 0x55ae, 1, { 0xee, 0xaa, 0xfe, 0x54, 0x7c, 0xfe, 0x10, 0x00 } },
    { 0x55b0, 1, { 0x08, 0xd4, 0xea, 0xd8, 0xda, 0x14, 0x3a, 0x00 } },
    { 0x55b6, 1, { 0x54, 0xfe, 0xaa, 0x38, 0x10, 0x7c, 0x7c, 0x00 } },
    { 0x55c4, 1, { 0x3e, 0xdc, 0xdc, 0xdc, 0xf4, 0x08, 0x36, 0x00 } },
    { 0x55c5, 1, { 0x08, 0xdc, 0xd4, 0xdc, 0xfe, 0x08, 0x36, 0x00 } },
    { 0x55c7, 1, { 0x10, 0xfe, 0x54, 0xba, 0xfe, 0x6c, 0x7c, 0x00 } },
    { 0x55d4, 1, { 0x10, 0xde, 0xcc, 0xec, 0xfe, 0x00, 0x22, 0x00 } },
    { 0x55da, 1, { 0x08, 0xdc, 0xd4, 0xdc, 0xde, 0x02, 0x2a, 0x00 } },
    { 0x55dc, 1, { 0x0a, 0xdc, 0xfe, 0xd8, 0xee, 0x1c, 0x1c, 0x00 } },
    { 0x55df, 1, { 0x14, 0xfe, 0xc8, 0xfe, 0xde, 0x14, 0x2e, 0x00 } },
    { 0x55e3, 1, { 0x6e, 0x62, 0x0e, 0xf2, 0xfe, 0xde, 0x92, 0x00 } },
    { 0x55e4, 1, { 0x2a, 0xfe, 0xc8, 0xfe, 0xdc, 0x0a, 0x3e, 0x00 } },
    { 0x55f7, 1, { 0x14, 0xfe, 0xd6, 0xfe, 0xd6, 0x1c, 0x2a, 0x00 } },
    { 0x55f9, 1, { 0x24, 0xde, 0xec, 0xcc, 0xde, 0x24, 0x3e, 0x00 } },
    { 0x55fd, 1, { 0x14, 0xfe, 0xba, 0xbc, 0xd4, 0x34, 0x5a, 0x00 } },
    { 0x55fe, 1, { 0x14, 0xfe, 0xd6, 0xdc, 0xee, 0x0c, 0x1a, 0x00 } },
    { 0x5606, 1, { 0x14, 0xfe, 0xaa, 0xbe, 0xfe, 0x08, 0x36, 0x00 } },
    { 0x5609, 1, { 0x10, 0xfe, 0x7c, 0x28, 0xfe, 0x5a, 0xbe, 0x00 } },
    { 0x5614, 1, { 0x3e, 0xec, 0xac, 0xa0, 0xf6, 0x36, 0x3e, 0x00 } },
    { 0x5616, 1, { 0x08, 0xdc, 0xc8, 0xfe, 0xdc, 0x1c, 0x22, 0x00 } },
    { 0x5617, 1, { 0x54, 0xfe, 0xba, 0x40, 0x7e, 0x44, 0x7c, 0x00 } },
    { 0x5618, 1, { 0x08, 0xee, 0xb8, 0xae, 0xe0, 0x34, 0x5e, 0x00 } },
    { 0x561b, 1, { 0x08, 0xfe, 0xd4, 0xfe, 0xfe, 0x7e, 0x94, 0x00 } },
    { 0x5629, 1, { 0x14, 0xfe, 0xdc, 0xfe, 0xdc, 0x3e, 0x08, 0x00 } },
    { 0x562f, 1, { 0x08, 0xdc, 0xce, 0xf4, 0xe2, 0x36, 0x56, 0x00 } },
    { 0x5631, 1, { 0x3e, 0xfe, 0xa4, 0xac, 0xfe, 0x36, 0x5a, 0x00 } },
    { 0x5632, 1, { 0x3e, 0xda, 0xbe, 0xba, 0xde, 0x3a, 0x12, 0x00 } },
    { 0x5634, 1, { 0x24, 0xf6, 0xe4, 0xfe, 0xdc, 0x1c, 0x24, 0x00 } },
    { 0x5636, 1, { 0x2a, 0xfc, 0xac, 0xbe, 0xfe, 0x06, 0x2a, 0x00 } },
    { 0x5638, 1, { 0x20, 0xfe, 0xd4, 0xfe, 0xd4, 0x3e, 0x2a, 0x00 } },
    { 0x5642, 1, { 0x14, 0xfe, 0xb6, 0xa2, 0xfe, 0x14, 0x0c, 0x00 } },
    { 0x564c, 1, { 0x14, 0xfe, 0xaa, 0xbe, 0xfc, 0x14, 0x1c, 0x00 } },
    { 0x564e, 1, { 0x08, 0xfe, 0xc8, 0xfe, 0xea, 0x14, 0x3e, 0x00 } },
    { 0x5650, 1, { 0x6c, 0x6c, 0xfe, 0x10, 0xfe, 0x6c, 0x6c, 0x00 } },
    { 0x565b, 1, { 0x14, 0xf6, 0xbc, 0xb6, 0xea, 0x36, 0x3e, 0x00 } },
    { 0x5664, 1, { 0x12, 0xf6, 0xd2, 0xdc, 0xfe, 0x08, 0x2a, 0x00 } },
    { 0x5668, 1, { 0x6c, 0x6c, 0x10, 0xfe, 0x10, 0xee, 0x6c, 0x00 } },
    { 0x566a, 1, { 0x1c, 0xf4, 0xbe, 0xaa, 0xfe, 0x1c, 0x2a, 0x00 } },
    { 0x566b, 1, { 0x08, 0xfe, 0xd4, 0xfe, 0xdc, 0x32, 0x2e, 0x00 } },
    { 0x566c, 1, { 0x24, 0xf6, 0xd2, 0xfe, 0xdc, 0x2a, 0x3e, 0x00 } },
    { 0x5674, 1, { 0x08, 0xfe, 0xd4, 0xfe, 0xd4, 0x1c, 0x22, 0x00 } },
    { 0x5678, 1, { 0x2e, 0xf4, 0xae, 0xbe, 0xe6, 0x30, 0x0a, 0x00 } },
    { 0x567a, 1, { 0x12, 0xfc, 0xe8, 0xde, 0xfa, 0x3a, 0x52, 0x00 } },
    { 0x5680, 1, { 0x08, 0xfe, 0xba, 0xac, 0xfe, 0x08, 0x18, 0x00 } },
    { 0x5686, 1, { 0x14, 0xfe, 0xdc, 0xd4, 0xfe, 0x22, 0x2a, 0x00 } },
    { 0x5687, 1, { 0x14, 0xfe, 0xd4, 0xfe, 0xf6, 0x36, 0x5a, 0x00 } },
    { 0x568a, 1, { 0x08, 0xdc, 0xd4, 0xfe, 0xea, 0x3e, 0x14, 0x00 } },
    { 0x568f, 1, { 0x08, 0xdc, 0xfe, 0xfe, 0xce, 0x18, 0x2e, 0x00 } },
    { 0x5694, 1, { 0x08, 0xdc, 0xfe, 0xfe, 0xcc, 0x18, 0x2e, 0x00 } },
    { 0x56a0, 1, { 0x16, 0xee, 0xf6, 0xca, 0xd6, 0x2a, 0x1e, 0x00 } },
    { 0x56a2, 1, { 0x10, 0xfe, 0x54, 0xfe, 0xfe, 0x68, 0xb6, 0x00 } },
    { 0x56a5, 1, { 0x14, 0xfe, 0xdc, 0xd4, 0xfe, 0x00, 0x2a, 0x00 } },
    { 0x56ae, 1, { 0x76, 0xb6, 0x66, 0xb4, 0xfe, 0xaa, 0xba, 0x00 } },
    { 0x56b4, 1, { 0x6c, 0x7e, 0x60, 0x76, 0x5a, 0x74, 0x9a, 0x00 } },
    { 0x56b6, 1, { 0x36, 0xf6, 0xea, 0xd0, 0xfe, 0x14, 0x3a, 0x00 } },
    { 0x56bc, 1, { 0x1c, 0xea, 0xbe, 0xbe, 0xe6, 0x32, 0x26, 0x00 } },
    { 0x56c0, 1, { 0x34, 0xde, 0xbe, 0xbe, 0xd6, 0x3a, 0x16, 0x00 } },
    { 0x56c1, 1, { 0x1e, 0xec, 0xbe, 0xa4, 0xf6, 0x3e, 0x12, 0x00 } },
    { 0x56c2, 1, { 0x6c, 0x6c, 0xfe, 0x38, 0x38, 0xee, 0x6c, 0x00 } },
    { 0x56c3, 1, { 0x12, 0xfc, 0xee, 0xd4, 0xfe, 0x3c, 0x56, 0x00 } },
    { 0x56c8, 1, { 0x14, 0xfe, 0xd4, 0xda, 0xfe, 0x14, 0x3a, 0x00 } },
    { 0x56ce, 1, { 0x74, 0xda, 0xf6, 0xd6, 0xf0, 0x06, 0x56, 0x00 } },
    { 0x56d1, 1, { 0x3e, 0xfe, 0xaa, 0xbc, 0xfe, 0x2e, 0x5a, 0x00 } },
    { 0x56d3, 1, { 0x16, 0xfe, 0xda, 0xfe, 0xda, 0x16, 0x1e, 0x00 } },
    { 0x56d7, 1, { 0xfe, 0x82, 0x82, 0x82, 0x82, 0x82, 0xfe, 0x00 } },
    { 0x56d8, 1, { 0xfe, 0xba, 0xaa, 0xba, 0xa2, 0xba, 0x86, 0x00 } },
    { 0x56da, 1, { 0xfe, 0x92, 0x92, 0x92, 0xaa, 0xc6, 0xfe, 0x00 } },
    { 0x56db, 1, { 0xfe, 0xaa, 0xaa, 0xae, 0xc2, 0x82, 0xfe, 0x00 } },
    { 0x56de, 1, { 0xfe, 0x82, 0xba, 0xaa, 0xba, 0x82, 0xfe, 0x00 } },
    { 0x56e0, 1, { 0xfe, 0x92, 0xfe, 0x92, 0xaa, 0xc6, 0xfe, 0x00 } },
    { 0x56e3, 1, { 0xfe, 0x8a, 0xfe, 0xaa, 0x8a, 0x9a, 0xfe, 0x00 } },
    { 0x56ee, 1, { 0xfe, 0x9a, 0xae, 0xea, 0xaa, 0xae, 0xfe, 0x00 } },
    { 0x56f0, 1, { 0xfe, 0x92, 0xfe, 0xba, 0xd6, 0x92, 0xfe, 0x00 } },
    { 0x56f2, 1, { 0xfe, 0xaa, 0xfe, 0xaa, 0xfe, 0xaa, 0xfe, 0x00 } },
    { 0x56f3, 1, { 0xfe, 0xd2, 0x86, 0xaa, 0x9a, 0xa6, 0xfe, 0x00 } },
    { 0x56f9, 1, { 0xfe, 0x92, 0xaa, 0xfe, 0x96, 0x92, 0xfe, 0x00 } },
    { 0x56fa, 1, { 0xfe, 0x92, 0xba, 0x92, 0xaa, 0xba, 0xfe, 0x00 } },
    { 0x56fd, 1, { 0xfe, 0xba, 0x92, 0xba, 0x96, 0xba, 0xfe, 0x00 } },
    { 0x56ff, 1, { 0xfe, 0xa2, 0xfa, 0xa2, 0xda, 0x9a, 0xfe, 0x00 } },
    { 0x5700, 1, { 0xfe, 0xaa, 0xce, 0xbe, 0x9a, 0xaa, 0xfe, 0x00 } },
    { 0x5703, 1, { 0xfe, 0x96, 0xfe, 0xba, 0xba, 0xaa, 0xfe, 0x00 } },
    { 0x5704, 1, { 0xfe, 0xba, 0xf2, 0xaa, 0xfe, 0xba, 0xfe, 0x00 } },
    { 0x5708, 1, { 0xfe, 0xaa, 0xfe, 0xba, 0xf6, 0xba, 0xfe, 0x00 } },
    { 0x5709, 1, { 0xfe, 0x92, 0xfe, 0xaa, 0xfe, 0x92, 0xfe, 0x00 } },
    { 0x570b, 1, { 0xfe, 0x8a, 0xfe, 0xea, 0x8a, 0xe6, 0xfe, 0x00 } },
    { 0x570d, 1, { 0xfe, 0x9a, 0xfe, 0xaa, 0xfe, 0x8a, 0xfe, 0x00 } },
    { 0x570f, 1, { 0xfe, 0xaa, 0xfe, 0xba, 0xd6, 0x9a, 0xfe, 0x00 } },
    { 0x5712, 1, { 0xfe, 0xba, 0xfe, 0xaa, 0xba, 0xd6, 0xfe, 0x00 } },
    { 0x5713, 1, { 0xfe, 0xba, 0xaa, 0xba, 0xba, 0xc6, 0xfe, 0x00 } },
    { 0x5716, 1, { 0xfe, 0xaa, 0xba, 0xfe, 0xaa, 0xba, 0xfe, 0x00 } },
    { 0x5718, 1, { 0xfe, 0x92, 0xfe, 0xba, 0xfe, 0x8a, 0xfe, 0x00 } },
    { 0x571c, 1, { 0xfe, 0xba, 0xfe, 0xba, 0xea, 0xb6, 0xfe, 0x00 } },
    { 0x571f, 1, { 0x10, 0x10, 0x7c, 0x10, 0x10, 0x10, 0xfe, 0x00 } },
    { 0x5726, 1, { 0x58, 0x48, 0xe8, 0x48, 0x54, 0xd4, 0x22, 0x00 } },
    { 0x5727, 1, { 0x7e, 0x48, 0x48, 0x5c, 0x48, 0x48, 0xbe, 0x00 } },
    { 0x5728, 1, { 0x20, 0xfe, 0x28, 0x5c, 0xc8, 0x48, 0x7e, 0x00 } },
    { 0x572d, 1, { 0x10, 0x7c, 0x10, 0xfe, 0x7c, 0x10, 0xfe, 0x00 } },
    { 0x5730, 1, { 0x44, 0x54, 0xde, 0x76, 0x54, 0xd2, 0x1e, 0x00 } },
    { 0x5737, 1, { 0x5e, 0x48, 0xec, 0x4a, 0x68, 0xc8, 0x08, 0x00 } },
    { 0x5738, 1, { 0x48, 0x48, 0xea, 0x6a, 0x6a, 0xea, 0x3e, 0x00 } },
    { 0x573b, 1, { 0x44, 0x58, 0xd0, 0x5e, 0x54, 0xd4, 0x24, 0x00 } },
    { 0x5740, 1, { 0x44, 0x44, 0xd6, 0x54, 0x54, 0xd4, 0x3e, 0x00 } },
    { 0x5742, 1, { 0x5e, 0x50, 0xfe, 0x5a, 0x5a, 0xe4, 0x1a, 0x00 } },
    { 0x5747, 1, { 0x50, 0x5e, 0xe2, 0x4a, 0x66, 0xda, 0x06, 0x00 } },
    { 0x574a, 1, { 0x44, 0x5e, 0xe8, 0x4e, 0x6a, 0xca, 0x16, 0x00 } },
    { 0x574e, 1, { 0x50, 0x5e, 0xea, 0x48, 0x48, 0xd4, 0x22, 0x00 } },
    { 0x574f, 1, { 0x7e, 0x48, 0xc8, 0x5c, 0x6a, 0xc8, 0x08, 0x00 } },
    { 0x5750, 1, { 0x54, 0x54, 0xba, 0x10, 0x7c, 0x10, 0xfe, 0x00 } },
    { 0x5751, 1, { 0x48, 0x7e, 0xc0, 0x5c, 0x54, 0xd4, 0x26, 0x00 } },
    { 0x5761, 1, { 0x48, 0x7e, 0xea, 0x7c, 0x74, 0xe8, 0x36, 0x00 } },
    { 0x5764, 1, { 0x48, 0x7e, 0xea, 0x7e, 0x6a, 0xfe, 0x08, 0x00 } },
    { 0x5766, 1, { 0x5e, 0x52, 0xfe, 0x52, 0x7e, 0xc0, 0x1e, 0x00 } },
    { 0x5769, 1, { 0x54, 0x7e, 0xd4, 0x5c, 0x54, 0xd4, 0x1c, 0x00 } },
    { 0x576a, 1, { 0x7e, 0x48, 0xea, 0x48, 0x7e, 0xc8, 0x08, 0x00 } },
    { 0x577f, 1, { 0x4a, 0x56, 0xf2, 0x5a, 0x72, 0xd2, 0x16, 0x00 } },
    { 0x5782, 1, { 0x0c, 0x70, 0xfe, 0x54, 0xfe, 0x10, 0xfe, 0x00 } },
    { 0x5788, 1, { 0x2a, 0x5e, 0xc4, 0x52, 0x7c, 0x10, 0xfe, 0x00 } },
    { 0x5789, 1, { 0x50, 0x5e, 0xe2, 0x5a, 0x5a, 0xd0, 0x1e, 0x00 } },
    { 0x578b, 1, { 0xfa, 0x56, 0xfe, 0x52, 0xba, 0x10, 0xfe, 0x00 } },
    { 0x5793, 1, { 0x48, 0x7e, 0xd0, 0x6a, 0x54, 0xcc, 0x32, 0x00 } },
    { 0x57a0, 1, { 0x5e, 0x52, 0xfe, 0x52, 0x7e, 0xd4, 0x1a, 0x00 } },
    { 0x57a2, 1, { 0x42, 0x5c, 0xd0, 0x5e, 0x50, 0xd6, 0x26, 0x00 } },
    { 0x57a3, 1, { 0x7e, 0x5c, 0xd4, 0x5c, 0x54, 0xdc, 0x3e, 0x00 } },
    { 0x57a4, 1, { 0x7e, 0x54, 0xfa, 0x48, 0x5c, 0xc8, 0x3e, 0x00 } },
    { 0x57aa, 1, { 0x54, 0x40, 0xfe, 0x54, 0x7e, 0xd4, 0x24, 0x00 } },
    { 0x57b0, 1, { 0x48, 0x4e, 0xe8, 0x5e, 0x6c, 0xca, 0x08, 0x00 } },
    { 0x57b3, 1, { 0x56, 0x60, 0xd6, 0x72, 0x52, 0xd2, 0x16, 0x00 } },
    { 0x57c0, 1, { 0x0c, 0x70, 0xfe, 0x54, 0xd6, 0x38, 0xfe, 0x00 } },
    { 0x57c3, 1, { 0x48, 0x52, 0xfe, 0x50, 0x7e, 0xc8, 0x36, 0x00 } },
    { 0x57c6, 1, { 0x4c, 0x74, 0xde, 0x5a, 0x5e, 0xd2, 0x26, 0x00 } },
    { 0x57cb, 1, { 0x7e, 0x6a, 0xfe, 0x6a, 0x7e, 0xc8, 0x3e, 0x00 } },
    { 0x57ce, 1, { 0x44, 0x7e, 0xe4, 0x7c, 0x6e, 0xf4, 0x2a, 0x00 } },
    { 0x57d2, 1, { 0x5c, 0x6a, 0xc4, 0x7e, 0x44, 0xd4, 0x0c, 0x00 } },
    { 0x57d3, 1, { 0x4c, 0x54, 0xc8, 0x7e, 0x44, 0xd4, 0x0c, 0x00 } },
    { 0x57d4, 1, { 0x4a, 0x7e, 0xc8, 0x7e, 0x6a, 0xfe, 0x2a, 0x00 } },
    { 0x57d6, 1, { 0x54, 0x7e, 0xc4, 0x54, 0x76, 0xd4, 0x16, 0x00 } },
    { 0x57dc, 1, { 0x24, 0xfe, 0x6c, 0xb6, 0x7c, 0x10, 0xfe, 0x00 } },
    { 0x57df, 1, { 0x44, 0x7e, 0xc4, 0x74, 0x76, 0xcc, 0x32, 0x00 } },
    { 0x57e0, 1, { 0x48, 0x5c, 0xf4, 0x5e, 0x52, 0xfe, 0x08, 0x00 } },
    { 0x57e3, 1, { 0x48, 0x7e, 0xd4, 0x54, 0x6a, 0xfe, 0x08, 0x00 } },
    { 0x57f4, 1, { 0x44, 0x5e, 0xe4, 0x56, 0x76, 0xd0, 0x1e, 0x00 } },
    { 0x57f7, 1, { 0x28, 0x7c, 0xf4, 0x54, 0xfc, 0x74, 0x26, 0x00 } },
    { 0x57f9, 1, { 0x48, 0x7e, 0xd4, 0x7e, 0x40, 0xdc, 0x1c, 0x00 } },
    { 0x57fa, 1, { 0x28, 0x7c, 0x28, 0xfe, 0x44, 0x92, 0x38, 0x00 } },
    { 0x57fc, 1, { 0x48, 0x7e, 0xc8, 0x54, 0x7e, 0xc4, 0x14, 0x00 } },
    { 0x5800, 1, { 0x7e, 0x62, 0xfe, 0x6e, 0x64, 0xd6, 0x1e, 0x00 } },
    { 0x5802, 1, { 0x54, 0xfe, 0xaa, 0x38, 0x7c, 0x10, 0xfe, 0x00 } },
    { 0x5805, 1, { 0xee, 0xca, 0xe4, 0x1a, 0x7c, 0x10, 0xfe, 0x00 } },
    { 0x5806, 1, { 0x54, 0x5e, 0xf4, 0x5e, 0x74, 0xd4, 0x1e, 0x00 } },
    { 0x580a, 1, { 0xfe, 0x6c, 0x44, 0x6c, 0xfe, 0x10, 0xfe, 0x00 } },
    { 0x580b, 1, { 0x7e, 0x6a, 0xfe, 0x6a, 0x7e, 0xea, 0x56, 0x00 } },
    { 0x5815, 1, { 0xc8, 0xde, 0x88, 0xd6, 0x86, 0x10, 0xfe, 0x00 } },
    { 0x5819, 1, { 0x5e, 0x4c, 0xfe, 0x5e, 0x7e, 0xc4, 0x1e, 0x00 } },
    { 0x581d, 1, { 0x4e, 0x4a, 0xea, 0x5e, 0x72, 0xda, 0x1a, 0x00 } },
    { 0x5821, 1, { 0x3c, 0x54, 0xfe, 0x5c, 0x6a, 0x10, 0xfe, 0x00 } },
    { 0x5824, 1, { 0x4c, 0x4c, 0xfe, 0x44, 0x56, 0xd4, 0x2e, 0x00 } },
    { 0x582a, 1, { 0x54, 0x7e, 0xd4, 0x54, 0x7e, 0xe8, 0x3e, 0x00 } },
    { 0x582f, 1, { 0x10, 0x7c, 0xfe, 0x6c, 0xfe, 0x28, 0xce, 0x00 } },
    { 0x5830, 1, { 0x7e, 0x6c, 0xec, 0x7a, 0x64, 0xea, 0x3e, 0x00 } },
    { 0x5831, 1, { 0x2e, 0x7a, 0xf8, 0x5e, 0xfa, 0x74, 0x2a, 0x00 } },
    { 0x5834, 1, { 0x5c, 0x54, 0xfe, 0x50, 0x5e, 0xea, 0x16, 0x00 } },
    { 0x5835, 1, { 0x4a, 0x5c, 0xc8, 0x7e, 0x50, 0xee, 0x0e, 0x00 } },
    { 0x583a, 1, { 0x7e, 0x6a, 0xfe, 0x6a, 0x5c, 0xf6, 0x14, 0x00 } },
    { 0x583d, 1, { 0x5e, 0x5a, 0xde, 0x44, 0x56, 0xd4, 0x1e, 0x00 } },
    { 0x5840, 1, { 0x7e, 0x62, 0xfe, 0x74, 0x6c, 0xfe, 0x14, 0x00 } },
    { 0x5841, 1, { 0x7c, 0x54, 0x7c, 0x82, 0x44, 0x92, 0x7c, 0x00 } },
    { 0x584a, 1, { 0x48, 0x7e, 0xea, 0x7e, 0x6a, 0xdc, 0x2e, 0x00 } },
    { 0x584b, 1, { 0xaa, 0x44, 0xfe, 0x92, 0x38, 0x10, 0xfe, 0x00 } },
    { 0x5851, 1, { 0xae, 0xfa, 0xde, 0x7a, 0xca, 0x10, 0xfe, 0x00 } },
    { 0x5852, 1, { 0x48, 0x7c, 0xe8, 0x7e, 0x64, 0xfe, 0x14, 0x00 } },
    { 0x5854, 1, { 0x54, 0x7e, 0xc8, 0x54, 0x7e, 0xd4, 0x1c, 0x00 } },
    { 0x5857, 1, { 0x88, 0x14, 0xbe, 0x08, 0xba, 0x10, 0xfe, 0x00 } },
    { 0x5858, 1, { 0x48, 0x7e, 0xec, 0x66, 0x7c, 0xea, 0x0e, 0x00 } },
    { 0x5859, 1, { 0x48, 0x7e, 0xd4, 0x5c, 0x7e, 0xe2, 0x2a, 0x00 } },
    { 0x585a, 1, { 0x7e, 0x62, 0xdc, 0x7a, 0x5c, 0xec, 0x1a, 0x00 } },
    { 0x585e, 1, { 0x10, 0xfe, 0xaa, 0x7c, 0xfe, 0x54, 0xba, 0x00 } },
    { 0x5862, 1, { 0x48, 0x5c, 0xd4, 0x5c, 0x5e, 0xc2, 0x2a, 0x00 } },
    { 0x5869, 1, { 0x50, 0x5e, 0xf4, 0x5c, 0x40, 0xdc, 0x3e, 0x00 } },
    { 0x586b, 1, { 0x48, 0x7e, 0xdc, 0x5c, 0x7e, 0xc0, 0x22, 0x00 } },
    { 0x5870, 1, { 0xa0, 0x3e, 0x9c, 0x3e, 0x9c, 0x10, 0xfe, 0x00 } },
    { 0x5872, 1, { 0x50, 0x5e, 0xf4, 0x5c, 0x5e, 0xea, 0x16, 0x00 } },
    { 0x5875, 1, { 0x08, 0x7e, 0x5c, 0x64, 0x76, 0x48, 0xbe, 0x00 } },
    { 0x5879, 1, { 0x2e, 0xf8, 0x6e, 0xf4, 0x24, 0x10, 0xfe, 0x00 } },
    { 0x587e, 1, { 0x28, 0xfc, 0x5c, 0x7c, 0xae, 0x10, 0xfe, 0x00 } },
    { 0x5883, 1, { 0x48, 0x7e, 0xd4, 0x7e, 0x5c, 0xdc, 0x26, 0x00 } },
    { 0x5885, 1, { 0xee, 0xe4, 0xee, 0x46, 0xec, 0x10, 0xfe, 0x00 } },
    { 0x5893, 1, { 0x28, 0xfe, 0x38, 0xfe, 0x44, 0x92, 0x38, 0x00 } },
    { 0x5897, 1, { 0x54, 0x7e, 0xea, 0x7e, 0x5c, 0xd4, 0x1c, 0x00 } },
    { 0x589c, 1, { 0xd4, 0xfe, 0x9a, 0xec, 0x9a, 0x10, 0xfe, 0x00 } },
    { 0x589f, 1, { 0x44, 0x46, 0xdc, 0x56, 0x50, 0xd4, 0x2e, 0x00 } },
    { 0x58a8, 1, { 0x7c, 0x54, 0xfe, 0x00, 0xaa, 0x10, 0xfe, 0x00 } },
    { 0x58ab, 1, { 0x54, 0x62, 0xfe, 0x76, 0x7e, 0xd4, 0x0c, 0x00 } },
    { 0x58ae, 1, { 0xc8, 0xde, 0x88, 0xde, 0x8e, 0x10, 0xfe, 0x00 } },
    { 0x58b3, 1, { 0x48, 0x7e, 0xd4, 0x7e, 0x54, 0xdc, 0x22, 0x00 } },
    { 0x58b8, 1, { 0x54, 0x7e, 0xdc, 0x4c, 0x7e, 0xdc, 0x2c, 0x00 } },
    { 0x58b9, 1, { 0x76, 0x76, 0xe2, 0x6e, 0x6e, 0xee, 0x22, 0x00 } },
    { 0x58ba, 1, { 0x48, 0x5e, 0xde, 0x5a, 0x7e, 0xc8, 0x36, 0x00 } },
    { 0x58bb, 1, { 0x48, 0x7e, 0xd4, 0x6a, 0x7e, 0xf6, 0x3e, 0x00 } },
    { 0x58be, 1, { 0x2c, 0xdc, 0x6a, 0xac, 0x6a, 0x10, 0xfe, 0x00 } },
    { 0x58c1, 1, { 0x64, 0x7e, 0x4a, 0xfe, 0x64, 0x10, 0xfe, 0x00 } },
    { 0x58c5, 1, { 0x10, 0xfe, 0x8e, 0x5c, 0x8e, 0x10, 0xfe, 0x00 } },
    { 0x58c7, 1, { 0x48, 0x7e, 0xf6, 0x7e, 0x5c, 0xd4, 0x3e, 0x00 } },
    { 0x58ca, 1, { 0x48, 0x7e, 0xda, 0x5e, 0x7e, 0xf4, 0x1a, 0x00 } },
    { 0x58cc, 1, { 0x48, 0x7e, 0xd4, 0x76, 0x7e, 0xd4, 0x1a, 0x00 } },
    { 0x58d1, 1, { 0x6e, 0xfa, 0xaa, 0x74, 0xea, 0x10, 0xfe, 0x00 } },
    { 0x58d3, 1, { 0x7e, 0x74, 0x4e, 0x74, 0xba, 0x10, 0xfe, 0x00 } },
    { 0x58d5, 1, { 0x48, 0x7e, 0xd4, 0x7e, 0x5a, 0xec, 0x1a, 0x00 } },
    { 0x58d7, 1, { 0x48, 0x5c, 0xce, 0x5c, 0x6a, 0xdc, 0x3e, 0x00 } },
    { 0x58d8, 1, { 0x7c, 0x54, 0x7c, 0xee, 0xee, 0x10, 0xfe, 0x00 } },
    { 0x58d9, 1, { 0x48, 0x7e, 0xec, 0x7e, 0x6c, 0xec, 0x12, 0x00 } },
    { 0x58dc, 1, { 0x5c, 0x54, 0xfe, 0x76, 0x4c, 0xd4, 0x3a, 0x00 } },
    { 0x58de, 1, { 0x48, 0x7e, 0xda, 0x7e, 0x48, 0xf4, 0x1a, 0x00 } },
    { 0x58df, 1, { 0x26, 0xfc, 0x52, 0xf4, 0x56, 0x10, 0xfe, 0x00 } },
    { 0x58e4, 1, { 0x48, 0x7e, 0xf6, 0x5c, 0x7e, 0xf4, 0x1a, 0x00 } },
    { 0x58e5, 1, { 0x5e, 0x5c, 0xf0, 0x5a, 0x50, 0xe4, 0x1e, 0x00 } },
    { 0x58eb, 1, { 0x10, 0x10, 0xfe, 0x10, 0x10, 0x10, 0x7c, 0x00 } },
    { 0x58ec, 1, { 0x0c, 0x70, 0x10, 0xfe, 0x10, 0x10, 0x7c, 0x00 } },
    { 0x58ee, 1, { 0x48, 0x48, 0xfe, 0x48, 0xc8, 0x48, 0x5c, 0x00 } },
    { 0x58ef, 1, { 0xa4, 0xa4, 0xfe, 0x24, 0xe4, 0x64, 0xae, 0x00 } },
    { 0x58f0, 1, { 0x10, 0xfe, 0x10, 0x7c, 0x54, 0x7c, 0x80, 0x00 } },
    { 0x58f1, 1, { 0x10, 0xfe, 0x10, 0xfe, 0xba, 0x20, 0x3c, 0x00 } },
    { 0x58f2, 1, { 0x10, 0xfe, 0x10, 0xfe, 0x82, 0x28, 0xce, 0x00 } },
    { 0x58f7, 1, { 0x10, 0xfe, 0x10, 0xfe, 0xaa, 0x7c, 0xfe, 0x00 } },
    { 0x58f9, 1, { 0x10, 0xfe, 0x10, 0xfe, 0xba, 0x28, 0xfe, 0x00 } },
    { 0x58fa, 1, { 0x10, 0xfe, 0x10, 0xfe, 0xaa, 0x6c, 0xfe, 0x00 } },
    { 0x58fb, 1, { 0x5e, 0x4a, 0xec, 0x56, 0x6a, 0xce, 0x0a, 0x00 } },
    { 0x58fc, 1, { 0x10, 0xfe, 0x10, 0xfe, 0xba, 0x6c, 0xfe, 0x00 } },
    { 0x58fd, 1, { 0x10, 0x7c, 0xfe, 0x10, 0xfe, 0x64, 0x6c, 0x00 } },
    { 0x5902, 1, { 0x20, 0x3c, 0x44, 0xa8, 0x10, 0x28, 0xc6, 0x00 } },
    { 0x5909, 1, { 0x10, 0xfe, 0x28, 0xba, 0x68, 0x10, 0xee, 0x00 } },
    { 0x590a, 1, { 0x20, 0xbc, 0x44, 0xa8, 0x10, 0x28, 0xc6, 0x00 } },
    { 0x590f, 1, { 0xfe, 0x38, 0x38, 0x38, 0x68, 0x10, 0xee, 0x00 } },
    { 0x5910, 1, { 0x38, 0xdc, 0x3c, 0x3c, 0x68, 0x10, 0xee, 0x00 } },
    { 0x5915, 1, { 0x10, 0x1e, 0x22, 0xda, 0x04, 0x08, 0x70, 0x00 } },
    { 0x5916, 1, { 0x48, 0x78, 0x58, 0xbc, 0x1a, 0x28, 0xc8, 0x00 } },
    { 0x5918, 1, { 0x4e, 0x7a, 0x5a, 0xba, 0x1a, 0x28, 0xc8, 0x00 } },
    { 0x5919, 1, { 0x7c, 0x7c, 0x54, 0x5c, 0x6c, 0x54, 0xa6, 0x00 } },
    { 0x591a, 1, { 0x18, 0x68, 0x10, 0xee, 0x32, 0x0c, 0x70, 0x00 } },
    { 0x591b, 1, { 0x38, 0x08, 0xfe, 0x1c, 0x64, 0x18, 0xe0, 0x00 } },
    { 0x591c, 1, { 0x10, 0xfe, 0x28, 0x4e, 0xda, 0x44, 0x5a, 0x00 } },
    { 0x5922, 1, { 0x28, 0xfe, 0x54, 0xfe, 0xaa, 0x18, 0x70, 0x00 } },
    { 0x5925, 1, { 0xf6, 0xba, 0xf4, 0x26, 0xfa, 0x74, 0xa8, 0x00 } },
    { 0x5927, 1, { 0x10, 0x10, 0xfe, 0x10, 0x10, 0x28, 0xc6, 0x00 } },
    { 0x5929, 1, { 0xfe, 0x10, 0x7c, 0x10, 0x10, 0x28, 0xc6, 0x00 } },
    { 0x592a, 1, { 0x10, 0xfe, 0x10, 0x28, 0x28, 0x44, 0x92, 0x00 } },
    { 0x592b, 1, { 0x10, 0x7c, 0x10, 0xfe, 0x10, 0x28, 0xc6, 0x00 } },
    { 0x592c, 1, { 0x10, 0x7c, 0x14, 0xfe, 0x10, 0x28, 0xc6, 0x00 } },
    { 0x592d, 1, { 0x0c, 0x70, 0x10, 0xfe, 0x10, 0x28, 0xc6, 0x00 } },
    { 0x592e, 1, { 0x10, 0x7c, 0x54, 0xfe, 0x10, 0x28, 0xc6, 0x00 } },
    { 0x5931, 1, { 0x50, 0x7c, 0x90, 0xfe, 0x10, 0x28, 0xc6, 0x00 } },
    { 0x5932, 1, { 0x10, 0xfe, 0x28, 0xc6, 0x10, 0xfe, 0x10, 0x00 } },
    { 0x5937, 1, { 0x10, 0xfe, 0x7c, 0x50, 0x7c, 0x14, 0xee, 0x00 } },
    { 0x5938, 1, { 0x10, 0xfe, 0x28, 0xc6, 0x7c, 0x04, 0x1c, 0x00 } },
    { 0x593e, 1, { 0x10, 0xfe, 0x54, 0x54, 0xba, 0x10, 0xee, 0x00 } },
    { 0x5944, 1, { 0x10, 0xfe, 0x28, 0xd6, 0x7c, 0x7c, 0x0e, 0x00 } },
    { 0x5947, 1, { 0x10, 0x7c, 0x10, 0x28, 0xfe, 0x54, 0x74, 0x00 } },
    { 0x5948, 1, { 0x10, 0xfe, 0x28, 0xc6, 0x7c, 0x54, 0xb2, 0x00 } },
    { 0x5949, 1, { 0x10, 0x7c, 0x38, 0xfe, 0x54, 0xba, 0x10, 0x00 } },
    { 0x594e, 1, { 0x10, 0xfe, 0x28, 0xd6, 0x38, 0x10, 0xfe, 0x00 } },
    { 0x594f, 1, { 0x10, 0x7c, 0x38, 0xfe, 0x54, 0x92, 0x28, 0x00 } },
    { 0x5950, 1, { 0x38, 0xc8, 0x7c, 0x6c, 0xfe, 0x10, 0xee, 0x00 } },
    { 0x5951, 1, { 0x5e, 0xea, 0x4a, 0xf6, 0x7c, 0x10, 0xee, 0x00 } },
    { 0x5954, 1, { 0x10, 0xfe, 0x28, 0xd6, 0x38, 0xfe, 0x48, 0x00 } },
    { 0x5955, 1, { 0x10, 0xfe, 0x28, 0xaa, 0x7c, 0x10, 0xee, 0x00 } },
    { 0x5957, 1, { 0x10, 0xfe, 0x64, 0xb2, 0xfe, 0x24, 0xfa, 0x00 } },
    { 0x5958, 1, { 0xa4, 0xfe, 0x64, 0xae, 0x7c, 0x10, 0xee, 0x00 } },
    { 0x595a, 1, { 0x7c, 0x52, 0xa0, 0x14, 0xfe, 0x10, 0xee, 0x00 } },
    { 0x5960, 1, { 0x28, 0xc6, 0x7c, 0x6c, 0xfe, 0x10, 0xee, 0x00 } },
    { 0x5962, 1, { 0x10, 0xfe, 0x28, 0xd6, 0x7e, 0x34, 0xdc, 0x00 } },
    { 0x5965, 1, { 0x10, 0x7c, 0x5c, 0x74, 0xfe, 0x10, 0xee, 0x00 } },
    { 0x5967, 1, { 0x10, 0x7c, 0x7c, 0x74, 0xfe, 0x10, 0xee, 0x00 } },
    { 0x5968, 1, { 0x5e, 0xca, 0x5e, 0xc4, 0x7e, 0x10, 0xee, 0x00 } },
    { 0x5969, 1, { 0x10, 0xfe, 0x24, 0xda, 0x58, 0x76, 0x7e, 0x00 } },
    { 0x596a, 1, { 0x10, 0xfe, 0x74, 0xba, 0xfe, 0x28, 0x18, 0x00 } },
    { 0x596c, 1, { 0xac, 0xf4, 0x7e, 0xac, 0xfe, 0x10, 0xee, 0x00 } },
    { 0x596e, 1, { 0x10, 0xfe, 0x74, 0xba, 0x7c, 0x54, 0x7c, 0x00 } },
    { 0x5973, 1, { 0x10, 0x10, 0xfe, 0x24, 0x68, 0x18, 0xe6, 0x00 } },
    { 0x5974, 1, { 0x2e, 0x22, 0xfa, 0x5a, 0x64, 0x34, 0xca, 0x00 } },
    { 0x5978, 1, { 0x2e, 0x24, 0xf4, 0x5e, 0x64, 0x34, 0xc4, 0x00 } },
    { 0x597d, 1, { 0x2e, 0x22, 0xf4, 0x5e, 0x64, 0x34, 0xcc, 0x00 } },
    { 0x5981, 1, { 0x28, 0x2e, 0xf2, 0x5a, 0x66, 0x32, 0xc6, 0x00 } },
    { 0x5982, 1, { 0x20, 0x2e, 0xfa, 0x5a, 0x6a, 0x3a, 0xce, 0x00 } },
    { 0x5983, 1, { 0x2e, 0x22, 0xf2, 0x5e, 0x68, 0x3a, 0xce, 0x00 } },
    { 0x5984, 1, { 0x10, 0xfe, 0x40, 0x7c, 0xfe, 0x28, 0xf6, 0x00 } },
    { 0x598a, 1, { 0x22, 0x2c, 0xf4, 0x5e, 0x64, 0x34, 0xce, 0x00 } },
    { 0x598d, 1, { 0xbe, 0x94, 0xd4, 0xfe, 0xd4, 0x54, 0xa4, 0x00 } },
    { 0x5993, 1, { 0x24, 0x2e, 0xf4, 0x5e, 0x6a, 0x24, 0xda, 0x00 } },
    { 0x5996, 1, { 0x22, 0x2c, 0xf4, 0x5e, 0x64, 0x34, 0xca, 0x00 } },
    { 0x5999, 1, { 0x48, 0x5c, 0xfa, 0xa8, 0xca, 0x64, 0x98, 0x00 } },
    { 0x599b, 1, { 0x54, 0x7c, 0xfe, 0x10, 0xfe, 0x28, 0xf6, 0x00 } },
    { 0x599d, 1, { 0xa4, 0xa4, 0xfe, 0x2a, 0xec, 0x64, 0xba, 0x00 } },
    { 0x59a3, 1, { 0x54, 0x54, 0xfe, 0xb4, 0xd4, 0x5c, 0xb6, 0x00 } },
    { 0x59a5, 1, { 0x0e, 0xf0, 0x54, 0xfe, 0x28, 0x18, 0xe6, 0x00 } },
    { 0x59a8, 1, { 0x44, 0x5e, 0xe8, 0xae, 0xca, 0x6a, 0x96, 0x00 } },
    { 0x59ac, 1, { 0x5e, 0x48, 0xe8, 0xae, 0xda, 0x6a, 0x8e, 0x00 } },
    { 0x59b2, 1, { 0x2e, 0x2a, 0xfe, 0x5a, 0x6e, 0x30, 0xce, 0x00 } },
    { 0x59b9, 1, { 0x48, 0x5c, 0xe8, 0xbe, 0xc8, 0x5c, 0xaa, 0x00 } },
    { 0x59bb, 1, { 0x10, 0xfe, 0x14, 0x7c, 0xfe, 0x28, 0xf6, 0x00 } },
    { 0x59be, 1, { 0x10, 0x7c, 0x28, 0xfe, 0x7c, 0x28, 0xf6, 0x00 } },
    { 0x59c6, 1, { 0x5c, 0x54, 0xf4, 0xbe, 0xd4, 0x7e, 0x8c, 0x00 } },
    { 0x59c9, 1, { 0x44, 0x5e, 0xe4, 0xbe, 0xd6, 0x76, 0x84, 0x00 } },
    { 0x59cb, 1, { 0x24, 0x24, 0xfa, 0x5e, 0x60, 0x3e, 0xce, 0x00 } },
    { 0x59d0, 1, { 0x5c, 0x54, 0xfc, 0xb4, 0xdc, 0x54, 0xbe, 0x00 } },
    { 0x59d1, 1, { 0x24, 0x24, 0xfe, 0x54, 0x6e, 0x3a, 0xce, 0x00 } },
    { 0x59d3, 1, { 0x2c, 0x2e, 0xf4, 0x54, 0x6e, 0x24, 0xde, 0x00 } },
    { 0x59d4, 1, { 0x38, 0xfe, 0x38, 0xd6, 0x7c, 0x28, 0xf6, 0x00 } },
    { 0x59d9, 1, { 0x92, 0xac, 0xe4, 0xee, 0xe4, 0x64, 0xae, 0x00 } },
    { 0x59da, 1, { 0x94, 0xb6, 0xd4, 0xf6, 0xd4, 0x54, 0xa6, 0x00 } },
    { 0x59dc, 1, { 0x44, 0xfe, 0x7c, 0x10, 0xfe, 0x28, 0xf6, 0x00 } },
    { 0x59e5, 1, { 0x4a, 0x5c, 0xe8, 0xbe, 0xd4, 0x68, 0x8e, 0x00 } },
    { 0x59e6, 1, { 0x10, 0xfe, 0x28, 0x74, 0xfe, 0x54, 0xaa, 0x00 } },
    { 0x59e8, 1, { 0x88, 0xbe, 0xdc, 0xd8, 0xde, 0x4a, 0xb6, 0x00 } },
    { 0x59ea, 1, { 0x5e, 0x48, 0xfe, 0xa4, 0xce, 0x64, 0x9e, 0x00 } },
    { 0x59eb, 1, { 0x5e, 0x54, 0xfe, 0xb2, 0xde, 0x74, 0x9e, 0x00 } },
    { 0x59f6, 1, { 0x24, 0x2a, 0xfe, 0x50, 0x6e, 0x3a, 0xce, 0x00 } },
    { 0x59fb, 1, { 0xbe, 0xaa, 0xfe, 0xea, 0xf6, 0x62, 0xbe, 0x00 } },
    { 0x59ff, 1, { 0x90, 0x1e, 0xaa, 0x14, 0xfe, 0x28, 0xf6, 0x00 } },
    { 0x5a01, 1, { 0x04, 0x7e, 0x7c, 0x54, 0x6e, 0x54, 0xaa, 0x00 } },
    { 0x5a03, 1, { 0x24, 0x2e, 0xf4, 0x5e, 0x6e, 0x24, 0xde, 0x00 } },
    { 0x5a09, 1, { 0x24, 0x2e, 0xfe, 0x5e, 0x6c, 0x32, 0xc6, 0x00 } },
    { 0x5a11, 1, { 0x88, 0x2a, 0x8c, 0x30, 0xfe, 0x28, 0xf6, 0x00 } },
    { 0x5a18, 1, { 0x44, 0x5e, 0xf2, 0xbe, 0xda, 0x74, 0x9a, 0x00 } },
    { 0x5a1a, 1, { 0x5e, 0x56, 0xfe, 0xb6, 0xde, 0x6a, 0x96, 0x00 } },
    { 0x5a1c, 1, { 0xbe, 0x96, 0xfc, 0xd6, 0xfe, 0x54, 0xac, 0x00 } },
    { 0x5a1f, 1, { 0x4c, 0x4c, 0xe0, 0xbe, 0xd2, 0x7e, 0x92, 0x00 } },
    { 0x5a20, 1, { 0x5e, 0x50, 0xf6, 0xb0, 0xde, 0x74, 0x9a, 0x00 } },
    { 0x5a25, 1, { 0x8e, 0xb4, 0xfe, 0xd4, 0xd6, 0x7c, 0x92, 0x00 } },
    { 0x5a29, 1, { 0x4c, 0x54, 0xfe, 0xba, 0xde, 0x54, 0xa6, 0x00 } },
    { 0x5a2f, 1, { 0x46, 0x56, 0xfc, 0xa4, 0xde, 0x60, 0x92, 0x00 } },
    { 0x5a35, 1, { 0xb8, 0x9e, 0xda, 0xda, 0xdc, 0x7a, 0x88, 0x00 } },
    { 0x5a36, 1, { 0xfe, 0x6a, 0xf4, 0x2a, 0xfe, 0x28, 0xf6, 0x00 } },
    { 0x5a3c, 1, { 0x4c, 0x4c, 0xfe, 0xb2, 0xde, 0x72, 0x9e, 0x00 } },
    { 0x5a40, 1, { 0xbe, 0xb2, 0xee, 0xfa, 0xfe, 0x62, 0xa6, 0x00 } },
    { 0x5a41, 1, { 0x10, 0x7c, 0xfe, 0x54, 0xfe, 0x28, 0xf6, 0x00 } },
    { 0x5a46, 1, { 0x84, 0x1e, 0x94, 0x2a, 0xfe, 0x28, 0xf6, 0x00 } },
    { 0x5a49, 1, { 0x88, 0xbe, 0xe2, 0xde, 0xea, 0x58, 0xae, 0x00 } },
    { 0x5a5a, 1, { 0x5e, 0x54, 0xfe, 0xb4, 0xda, 0x6c, 0x8c, 0x00 } },
    { 0x5a62, 1, { 0x88, 0xbe, 0xea, 0xfe, 0xd4, 0x7e, 0x84, 0x00 } },
    { 0x5a66, 1, { 0x5c, 0x44, 0xfe, 0xaa, 0xdc, 0x7c, 0x88, 0x00 } },
    { 0x5a6a, 1, { 0x24, 0xfe, 0x6c, 0xb6, 0x7c, 0x28, 0xf6, 0x00 } },
    { 0x5a6c, 1, { 0x9c, 0xaa, 0xc0, 0xfe, 0xdc, 0x48, 0xbe, 0x00 } },
    { 0x5a7f, 1, { 0x5e, 0x4a, 0xec, 0xb6, 0xca, 0x6e, 0x8a, 0x00 } },
    { 0x5a92, 1, { 0x94, 0xbe, 0xd4, 0xdc, 0xfe, 0x5c, 0xaa, 0x00 } },
    { 0x5a9a, 1, { 0x5e, 0x56, 0xfe, 0xb0, 0xd6, 0x56, 0xa6, 0x00 } },
    { 0x5a9b, 1, { 0x46, 0x58, 0xea, 0xbe, 0xca, 0x54, 0xaa, 0x00 } },
    { 0x5abc, 1, { 0x5e, 0x56, 0xfa, 0xbe, 0xc0, 0x6c, 0x9e, 0x00 } },
    { 0x5abd, 1, { 0x5e, 0x54, 0xfe, 0xb4, 0xde, 0x62, 0x96, 0x00 } },
    { 0x5abe, 1, { 0x94, 0xbe, 0xd4, 0xfe, 0xdc, 0x7e, 0x94, 0x00 } },
    { 0x5ac1, 1, { 0x88, 0xbe, 0xe2, 0xdc, 0xda, 0x6c, 0x9a, 0x00 } },
    { 0x5ac2, 1, { 0x96, 0xaa, 0xea, 0xfe, 0xd4, 0x48, 0xb6, 0x00 } },
    { 0x5ac9, 1, { 0x84, 0x9e, 0xf0, 0xd8, 0xfe, 0x54, 0xaa, 0x00 } },
    { 0x5acb, 1, { 0x5e, 0x4a, 0xfe, 0xb4, 0xde, 0x6a, 0x9e, 0x00 } },
    { 0x5acc, 1, { 0x94, 0xbe, 0xdc, 0xce, 0xfc, 0x5c, 0xaa, 0x00 } },
    { 0x5ad0, 1, { 0xb4, 0xbc, 0xfe, 0xd6, 0xde, 0x5c, 0xaa, 0x00 } },
    { 0x5ad6, 1, { 0xbe, 0x9c, 0xdc, 0xc0, 0xfe, 0x48, 0xaa, 0x00 } },
    { 0x5ad7, 1, { 0xbe, 0xac, 0xec, 0xe0, 0xf6, 0x76, 0xbe, 0x00 } },
    { 0x5ae1, 1, { 0x88, 0xbe, 0xd4, 0xfe, 0xea, 0x76, 0xbe, 0x00 } },
    { 0x5ae3, 1, { 0x5e, 0x44, 0xf6, 0xbc, 0xde, 0x62, 0x96, 0x00 } },
    { 0x5ae6, 1, { 0xaa, 0x9c, 0xf6, 0xdc, 0xfe, 0x6a, 0x88, 0x00 } },
    { 0x5ae9, 1, { 0x94, 0xbe, 0xf6, 0xfe, 0xd6, 0x7c, 0x92, 0x00 } },
    { 0x5afa, 1, { 0xb6, 0xb6, 0xe2, 0xee, 0xee, 0x76, 0xa2, 0x00 } },
    { 0x5afb, 1, { 0xb6, 0xb6, 0xea, 0xfe, 0xea, 0x7e, 0xaa, 0x00 } },
    { 0x5b09, 1, { 0x88, 0xbe, 0xdc, 0xd4, 0xfe, 0x54, 0x9c, 0x00 } },
    { 0x5b0b, 1, { 0xb6, 0xb6, 0xdc, 0xdc, 0xdc, 0x7e, 0x88, 0x00 } },
    { 0x5b0c, 1, { 0x9c, 0xbe, 0xd4, 0xea, 0xfe, 0x62, 0xaa, 0x00 } },
    { 0x5b16, 1, { 0x64, 0x6e, 0xca, 0x64, 0xfe, 0x28, 0xf6, 0x00 } },
    { 0x5b22, 1, { 0x88, 0xbe, 0xd4, 0xf6, 0xfe, 0x54, 0x9a, 0x00 } },
    { 0x5b2a, 1, { 0x88, 0xbe, 0xea, 0xf4, 0xdc, 0x5c, 0xa2, 0x00 } },
    { 0x5b2c, 1, { 0x9c, 0xbe, 0xea, 0xdc, 0xc8, 0x7e, 0xaa, 0x00 } },
    { 0x5b30, 1, { 0x6c, 0x6c, 0x92, 0x20, 0xfe, 0x28, 0xf6, 0x00 } },
    { 0x5b32, 1, { 0xd6, 0xd6, 0xfe, 0x6c, 0xf6, 0x56, 0xaa, 0x00 } },
    { 0x5b36, 1, { 0x48, 0x5c, 0xf4, 0xbe, 0xea, 0x7e, 0x94, 0x00 } },
    { 0x5b3e, 1, { 0x96, 0xba, 0xf0, 0xfe, 0xde, 0x70, 0x9a, 0x00 } },
    { 0x5b40, 1, { 0x9c, 0xbe, 0xea, 0xc0, 0xd6, 0x7e, 0x96, 0x00 } },
    { 0x5b43, 1, { 0x88, 0xbe, 0xf6, 0xdc, 0xfe, 0x74, 0x9a, 0x00 } },
    { 0x5b45, 1, { 0xac, 0x94, 0xfe, 0xd4, 0xfe, 0x54, 0xba, 0x00 } },
    { 0x5b50, 1, { 0x7c, 0x08, 0x10, 0xfe, 0x10, 0x10, 0x30, 0x00 } },
    { 0x5b51, 1, { 0x7c, 0x08, 0x10, 0x1e, 0xf0, 0x10, 0x30, 0x00 } },
    { 0x5b54, 1, { 0xe8, 0x28, 0x48, 0x68, 0xc8, 0x4a, 0xce, 0x00 } },
    { 0x5b55, 1, { 0x78, 0x2e, 0x22, 0xdc, 0x08, 0xfe, 0x10, 0x00 } },
    { 0x5b57, 1, { 0x10, 0xfe, 0xba, 0x08, 0xfe, 0x10, 0x30, 0x00 } },
    { 0x5b58, 1, { 0x20, 0xfe, 0x2c, 0x44, 0xfe, 0x48, 0x58, 0x00 } },
    { 0x5b5a, 1, { 0x7c, 0x52, 0xb8, 0x08, 0xfe, 0x10, 0x30, 0x00 } },
    { 0x5b5b, 1, { 0x10, 0x7c, 0xfe, 0xba, 0x08, 0xfe, 0x10, 0x00 } },
    { 0x5b5c, 1, { 0xe8, 0x2e, 0x5a, 0x6a, 0xca, 0x44, 0xda, 0x00 } },
    { 0x5b5d, 1, { 0x12, 0x7c, 0x18, 0xfe, 0x24, 0xde, 0x08, 0x00 } },
    { 0x5b5f, 1, { 0x7c, 0x08, 0xfe, 0x10, 0x7c, 0x54, 0xfe, 0x00 } },
    { 0x5b63, 1, { 0x38, 0xfe, 0x3c, 0xda, 0x08, 0xfe, 0x10, 0x00 } },
    { 0x5b64, 1, { 0xe2, 0x3c, 0x54, 0x74, 0xd4, 0x56, 0xea, 0x00 } },
    { 0x5b65, 1, { 0x2e, 0xfa, 0x54, 0xfa, 0x08, 0xfe, 0x10, 0x00 } },
    { 0x5b66, 1, { 0x54, 0xfe, 0xba, 0x08, 0xfe, 0x10, 0x30, 0x00 } },
    { 0x5b69, 1, { 0xe8, 0x3e, 0x50, 0x6a, 0xd4, 0x4c, 0xf2, 0x00 } },
    { 0x5b6b, 1, { 0xee, 0x24, 0x48, 0x64, 0xde, 0x44, 0xd6, 0x00 } },
    { 0x5b70, 1, { 0x28, 0xfc, 0x54, 0x74, 0x1c, 0xf4, 0x26, 0x00 } },
    { 0x5b71, 1, { 0x7e, 0x7e, 0x4c, 0x7e, 0x52, 0x76, 0xa4, 0x00 } },
    { 0x5b73, 1, { 0x44, 0xfe, 0x24, 0x48, 0x3c, 0xfe, 0x10, 0x00 } },
    { 0x5b75, 1, { 0x5c, 0xaa, 0xe0, 0xec, 0xe4, 0x7e, 0xa8, 0x00 } },
    { 0x5b78, 1, { 0x2c, 0x54, 0xfe, 0xba, 0x08, 0xfe, 0x10, 0x00 } },
    { 0x5b7a, 1, { 0xec, 0x3e, 0x56, 0x6e, 0xc4, 0x5e, 0xd6, 0x00 } },
    { 0x5b80, 1, { 0x00, 0x10, 0xfe, 0x82, 0x00, 0x00, 0x00, 0x00 } },
    { 0x5b83, 1, { 0x10, 0xfe, 0x82, 0x4c, 0x70, 0x42, 0x3e, 0x00 } },
    { 0x5b85, 1, { 0x10, 0xfe, 0xba, 0x10, 0xfe, 0x10, 0x1e, 0x00 } },
    { 0x5b87, 1, { 0x10, 0xfe, 0xba, 0x10, 0xfe, 0x10, 0x30, 0x00 } },
    { 0x5b88, 1, { 0x10, 0xfe, 0x82, 0x08, 0xfe, 0x28, 0x18, 0x00 } },
    { 0x5b89, 1, { 0x10, 0xfe, 0x92, 0x7c, 0x28, 0x18, 0xe6, 0x00 } },
    { 0x5b8b, 1, { 0x10, 0xfe, 0x92, 0x7c, 0x10, 0x38, 0xd6, 0x00 } },
    { 0x5b8c, 1, { 0x10, 0xfe, 0xba, 0x00, 0xfe, 0x28, 0xce, 0x00 } },
    { 0x5b8d, 1, { 0x10, 0xfe, 0x82, 0x10, 0xfe, 0x00, 0xc6, 0x00 } },
    { 0x5b8f, 1, { 0x10, 0xfe, 0xa2, 0xfc, 0x50, 0xa4, 0x7a, 0x00 } },
    { 0x5b95, 1, { 0x10, 0xfe, 0x82, 0xfc, 0x40, 0xbc, 0x3c, 0x00 } },
    { 0x5b97, 1, { 0x10, 0xfe, 0xba, 0x00, 0xfe, 0x54, 0xb2, 0x00 } },
    { 0x5b98, 1, { 0x10, 0xfe, 0xba, 0x28, 0x3c, 0x24, 0x3c, 0x00 } },
    { 0x5b99, 1, { 0x10, 0xfe, 0x92, 0x7c, 0x7c, 0x54, 0x7c, 0x00 } },
    { 0x5b9a, 1, { 0x10, 0xfe, 0xba, 0x10, 0x5c, 0x50, 0xbe, 0x00 } },
    { 0x5b9b, 1, { 0x10, 0xfe, 0x82, 0x7e, 0xda, 0x28, 0xce, 0x00 } },
    { 0x5b9c, 1, { 0x10, 0xfe, 0xba, 0x28, 0x38, 0x28, 0xfe, 0x00 } },
    { 0x5b9d, 1, { 0x10, 0xfe, 0xba, 0x10, 0x38, 0x14, 0xfe, 0x00 } },
    { 0x5b9f, 1, { 0x10, 0xfe, 0xba, 0x10, 0xfe, 0x10, 0xee, 0x00 } },
    { 0x5ba2, 1, { 0x10, 0xfe, 0x9a, 0x68, 0x10, 0xee, 0x38, 0x00 } },
    { 0x5ba3, 1, { 0x10, 0xfe, 0xba, 0x00, 0x38, 0x28, 0xfe, 0x00 } },
    { 0x5ba4, 1, { 0x10, 0xfe, 0xb2, 0x28, 0x74, 0x10, 0xfe, 0x00 } },
    { 0x5ba5, 1, { 0x10, 0xfe, 0xa2, 0xfe, 0x64, 0xbc, 0x24, 0x00 } },
    { 0x5ba6, 1, { 0x10, 0xfe, 0xfa, 0x48, 0x78, 0x50, 0x7c, 0x00 } },
    { 0x5bae, 1, { 0x10, 0xfe, 0xaa, 0x38, 0x10, 0x7c, 0x7c, 0x00 } },
    { 0x5bb0, 1, { 0x10, 0xfe, 0x92, 0x7c, 0x28, 0xfe, 0x10, 0x00 } },
    { 0x5bb3, 1, { 0x10, 0xfe, 0x92, 0x7c, 0x10, 0xfe, 0x38, 0x00 } },
    { 0x5bb4, 1, { 0x10, 0xfe, 0xaa, 0x38, 0xfe, 0x28, 0xf6, 0x00 } },
    { 0x5bb5, 1, { 0x10, 0xfe, 0xb6, 0x7c, 0x44, 0x7c, 0x44, 0x00 } },
    { 0x5bb6, 1, { 0x10, 0xfe, 0xba, 0x30, 0xda, 0x2c, 0xda, 0x00 } },
    { 0x5bb8, 1, { 0x10, 0xfe, 0xfa, 0x40, 0x7c, 0x68, 0xb6, 0x00 } },
    { 0x5bb9, 1, { 0x10, 0xfe, 0xaa, 0x54, 0x28, 0xfe, 0x38, 0x00 } },
    { 0x5bbf, 1, { 0x10, 0xfe, 0x82, 0x5e, 0xc8, 0x5e, 0x5e, 0x00 } },
    { 0x5bc2, 1, { 0x10, 0xfe, 0xb2, 0x2e, 0xfa, 0x24, 0xaa, 0x00 } },
    { 0x5bc3, 1, { 0x10, 0xfe, 0xbe, 0xd4, 0x7c, 0x2a, 0xce, 0x00 } },
    { 0x5bc4, 1, { 0x10, 0xfe, 0x92, 0x28, 0xfe, 0x54, 0x74, 0x00 } },
    { 0x5bc5, 1, { 0x10, 0xfe, 0xba, 0x7c, 0x54, 0x7c, 0xc6, 0x00 } },
    { 0x5bc6, 1, { 0x10, 0xfe, 0xaa, 0x60, 0xba, 0x54, 0x7c, 0x00 } },
    { 0x5bc7, 1, { 0x10, 0xfe, 0xea, 0x0c, 0xe8, 0x54, 0xbe, 0x00 } },
    { 0x5bc9, 1, { 0x10, 0xfe, 0xaa, 0x3c, 0x7e, 0xa8, 0x3e, 0x00 } },
    { 0x5bcc, 1, { 0x10, 0xfe, 0xaa, 0x38, 0x7c, 0x54, 0x7c, 0x00 } },
    { 0x5bd0, 1, { 0x10, 0xfe, 0xea, 0x3c, 0xe8, 0x7c, 0xaa, 0x00 } },
    { 0x5bd2, 1, { 0x10, 0xfe, 0xaa, 0x7c, 0x7c, 0xb2, 0x08, 0x00 } },
    { 0x5bd3, 1, { 0x10, 0xfe, 0xba, 0x38, 0xfe, 0x9a, 0xb6, 0x00 } },
    { 0x5bd4, 1, { 0x10, 0xfe, 0xaa, 0x7c, 0x18, 0x50, 0xbe, 0x00 } },
    { 0x5bdb, 1, { 0x10, 0xfe, 0xaa, 0x7c, 0x38, 0x3a, 0xce, 0x00 } },
    { 0x5bdd, 1, { 0x10, 0xfe, 0x86, 0xde, 0x5a, 0xc4, 0x5a, 0x00 } },
    { 0x5bde, 1, { 0x10, 0xfe, 0xaa, 0x7c, 0xfe, 0x10, 0xee, 0x00 } },
    { 0x5bdf, 1, { 0x10, 0xfe, 0xea, 0x44, 0xba, 0x54, 0xb2, 0x00 } },
    { 0x5be1, 1, { 0x10, 0xfe, 0xaa, 0x38, 0xfe, 0x5c, 0xaa, 0x00 } },
    { 0x5be2, 1, { 0x10, 0xfe, 0xe2, 0x2e, 0xea, 0x64, 0xaa, 0x00 } },
    { 0x5be4, 1, { 0x10, 0xfe, 0xea, 0x3c, 0xec, 0x7e, 0xac, 0x00 } },
    { 0x5be5, 1, { 0x10, 0xfe, 0xb6, 0x28, 0xd6, 0x08, 0x30, 0x00 } },
    { 0x5be6, 1, { 0x10, 0xfe, 0xba, 0x6c, 0x38, 0x38, 0xc6, 0x00 } },
    { 0x5be7, 1, { 0x10, 0xfe, 0xaa, 0x5c, 0xfe, 0x10, 0x30, 0x00 } },
    { 0x5be8, 1, { 0x10, 0xfe, 0xaa, 0x7c, 0xfe, 0xba, 0x54, 0x00 } },
    { 0x5be9, 1, { 0x10, 0xfe, 0xba, 0x54, 0xfe, 0x7c, 0xba, 0x00 } },
    { 0x5beb, 1, { 0x10, 0xfe, 0xaa, 0x48, 0x7e, 0x82, 0x56, 0x00 } },
    { 0x5bee, 1, { 0x10, 0xfe, 0xaa, 0x7c, 0xaa, 0x38, 0x92, 0x00 } },
    { 0x5bf0, 1, { 0x10, 0xfe, 0xba, 0x7c, 0x3c, 0xe8, 0x36, 0x00 } },
    { 0x5bf3, 1, { 0x10, 0xfe, 0xea, 0x54, 0xfc, 0x7c, 0xc6, 0x00 } },
    { 0x5bf5, 1, { 0x10, 0xfe, 0xa6, 0xfc, 0x52, 0x74, 0x56, 0x00 } },
    { 0x5bf6, 1, { 0x10, 0xfe, 0xea, 0x4c, 0xfc, 0x7c, 0xc6, 0x00 } },
    { 0x5bf8, 1, { 0x08, 0xfe, 0x08, 0x48, 0x28, 0x08, 0x18, 0x00 } },
    { 0x5bfa, 1, { 0x10, 0x7c, 0x10, 0xfe, 0x08, 0xfe, 0x28, 0x00 } },
    { 0x5bfe, 1, { 0x22, 0xfe, 0x12, 0x5a, 0x26, 0x52, 0x86, 0x00 } },
    { 0x5bff, 1, { 0x10, 0x7c, 0xfe, 0x24, 0xfe, 0x44, 0x94, 0x00 } },
    { 0x5c01, 1, { 0x22, 0x7e, 0x22, 0xfa, 0x66, 0x32, 0xc6, 0x00 } },
    { 0x5c02, 1, { 0x10, 0xfe, 0x38, 0x38, 0xfe, 0x28, 0x18, 0x00 } },
    { 0x5c04, 1, { 0x22, 0x7e, 0x52, 0x7a, 0xd6, 0x32, 0xd6, 0x00 } },
    { 0x5c05, 1, { 0x42, 0xee, 0x42, 0xaa, 0xe2, 0x46, 0xbe, 0x00 } },
    { 0x5c06, 1, { 0x46, 0x78, 0xea, 0x44, 0xfe, 0x54, 0x4c, 0x00 } },
    { 0x5c07, 1, { 0xa6, 0xaa, 0xe4, 0x3e, 0xe2, 0x6a, 0xa6, 0x00 } },
    { 0x5c08, 1, { 0x10, 0xfe, 0x38, 0x34, 0xfe, 0x28, 0x18, 0x00 } },
    { 0x5c09, 1, { 0x72, 0x7e, 0x42, 0x76, 0x46, 0x72, 0xa6, 0x00 } },
    { 0x5c0a, 1, { 0x44, 0xfe, 0x5c, 0x6c, 0xfe, 0x28, 0x18, 0x00 } },
    { 0x5c0b, 1, { 0x7c, 0x04, 0xee, 0x4a, 0xfe, 0x28, 0x18, 0x00 } },
    { 0x5c0d, 1, { 0xaa, 0xf6, 0x52, 0xfa, 0x66, 0x32, 0xc6, 0x00 } },
    { 0x5c0e, 1, { 0x54, 0x3e, 0xdc, 0x5c, 0xfe, 0x28, 0x18, 0x00 } },
    { 0x5c0f, 1, { 0x10, 0x10, 0x54, 0x52, 0x92, 0x10, 0x30, 0x00 } },
    { 0x5c11, 1, { 0x10, 0x54, 0x52, 0x90, 0x34, 0x18, 0xe0, 0x00 } },
    { 0x5c13, 1, { 0x40, 0x7e, 0x90, 0x54, 0x52, 0x92, 0x30, 0x00 } },
    { 0x5c16, 1, { 0x10, 0x54, 0x92, 0x30, 0xfe, 0x10, 0xee, 0x00 } },
    { 0x5c1a, 1, { 0x54, 0x10, 0xfe, 0x82, 0xba, 0xaa, 0xba, 0x00 } },
    { 0x5c20, 1, { 0x54, 0xfc, 0x5e, 0x54, 0xf2, 0xa4, 0xf8, 0x00 } },
    { 0x5c22, 1, { 0x10, 0xfe, 0x10, 0x18, 0x18, 0x2a, 0xce, 0x00 } },
    { 0x5c24, 1, { 0x14, 0xfe, 0x10, 0x18, 0x18, 0x2a, 0xce, 0x00 } },
    { 0x5c28, 1, { 0x52, 0xf4, 0x42, 0x64, 0x62, 0x64, 0xbe, 0x00 } },
    { 0x5c2d, 1, { 0x10, 0x7c, 0xfe, 0x28, 0xfe, 0x28, 0xce, 0x00 } },
    { 0x5c31, 1, { 0x26, 0xf4, 0x5e, 0x74, 0x24, 0xb4, 0x6a, 0x00 } },
    { 0x5c38, 1, { 0x7e, 0x42, 0x7e, 0x40, 0x40, 0x40, 0x80, 0x00 } },
    { 0x5c39, 1, { 0x7c, 0x14, 0xfe, 0x14, 0x7c, 0x20, 0xc0, 0x00 } },
    { 0x5c3a, 1, { 0x7c, 0x44, 0x7c, 0x50, 0x48, 0x44, 0x82, 0x00 } },
    { 0x5c3b, 1, { 0x7e, 0x42, 0x7e, 0x50, 0x7c, 0x54, 0xa6, 0x00 } },
    { 0x5c3c, 1, { 0x7e, 0x42, 0x7e, 0x50, 0x5e, 0x50, 0x9e, 0x00 } },
    { 0x5c3d, 1, { 0x7c, 0x44, 0x78, 0x54, 0x44, 0xb2, 0x08, 0x00 } },
    { 0x5c3e, 1, { 0x7e, 0x7e, 0x4c, 0x78, 0x4e, 0x78, 0x8e, 0x00 } },
    { 0x5c3f, 1, { 0x7e, 0x42, 0x7e, 0x48, 0x7a, 0x5c, 0xaa, 0x00 } },
    { 0x5c40, 1, { 0x7c, 0x44, 0x7c, 0x40, 0x7e, 0x6a, 0xba, 0x00 } },
    { 0x5c41, 1, { 0x7e, 0x42, 0x7e, 0x64, 0x76, 0x64, 0xb6, 0x00 } },
    { 0x5c45, 1, { 0x7e, 0x7e, 0x44, 0x5e, 0x44, 0x5e, 0x9e, 0x00 } },
    { 0x5c46, 1, { 0x7e, 0x7e, 0x48, 0x6a, 0x7e, 0x6a, 0xbe, 0x00 } },
    { 0x5c48, 1, { 0x7e, 0x42, 0x7e, 0x5c, 0x48, 0x6a, 0xbe, 0x00 } },
    { 0x5c4a, 1, { 0x7e, 0x42, 0x7e, 0x48, 0x7e, 0x6a, 0xbe, 0x00 } },
    { 0x5c4b, 1, { 0x7e, 0x42, 0x7e, 0x54, 0x7a, 0x48, 0xbe, 0x00 } },
    { 0x5c4d, 1, { 0x7e, 0x42, 0x7e, 0x5c, 0x6e, 0x54, 0xa6, 0x00 } },
    { 0x5c4e, 1, { 0x7e, 0x7e, 0x5a, 0x48, 0x7e, 0x5c, 0xaa, 0x00 } },
    { 0x5c4f, 1, { 0x7e, 0x7e, 0x54, 0x7e, 0x54, 0x7e, 0xa4, 0x00 } },
    { 0x5c50, 1, { 0x7e, 0x7e, 0x54, 0x6e, 0x5a, 0x74, 0x9a, 0x00 } },
    { 0x5c51, 1, { 0x7e, 0x7e, 0x6a, 0x5e, 0x52, 0x5e, 0x92, 0x00 } },
    { 0x5c53, 1, { 0x7e, 0x7e, 0x54, 0x5c, 0x54, 0x5c, 0xa2, 0x00 } },
    { 0x5c55, 1, { 0x7e, 0x42, 0x7e, 0x54, 0x7e, 0x68, 0xb6, 0x00 } },
    { 0x5c5e, 1, { 0x7e, 0x7e, 0x4c, 0x5c, 0x7e, 0x6e, 0xba, 0x00 } },
    { 0x5c60, 1, { 0x7e, 0x7e, 0x5c, 0x48, 0x7e, 0x5c, 0xac, 0x00 } },
    { 0x5c61, 1, { 0x7e, 0x7e, 0x6a, 0x5c, 0x7e, 0x54, 0xba, 0x00 } },
    { 0x5c64, 1, { 0x7e, 0x7e, 0x54, 0x6a, 0x7e, 0x54, 0x9c, 0x00 } },
    { 0x5c65, 1, { 0x7e, 0x7e, 0x58, 0x6e, 0x5a, 0x74, 0x9a, 0x00 } },
    { 0x5c6c, 1, { 0x7e, 0x7e, 0x6a, 0x5e, 0x7a, 0x5a, 0xb6, 0x00 } },
    { 0x5c6e, 1, { 0x10, 0x92, 0x92, 0x92, 0xfe, 0x20, 0xc0, 0x00 } },
    { 0x5c6f, 1, { 0x16, 0xf8, 0x10, 0x52, 0x7e, 0x10, 0x1e, 0x00 } },
    { 0x5c71, 1, { 0x10, 0x10, 0x92, 0x92, 0x92, 0x92, 0xfe, 0x00 } },
    { 0x5c76, 1, { 0x54, 0x54, 0x7c, 0xfe, 0x12, 0x22, 0xc6, 0x00 } },
    { 0x5c79, 1, { 0x50, 0x5e, 0x6c, 0xc4, 0xc8, 0xd2, 0x0e, 0x00 } },
    { 0x5c8c, 1, { 0x92, 0xfe, 0x2c, 0x24, 0x54, 0x48, 0xb6, 0x00 } },
    { 0x5c90, 1, { 0x44, 0x5e, 0x44, 0xee, 0xea, 0xe4, 0x1a, 0x00 } },
    { 0x5c91, 1, { 0x92, 0xfe, 0x28, 0xc6, 0x7c, 0x08, 0x30, 0x00 } },
    { 0x5c94, 1, { 0x28, 0x44, 0xbe, 0x14, 0x6c, 0x92, 0xfe, 0x00 } },
    { 0x5ca1, 1, { 0xfe, 0xaa, 0xfe, 0x92, 0xd6, 0xfe, 0x82, 0x00 } },
    { 0x5ca8, 1, { 0x5c, 0x54, 0x5c, 0xd4, 0xdc, 0xd4, 0x3e, 0x00 } },
    { 0x5ca9, 1, { 0x54, 0x7c, 0x00, 0xfe, 0x40, 0xbc, 0x3c, 0x00 } },
    { 0x5cab, 1, { 0x48, 0x7e, 0x6a, 0xfe, 0xea, 0xea, 0x3e, 0x00 } },
    { 0x5cac, 1, { 0x7e, 0x6a, 0x7e, 0xea, 0xfe, 0xe8, 0x08, 0x00 } },
    { 0x5cb1, 1, { 0x2a, 0x5e, 0xc4, 0x42, 0x10, 0x92, 0xfe, 0x00 } },
    { 0x5cb3, 1, { 0x0c, 0x70, 0x7c, 0x48, 0xfe, 0x54, 0x7c, 0x00 } },
    { 0x5cb6, 1, { 0x48, 0x5e, 0x52, 0xfe, 0xf2, 0xf2, 0x1e, 0x00 } },
    { 0x5cb7, 1, { 0x5e, 0x52, 0x5e, 0xf4, 0xfe, 0xf4, 0x1a, 0x00 } },
    { 0x5cb8, 1, { 0x92, 0xfe, 0x40, 0x5c, 0x48, 0x7e, 0x88, 0x00 } },
    { 0x5cbb, 1, { 0x42, 0x5c, 0x54, 0xfe, 0xf4, 0xf2, 0x1e, 0x00 } },
    { 0x5cbc, 1, { 0x7e, 0x5c, 0x6a, 0xc8, 0xfe, 0xc8, 0x08, 0x00 } },
    { 0x5cbe, 1, { 0x48, 0x48, 0x4e, 0xe8, 0xfe, 0xf2, 0x1e, 0x00 } },
    { 0x5cc5, 1, { 0x48, 0x52, 0x7e, 0xd4, 0xfe, 0xd4, 0x24, 0x00 } },
    { 0x5cc7, 1, { 0x92, 0xfe, 0x10, 0x38, 0xc6, 0x38, 0x38, 0x00 } },
    { 0x5cd9, 1, { 0x48, 0x5c, 0x48, 0xfe, 0xc4, 0xfe, 0x14, 0x00 } },
    { 0x5ce0, 1, { 0x48, 0x4e, 0x48, 0xfe, 0xec, 0xea, 0x08, 0x00 } },
    { 0x5ce1, 1, { 0x48, 0x7e, 0x48, 0xea, 0xfe, 0xc8, 0x36, 0x00 } },
    { 0x5ce8, 1, { 0x4e, 0x74, 0x7e, 0xd4, 0xd6, 0xfc, 0x12, 0x00 } },
    { 0x5ce9, 1, { 0x92, 0xfe, 0x6a, 0xfc, 0x2a, 0xe4, 0x2a, 0x00 } },
    { 0x5cea, 1, { 0x54, 0x62, 0x48, 0xd4, 0xe2, 0xdc, 0x1c, 0x00 } },
    { 0x5ced, 1, { 0x54, 0x6a, 0x54, 0xdc, 0xd4, 0xdc, 0x14, 0x00 } },
    { 0x5cef, 1, { 0x92, 0xfe, 0x68, 0x38, 0xd6, 0x38, 0x10, 0x00 } },
    { 0x5cf0, 1, { 0x4c, 0x54, 0x48, 0xf6, 0xc8, 0xfe, 0x08, 0x00 } },
    { 0x5cf6, 1, { 0x10, 0x7c, 0x7c, 0x40, 0x7e, 0xaa, 0xfa, 0x00 } },
    { 0x5cfa, 1, { 0x7e, 0x5c, 0x5c, 0xc8, 0xd8, 0xc8, 0x36, 0x00 } },
    { 0x5cfb, 1, { 0x52, 0x7e, 0x54, 0xe6, 0xdc, 0xe8, 0x16, 0x00 } },
    { 0x5cfd, 1, { 0x48, 0x7e, 0x5c, 0xdc, 0xea, 0xc8, 0x36, 0x00 } },
    { 0x5d07, 1, { 0x54, 0x7c, 0xfe, 0xba, 0x7c, 0x54, 0xb2, 0x00 } },
    { 0x5d0b, 1, { 0x92, 0xfe, 0x54, 0xfe, 0x54, 0xfe, 0x10, 0x00 } },
    { 0x5d0e, 1, { 0x48, 0x7e, 0x48, 0xd4, 0xfe, 0xc4, 0x14, 0x00 } },
    { 0x5d11, 1, { 0x92, 0xfe, 0x44, 0x7c, 0x6e, 0x48, 0xee, 0x00 } },
    { 0x5d14, 1, { 0x92, 0xfe, 0x3c, 0x68, 0xbc, 0x28, 0x3e, 0x00 } },
    { 0x5d15, 1, { 0x5e, 0x54, 0x5e, 0xd4, 0xde, 0xd4, 0x2e, 0x00 } },
    { 0x5d16, 1, { 0x92, 0xfe, 0x5c, 0x48, 0x5c, 0x48, 0xbe, 0x00 } },
    { 0x5d17, 1, { 0x92, 0xfe, 0xaa, 0x92, 0xd6, 0xfe, 0x82, 0x00 } },
    { 0x5d18, 1, { 0x48, 0x54, 0x6e, 0xc0, 0xfe, 0xfe, 0x2a, 0x00 } },
    { 0x5d19, 1, { 0x92, 0xfe, 0x28, 0xc6, 0x7c, 0x7c, 0x54, 0x00 } },
    { 0x5d1a, 1, { 0x48, 0x5c, 0x48, 0xfe, 0xd4, 0xe8, 0x16, 0x00 } },
    { 0x5d1b, 1, { 0x7e, 0x62, 0x7e, 0xee, 0xe4, 0xd6, 0x1e, 0x00 } },
    { 0x5d1f, 1, { 0x92, 0xfe, 0x10, 0xee, 0x38, 0x54, 0xfe, 0x00 } },
    { 0x5d22, 1, { 0x5c, 0x6a, 0x5c, 0xcc, 0xfe, 0xcc, 0x18, 0x00 } },
    { 0x5d29, 1, { 0x92, 0xfe, 0x7e, 0x5a, 0x7e, 0x5a, 0xb6, 0x00 } },
    { 0x5d4b, 1, { 0x5e, 0x56, 0x5e, 0xd0, 0xd6, 0xd6, 0x26, 0x00 } },
    { 0x5d4c, 1, { 0x92, 0xfe, 0x08, 0x5e, 0xf6, 0x54, 0x7a, 0x00 } },
    { 0x5d4e, 1, { 0x5c, 0x5c, 0x48, 0xfe, 0xea, 0xee, 0x3a, 0x00 } },
    { 0x5d50, 1, { 0x92, 0xfe, 0x54, 0x7c, 0x7c, 0x5c, 0xb6, 0x00 } },
    { 0x5d52, 1, { 0x38, 0x28, 0xfe, 0xaa, 0xee, 0x54, 0x7c, 0x00 } },
    { 0x5d5c, 1, { 0x92, 0xfe, 0x28, 0xfe, 0x74, 0x54, 0x74, 0x00 } },
    { 0x5d69, 1, { 0x92, 0xfe, 0x28, 0x38, 0xfe, 0xaa, 0xba, 0x00 } },
    { 0x5d6c, 1, { 0x92, 0xfe, 0x10, 0x7c, 0x7c, 0x2a, 0xce, 0x00 } },
    { 0x5d6f, 1, { 0x54, 0x7e, 0x48, 0xfe, 0xde, 0xd4, 0x2e, 0x00 } },
    { 0x5d73, 1, { 0x92, 0xfe, 0x10, 0xfe, 0x5c, 0x48, 0xbe, 0x00 } },
    { 0x5d76, 1, { 0x5e, 0x4a, 0x5e, 0xf4, 0xfe, 0xea, 0x1e, 0x00 } },
    { 0x5d82, 1, { 0x48, 0x7e, 0x54, 0xfe, 0xdc, 0xfe, 0x08, 0x00 } },
    { 0x5d84, 1, { 0x92, 0xfe, 0x2c, 0xf8, 0x6e, 0xf4, 0x24, 0x00 } },
    { 0x5d87, 1, { 0x7e, 0x6c, 0x6c, 0xe0, 0xf6, 0xf6, 0x3e, 0x00 } },
    { 0x5d8b, 1, { 0x48, 0x5c, 0x5c, 0xd0, 0xde, 0xc2, 0x2a, 0x00 } },
    { 0x5d8c, 1, { 0x92, 0xfe, 0x7c, 0x40, 0x7e, 0x02, 0xaa, 0x00 } },
    { 0x5d90, 1, { 0x92, 0xfe, 0xd4, 0x88, 0xf6, 0xc8, 0xbe, 0x00 } },
    { 0x5d9d, 1, { 0x7a, 0x54, 0x62, 0xdc, 0xd4, 0xc8, 0x3e, 0x00 } },
    { 0x5da2, 1, { 0x48, 0x5c, 0x7e, 0xf6, 0xfe, 0xd4, 0x26, 0x00 } },
    { 0x5dac, 1, { 0x54, 0x7e, 0x48, 0xfe, 0xd6, 0xfc, 0x12, 0x00 } },
    { 0x5dae, 1, { 0x48, 0x54, 0x7e, 0xea, 0xfe, 0xd4, 0x2a, 0x00 } },
    { 0x5db7, 1, { 0x92, 0xfe, 0x9e, 0xe4, 0xfe, 0x58, 0xb6, 0x00 } },
    { 0x5dba, 1, { 0x92, 0xfe, 0xa4, 0x0e, 0xee, 0x60, 0x52, 0x00 } },
    { 0x5dbc, 1, { 0x56, 0x6a, 0x6e, 0xe6, 0xfe, 0xc0, 0x22, 0x00 } },
    { 0x5dbd, 1, { 0x92, 0xfe, 0xa4, 0x5e, 0xa4, 0x3c, 0xda, 0x00 } },
    { 0x5dc9, 1, { 0x4c, 0x76, 0x5e, 0xdc, 0xf6, 0xcc, 0x36, 0x00 } },
    { 0x5dcc, 1, { 0x92, 0xfe, 0x54, 0x7e, 0x5a, 0x74, 0x9a, 0x00 } },
    { 0x5dcd, 1, { 0x92, 0xfe, 0x74, 0xae, 0xfe, 0x6c, 0xd6, 0x00 } },
    { 0x5dd2, 1, { 0x54, 0xb8, 0x54, 0xee, 0x54, 0x54, 0x7c, 0x00 } },
    { 0x5dd3, 1, { 0x92, 0xfe, 0x84, 0xee, 0x6e, 0x00, 0xaa, 0x00 } },
    { 0x5dd6, 1, { 0x92, 0xfe, 0x6c, 0x7e, 0x5a, 0x74, 0x9a, 0x00 } },
    { 0x5ddb, 1, { 0x2a, 0x2a, 0x54, 0xa8, 0x54, 0x2a, 0x2a, 0x00 } },
    { 0x5ddd, 1, { 0x42, 0x52, 0x52, 0x52, 0x52, 0x42, 0x82, 0x00 } },
    { 0x5dde, 1, { 0x52, 0x52, 0xf6, 0xf6, 0x52, 0x52, 0x92, 0x00 } },
    { 0x5de1, 1, { 0xaa, 0x2a, 0x54, 0xea, 0x6a, 0x40, 0xbe, 0x00 } },
    { 0x5de3, 1, { 0x54, 0x7c, 0x7c, 0x10, 0xfe, 0x38, 0xd6, 0x00 } },
    { 0x5de5, 1, { 0x00, 0x7c, 0x10, 0x10, 0x10, 0x10, 0xfe, 0x00 } },
    { 0x5de6, 1, { 0x20, 0xfe, 0x20, 0x3c, 0x48, 0x88, 0x7e, 0x00 } },
    { 0x5de7, 1, { 0x1e, 0xe8, 0x48, 0x4e, 0x62, 0xc2, 0x06, 0x00 } },
    { 0x5de8, 1, { 0xfe, 0x80, 0xfc, 0x84, 0xfc, 0x80, 0xfe, 0x00 } },
    { 0x5deb, 1, { 0x7c, 0x10, 0x54, 0x54, 0xba, 0x10, 0xfe, 0x00 } },
    { 0x5dee, 1, { 0x44, 0xfe, 0x10, 0xfe, 0x5c, 0x48, 0xbe, 0x00 } },
    { 0x5df1, 1, { 0xfc, 0x04, 0x04, 0xfc, 0x80, 0x82, 0x7e, 0x00 } },
    { 0x5df2, 1, { 0xfc, 0x04, 0x84, 0xfc, 0x80, 0x82, 0x7e, 0x00 } },
    { 0x5df3, 1, { 0xfc, 0x84, 0x84, 0xfc, 0x80, 0x82, 0x7e, 0x00 } },
    { 0x5df4, 1, { 0xfc, 0x94, 0x94, 0xfc, 0x80, 0x82, 0x7e, 0x00 } },
    { 0x5df5, 1, { 0x0c, 0x70, 0x7e, 0x6a, 0x7e, 0x60, 0xbe, 0x00 } },
    { 0x5df7, 1, { 0x28, 0x7c, 0x28, 0xfe, 0x74, 0xa2, 0x38, 0x00 } },
    { 0x5dfb, 1, { 0x54, 0x38, 0xfe, 0x4c, 0xba, 0x20, 0x3c, 0x00 } },
    { 0x5dfd, 1, { 0xee, 0x22, 0x6e, 0x38, 0xfe, 0x00, 0xc6, 0x00 } },
    { 0x5dfe, 1, { 0x10, 0xfe, 0x92, 0x92, 0x92, 0x96, 0x10, 0x00 } },
    { 0x5e02, 1, { 0x10, 0xfe, 0x10, 0x7c, 0x54, 0x54, 0x10, 0x00 } },
    { 0x5e03, 1, { 0x20, 0xfe, 0x28, 0x7e, 0xaa, 0x2a, 0x08, 0x00 } },
    { 0x5e06, 1, { 0x5c, 0xd4, 0xd4, 0xdc, 0x54, 0x54, 0x66, 0x00 } },
    { 0x5e0b, 1, { 0x0c, 0x70, 0x7c, 0x48, 0xe6, 0x7c, 0x54, 0x00 } },
    { 0x5e0c, 1, { 0x64, 0x18, 0x24, 0xfe, 0x48, 0xbe, 0x2a, 0x00 } },
    { 0x5e11, 1, { 0x2e, 0xfa, 0x54, 0xea, 0x7c, 0x54, 0x10, 0x00 } },
    { 0x5e16, 1, { 0x48, 0xe8, 0xee, 0xe8, 0x5e, 0x52, 0x5e, 0x00 } },
    { 0x5e19, 1, { 0x58, 0xdc, 0xe8, 0xfe, 0x48, 0x54, 0x62, 0x00 } },
    { 0x5e1a, 1, { 0x3c, 0xfe, 0x3c, 0xfe, 0x92, 0x7c, 0x54, 0x00 } },
    { 0x5e1b, 1, { 0x10, 0x7c, 0x44, 0x7c, 0xfe, 0x92, 0x10, 0x00 } },
    { 0x5e1d, 1, { 0x10, 0xfe, 0x24, 0xfe, 0x92, 0x7c, 0x54, 0x00 } },
    { 0x5e25, 1, { 0x48, 0xfe, 0xea, 0xaa, 0xea, 0xea, 0x08, 0x00 } },
    { 0x5e2b, 1, { 0x5e, 0xe8, 0xfe, 0xaa, 0xea, 0xea, 0x08, 0x00 } },
    { 0x5e2d, 1, { 0x08, 0x7e, 0x54, 0x7e, 0x48, 0x7e, 0xaa, 0x00 } },
    { 0x5e2f, 1, { 0x54, 0xfe, 0x54, 0xfe, 0x92, 0x7c, 0x54, 0x00 } },
    { 0x5e30, 1, { 0x5c, 0xc4, 0xfe, 0xea, 0x5c, 0x5c, 0x88, 0x00 } },
    { 0x5e33, 1, { 0x5e, 0xd0, 0xdc, 0xd0, 0x7e, 0x54, 0x5a, 0x00 } },
    { 0x5e36, 1, { 0x6c, 0xfe, 0x6c, 0xb6, 0xfe, 0x7c, 0x54, 0x00 } },
    { 0x5e37, 1, { 0x54, 0xde, 0xf4, 0xde, 0x54, 0x54, 0x5e, 0x00 } },
    { 0x5e38, 1, { 0x54, 0xfe, 0xaa, 0x38, 0xfe, 0x92, 0x10, 0x00 } },
    { 0x5e3d, 1, { 0x7e, 0xe2, 0xfe, 0xd4, 0x5c, 0x54, 0x5c, 0x00 } },
    { 0x5e40, 1, { 0x48, 0xce, 0xdc, 0xd4, 0x5c, 0x5c, 0x62, 0x00 } },
    { 0x5e43, 1, { 0x48, 0xde, 0xca, 0xfe, 0x54, 0x7e, 0x44, 0x00 } },
    { 0x5e44, 1, { 0x5e, 0xd2, 0xdc, 0xd8, 0x5e, 0x64, 0x5e, 0x00 } },
    { 0x5e45, 1, { 0x7e, 0xd4, 0xdc, 0xc0, 0x7e, 0x6a, 0x7e, 0x00 } },
    { 0x5e47, 1, { 0x42, 0xee, 0x4a, 0xe6, 0x7c, 0x54, 0x10, 0x00 } },
    { 0x5e4c, 1, { 0x5c, 0xdc, 0xea, 0xc8, 0x7e, 0x54, 0x66, 0x00 } },
    { 0x5e4e, 1, { 0x7e, 0xe2, 0xdc, 0xd4, 0x7e, 0x40, 0x62, 0x00 } },
    { 0x5e54, 1, { 0x5c, 0xd4, 0xfe, 0xfe, 0x54, 0x48, 0x76, 0x00 } },
    { 0x5e55, 1, { 0x28, 0xfe, 0x38, 0xfe, 0x56, 0xbc, 0x34, 0x00 } },
    { 0x5e57, 1, { 0x7e, 0xea, 0xfe, 0xfa, 0x66, 0x72, 0x7e, 0x00 } },
    { 0x5e5f, 1, { 0x56, 0xfc, 0xde, 0xfc, 0x46, 0x5c, 0x5a, 0x00 } },
    { 0x5e61, 1, { 0x7e, 0xd4, 0xfe, 0xdc, 0x6a, 0x5c, 0x5c, 0x00 } },
    { 0x5e62, 1, { 0x48, 0xfe, 0xd4, 0xfe, 0x5c, 0x48, 0x7e, 0x00 } },
    { 0x5e63, 1, { 0x96, 0x6a, 0xf4, 0xaa, 0x7c, 0x54, 0x10, 0x00 } },
    { 0x5e64, 1, { 0x56, 0xaa, 0x74, 0x6a, 0x7c, 0x54, 0x10, 0x00 } },
    { 0x5e72, 1, { 0x7c, 0x10, 0x10, 0xfe, 0x10, 0x10, 0x10, 0x00 } },
    { 0x5e73, 1, { 0xfe, 0x54, 0x38, 0x10, 0xfe, 0x10, 0x10, 0x00 } },
    { 0x5e74, 1, { 0x40, 0x7e, 0x90, 0x7c, 0x50, 0xfe, 0x10, 0x00 } },
    { 0x5e75, 1, { 0xee, 0x44, 0x44, 0xee, 0x44, 0x44, 0x44, 0x00 } },
    { 0x5e76, 1, { 0x44, 0x08, 0xfe, 0x44, 0xfe, 0x44, 0x84, 0x00 } },
    { 0x5e78, 1, { 0x10, 0x7c, 0xfe, 0x28, 0xfe, 0x7c, 0x10, 0x00 } },
    { 0x5e79, 1, { 0xe4, 0x4a, 0xe0, 0xae, 0x44, 0xee, 0x44, 0x00 } },
    { 0x5e7a, 1, { 0x10, 0x10, 0x64, 0x28, 0x10, 0x24, 0xfa, 0x00 } },
    { 0x5e7b, 1, { 0x2e, 0x22, 0xd2, 0x62, 0x22, 0x52, 0xf4, 0x00 } },
    { 0x5e7c, 1, { 0x28, 0x2e, 0xda, 0x6a, 0x2a, 0x5a, 0xf6, 0x00 } },
    { 0x5e7d, 1, { 0x34, 0xda, 0xb6, 0xda, 0xfe, 0x92, 0xfe, 0x00 } },
    { 0x5e7e, 1, { 0x54, 0x98, 0x54, 0xfc, 0x4a, 0x64, 0x9a, 0x00 } },
    { 0x5e7f, 1, { 0x08, 0x7e, 0x40, 0x40, 0x40, 0x40, 0x80, 0x00 } },
    { 0x5e81, 1, { 0x08, 0x7e, 0x40, 0x7e, 0x48, 0x48, 0x98, 0x00 } },
    { 0x5e83, 1, { 0x08, 0x7e, 0x40, 0x48, 0x48, 0x54, 0xba, 0x00 } },
    { 0x5e84, 1, { 0x08, 0x7e, 0x48, 0x5c, 0x48, 0x48, 0xbe, 0x00 } },
    { 0x5e87, 1, { 0x08, 0x7e, 0x40, 0x64, 0x76, 0x64, 0xb6, 0x00 } },
    { 0x5e8a, 1, { 0x08, 0x7e, 0x48, 0x7e, 0x48, 0x5c, 0xaa, 0x00 } },
    { 0x5e8f, 1, { 0x08, 0x7e, 0x5c, 0x44, 0x7e, 0x4a, 0x98, 0x00 } },
    { 0x5e95, 1, { 0x08, 0x7e, 0x5e, 0x54, 0x5e, 0x54, 0xba, 0x00 } },
    { 0x5e96, 1, { 0x08, 0x7e, 0x5e, 0x6a, 0x5a, 0x50, 0x9e, 0x00 } },
    { 0x5e97, 1, { 0x08, 0x7e, 0x48, 0x4e, 0x48, 0x5e, 0x9e, 0x00 } },
    { 0x5e9a, 1, { 0x08, 0x7e, 0x5e, 0x4a, 0x5e, 0x48, 0xb6, 0x00 } },
    { 0x5e9c, 1, { 0x08, 0x7e, 0x52, 0x5e, 0x72, 0x5a, 0x96, 0x00 } },
    { 0x5ea0, 1, { 0x08, 0x7e, 0x54, 0x7e, 0x48, 0x7e, 0x88, 0x00 } },
    { 0x5ea6, 1, { 0x08, 0x7e, 0x54, 0x7e, 0x54, 0x48, 0xb6, 0x00 } },
    { 0x5ea7, 1, { 0x08, 0x7e, 0x54, 0x6a, 0x5c, 0x48, 0xbe, 0x00 } },
    { 0x5eab, 1, { 0x08, 0x7e, 0x48, 0x7e, 0x5c, 0x7e, 0x88, 0x00 } },
    { 0x5ead, 1, { 0x08, 0x7e, 0x72, 0x54, 0x6e, 0x54, 0xae, 0x00 } },
    { 0x5eb5, 1, { 0x08, 0x7e, 0x54, 0x6a, 0x5c, 0x5c, 0x86, 0x00 } },
    { 0x5eb6, 1, { 0x08, 0x7e, 0x54, 0x7e, 0x5c, 0x40, 0xaa, 0x00 } },
    { 0x5eb7, 1, { 0x08, 0x7e, 0x4e, 0x7c, 0x6a, 0x5c, 0xaa, 0x00 } },
    { 0x5eb8, 1, { 0x08, 0x7e, 0x5c, 0x7e, 0x6a, 0x7e, 0xaa, 0x00 } },
    { 0x5ec1, 1, { 0x08, 0x7e, 0x78, 0x6a, 0x7a, 0x42, 0xaa, 0x00 } },
    { 0x5ec2, 1, { 0x08, 0x7e, 0x6e, 0x7a, 0x6e, 0x7a, 0xae, 0x00 } },
    { 0x5ec3, 1, { 0x08, 0x7e, 0x7a, 0x54, 0x7e, 0x54, 0xa6, 0x00 } },
    { 0x5ec8, 1, { 0x08, 0x7e, 0x5e, 0x4c, 0x54, 0x48, 0xb6, 0x00 } },
    { 0x5ec9, 1, { 0x08, 0x7e, 0x5c, 0x4e, 0x7e, 0x5c, 0xaa, 0x00 } },
    { 0x5eca, 1, { 0x08, 0x7e, 0x56, 0x74, 0x76, 0x6e, 0xb4, 0x00 } },
    { 0x5ecf, 1, { 0x08, 0x7e, 0x5e, 0x7a, 0x6e, 0x74, 0x8a, 0x00 } },
    { 0x5ed0, 1, { 0x08, 0x7e, 0x5e, 0x74, 0x6e, 0x74, 0x8a, 0x00 } },
    { 0x5ed3, 1, { 0x08, 0x7e, 0x56, 0x7c, 0x6e, 0x7e, 0x94, 0x00 } },
    { 0x5ed6, 1, { 0x08, 0x7e, 0x6a, 0x54, 0x6a, 0x44, 0x98, 0x00 } },
    { 0x5eda, 1, { 0x08, 0x7e, 0x7a, 0x56, 0x6a, 0x5a, 0xb6, 0x00 } },
    { 0x5edb, 1, { 0x08, 0x7e, 0x5c, 0x7e, 0x76, 0x48, 0xbe, 0x00 } },
    { 0x5edd, 1, { 0x08, 0x7e, 0x7a, 0x6c, 0x7e, 0x46, 0xaa, 0x00 } },
    { 0x5edf, 1, { 0x08, 0x7e, 0x70, 0x6e, 0x7a, 0x7e, 0xaa, 0x00 } },
    { 0x5ee0, 1, { 0x08, 0x7e, 0x6c, 0x56, 0x7a, 0x7c, 0xaa, 0x00 } },
    { 0x5ee1, 1, { 0x08, 0x7e, 0x60, 0x7e, 0x54, 0x7e, 0xaa, 0x00 } },
    { 0x5ee2, 1, { 0x08, 0x7e, 0x7a, 0x5c, 0x6a, 0x54, 0xaa, 0x00 } },
    { 0x5ee3, 1, { 0x08, 0x7e, 0x54, 0x7e, 0x5c, 0x5c, 0xa2, 0x00 } },
    { 0x5ee8, 1, { 0x08, 0x7e, 0x76, 0x5a, 0x74, 0x7e, 0xd4, 0x00 } },
    { 0x5ee9, 1, { 0x08, 0x7e, 0x54, 0x5c, 0x7e, 0x5c, 0xaa, 0x00 } },
    { 0x5eec, 1, { 0x08, 0x7e, 0x4c, 0x78, 0x6e, 0x6c, 0xde, 0x00 } },
    { 0x5ef0, 1, { 0x08, 0x7e, 0x74, 0x7e, 0x74, 0x7a, 0x96, 0x00 } },
    { 0x5ef1, 1, { 0x08, 0x7e, 0x56, 0x6c, 0x56, 0x74, 0xbe, 0x00 } },
    { 0x5ef3, 1, { 0x08, 0x7e, 0x74, 0x5e, 0x74, 0x7a, 0x96, 0x00 } },
    { 0x5ef4, 1, { 0xe0, 0x20, 0x40, 0x20, 0xa0, 0x40, 0xbe, 0x00 } },
    { 0x5ef6, 1, { 0xc2, 0x5c, 0x86, 0x54, 0xde, 0x40, 0xbe, 0x00 } },
    { 0x5ef7, 1, { 0xc4, 0x58, 0x88, 0x7e, 0xc8, 0x5c, 0xbe, 0x00 } },
    { 0x5ef8, 1, { 0xc4, 0x5e, 0x96, 0x5e, 0xd6, 0x5e, 0xbe, 0x00 } },
    { 0x5efa, 1, { 0xdc, 0x4e, 0x9c, 0x48, 0xde, 0x48, 0xbe, 0x00 } },
    { 0x5efb, 1, { 0xde, 0x52, 0x9e, 0x5a, 0xde, 0x52, 0xbe, 0x00 } },
    { 0x5efc, 1, { 0xde, 0x4c, 0x9e, 0x5a, 0xd2, 0x5e, 0xbe, 0x00 } },
    { 0x5efe, 1, { 0x24, 0x24, 0x24, 0xfe, 0x24, 0x24, 0x44, 0x00 } },
    { 0x5eff, 1, { 0x44, 0x44, 0xfe, 0x44, 0x44, 0x44, 0x7c, 0x00 } },
    { 0x5f01, 1, { 0x10, 0x24, 0xfa, 0x28, 0xfe, 0x28, 0x48, 0x00 } },
    { 0x5f03, 1, { 0x10, 0xfe, 0x28, 0x74, 0xfe, 0x28, 0x48, 0x00 } },
    { 0x5f04, 1, { 0x7c, 0x10, 0x7c, 0x28, 0xfe, 0x28, 0x48, 0x00 } },
    { 0x5f09, 1, { 0xa4, 0xfe, 0x64, 0xae, 0xfe, 0x28, 0x48, 0x00 } },
    { 0x5f0a, 1, { 0x96, 0x6a, 0xf4, 0xaa, 0xfe, 0x28, 0x48, 0x00 } },
    { 0x5f0b, 1, { 0x14, 0x10, 0xfe, 0x10, 0x10, 0x0a, 0x06, 0x00 } },
    { 0x5f0c, 1, { 0x0a, 0xfe, 0x08, 0x08, 0xf4, 0x04, 0x02, 0x00 } },
    { 0x5f0d, 1, { 0x0a, 0xfe, 0x08, 0x68, 0x04, 0x04, 0xf2, 0x00 } },
    { 0x5f0f, 1, { 0x0a, 0xfe, 0x08, 0x78, 0x24, 0x34, 0xc2, 0x00 } },
    { 0x5f10, 1, { 0x6a, 0x08, 0xfe, 0x68, 0x04, 0x34, 0xc2, 0x00 } },
    { 0x5f11, 1, { 0x56, 0x24, 0xde, 0x24, 0xfc, 0x6c, 0xba, 0x00 } },
    { 0x5f13, 1, { 0x7c, 0x04, 0x7c, 0x40, 0xfe, 0x02, 0x0e, 0x00 } },
    { 0x5f14, 1, { 0x7c, 0x14, 0x7c, 0x50, 0xfe, 0x12, 0x16, 0x00 } },
    { 0x5f15, 1, { 0xf2, 0x12, 0xf2, 0x82, 0xf2, 0x12, 0x32, 0x00 } },
    { 0x5f16, 1, { 0x7c, 0x04, 0x3c, 0x20, 0x3c, 0x04, 0xfe, 0x00 } },
    { 0x5f17, 1, { 0x28, 0xfe, 0x3e, 0xe8, 0xfe, 0x2a, 0xc8, 0x00 } },
    { 0x5f18, 1, { 0xc8, 0x48, 0xc8, 0x88, 0xd0, 0x54, 0xfa, 0x00 } },
    { 0x5f1b, 1, { 0xc4, 0x54, 0xde, 0xb6, 0xd4, 0x52, 0xde, 0x00 } },
    { 0x5f1f, 1, { 0x28, 0xfc, 0x14, 0x7c, 0x50, 0x3e, 0xd2, 0x00 } },
    { 0x5f25, 1, { 0xd0, 0x5e, 0xe8, 0x9c, 0xda, 0x6a, 0xd8, 0x00 } },
    { 0x5f26, 1, { 0xc8, 0x7e, 0xd0, 0xb4, 0xc8, 0x54, 0xfa, 0x00 } },
    { 0x5f27, 1, { 0xc2, 0x5c, 0xd4, 0x94, 0xd4, 0x56, 0xea, 0x00 } },
    { 0x5f29, 1, { 0x2e, 0xfa, 0x54, 0xea, 0x78, 0x7e, 0x02, 0x00 } },
    { 0x5f2d, 1, { 0xfe, 0x54, 0xdc, 0x9c, 0xd4, 0x7e, 0xc4, 0x00 } },
    { 0x5f2f, 1, { 0x10, 0xfe, 0x28, 0xaa, 0x78, 0x7e, 0x02, 0x00 } },
    { 0x5f31, 1, { 0xee, 0x22, 0xee, 0x88, 0x66, 0xaa, 0x66, 0x00 } },
    { 0x5f35, 1, { 0xde, 0x50, 0xdc, 0x90, 0xfe, 0x54, 0xda, 0x00 } },
    { 0x5f37, 1, { 0xc8, 0x52, 0xfe, 0x9c, 0xdc, 0x4a, 0xfe, 0x00 } },
    { 0x5f38, 1, { 0xfe, 0x6a, 0xfe, 0xaa, 0xfe, 0x6a, 0xd6, 0x00 } },
    { 0x5f3c, 1, { 0xc6, 0x7a, 0xd6, 0xbc, 0xee, 0x7a, 0xc6, 0x00 } },
    { 0x5f3e, 1, { 0xea, 0x44, 0xfe, 0xbe, 0xc8, 0x7e, 0xc8, 0x00 } },
    { 0x5f41, 1, { 0xfe, 0x44, 0xd4, 0xbe, 0xc4, 0x54, 0xcc, 0x00 } },
    { 0x5f48, 1, { 0xf6, 0x76, 0xdc, 0x9c, 0xdc, 0x7e, 0xc8, 0x00 } },
    { 0x5f4a, 1, { 0xde, 0x4c, 0xcc, 0x9e, 0xcc, 0x4c, 0xde, 0x00 } },
    { 0x5f4c, 1, { 0xfe, 0x5c, 0xea, 0xbe, 0xea, 0x7e, 0xea, 0x00 } },
    { 0x5f4e, 1, { 0x54, 0xb8, 0x54, 0xee, 0x7c, 0x7e, 0x02, 0x00 } },
    { 0x5f51, 1, { 0x20, 0x3c, 0x24, 0x44, 0x78, 0x08, 0xfe, 0x00 } },
    { 0x5f53, 1, { 0x52, 0x34, 0x7e, 0x02, 0x3e, 0x02, 0x7e, 0x00 } },
    { 0x5f56, 1, { 0x1c, 0x28, 0xfe, 0x30, 0xda, 0x2c, 0xda, 0x00 } },
    { 0x5f57, 1, { 0x44, 0xee, 0x44, 0xfe, 0x04, 0xfe, 0x7c, 0x00 } },
    { 0x5f59, 1, { 0x1c, 0x28, 0xfe, 0xba, 0x7c, 0x38, 0xd6, 0x00 } },
    { 0x5f5c, 1, { 0x1c, 0x28, 0xfe, 0x66, 0x2a, 0xfe, 0x48, 0x00 } },
    { 0x5f5d, 1, { 0x1c, 0x28, 0xfe, 0x64, 0x2e, 0xfe, 0x48, 0x00 } },
    { 0x5f61, 1, { 0x04, 0x18, 0x64, 0x18, 0x62, 0x0c, 0x70, 0x00 } },
    { 0x5f62, 1, { 0xfa, 0x54, 0x52, 0xfc, 0x50, 0x52, 0x94, 0x00 } },
    { 0x5f66, 1, { 0x10, 0xfe, 0x24, 0x7e, 0x58, 0x42, 0x9c, 0x00 } },
    { 0x5f69, 1, { 0x1a, 0xe4, 0x52, 0x24, 0xf8, 0x72, 0xac, 0x00 } },
    { 0x5f6a, 1, { 0x22, 0x34, 0xe2, 0xb4, 0x82, 0xb4, 0xde, 0x00 } },
    { 0x5f6b, 1, { 0xfa, 0xac, 0xfa, 0xac, 0xd8, 0xfa, 0x8c, 0x00 } },
    { 0x5f6c, 1, { 0x52, 0xfc, 0x52, 0xfc, 0xf8, 0x52, 0x54, 0x00 } },
    { 0x5f6d, 1, { 0x22, 0xf4, 0x22, 0x74, 0x50, 0x22, 0xf4, 0x00 } },
    { 0x5f70, 1, { 0x22, 0xfc, 0x52, 0xfc, 0x70, 0xfa, 0x24, 0x00 } },
    { 0x5f71, 1, { 0x72, 0x54, 0xfa, 0x54, 0x70, 0x22, 0xac, 0x00 } },
    { 0x5f73, 1, { 0x04, 0x08, 0x34, 0x08, 0x38, 0x08, 0x08, 0x00 } },
    { 0x5f77, 1, { 0x48, 0xbe, 0x50, 0xde, 0x52, 0x52, 0x66, 0x00 } },
    { 0x5f79, 1, { 0x5c, 0x94, 0x66, 0xdc, 0x54, 0x48, 0x76, 0x00 } },
    { 0x5f7c, 1, { 0x48, 0xbe, 0x6a, 0xfc, 0x74, 0x68, 0x56, 0x00 } },
    { 0x5f7f, 1, { 0x54, 0xbe, 0x5e, 0xf4, 0x7e, 0x56, 0x64, 0x00 } },
    { 0x5f80, 1, { 0x50, 0x88, 0x7e, 0xc8, 0x5c, 0x48, 0x7e, 0x00 } },
    { 0x5f81, 1, { 0x5e, 0x84, 0x44, 0xd6, 0x54, 0x54, 0x7e, 0x00 } },
    { 0x5f82, 1, { 0x5c, 0x94, 0x5c, 0xd4, 0x5c, 0x54, 0x7e, 0x00 } },
    { 0x5f83, 1, { 0x58, 0x9e, 0x68, 0xc8, 0x5c, 0x48, 0x7e, 0x00 } },
    { 0x5f84, 1, { 0x7c, 0x94, 0x48, 0xf6, 0x5c, 0x48, 0x7e, 0x00 } },
    { 0x5f85, 1, { 0x48, 0x9c, 0x48, 0xfe, 0x44, 0x7e, 0x54, 0x00 } },
    { 0x5f87, 1, { 0x50, 0x9e, 0x76, 0xde, 0x56, 0x5e, 0x42, 0x00 } },
    { 0x5f88, 1, { 0x5e, 0x92, 0x5e, 0xd2, 0x5e, 0x54, 0x5a, 0x00 } },
    { 0x5f8a, 1, { 0x7e, 0xa2, 0x7e, 0xf6, 0x7e, 0x62, 0x7e, 0x00 } },
    { 0x5f8b, 1, { 0x48, 0xbc, 0x4e, 0xfc, 0x48, 0x7e, 0x48, 0x00 } },
    { 0x5f8c, 1, { 0x48, 0x90, 0x4a, 0xfe, 0x54, 0x48, 0x76, 0x00 } },
    { 0x5f90, 1, { 0x48, 0x94, 0x7e, 0xc8, 0x7e, 0x48, 0x6a, 0x00 } },
    { 0x5f91, 1, { 0x5e, 0x8a, 0x54, 0xca, 0x5e, 0x44, 0x5e, 0x00 } },
    { 0x5f92, 1, { 0x48, 0x9c, 0x48, 0xfe, 0x4c, 0x58, 0x6e, 0x00 } },
    { 0x5f93, 1, { 0x52, 0xbe, 0x44, 0xd6, 0x54, 0x54, 0x6e, 0x00 } },
    { 0x5f97, 1, { 0x5c, 0x94, 0x7e, 0xc4, 0x7e, 0x54, 0x4c, 0x00 } },
    { 0x5f98, 1, { 0x54, 0xb6, 0x54, 0xf6, 0x54, 0x76, 0x54, 0x00 } },
    { 0x5f99, 1, { 0x44, 0x96, 0x54, 0xfe, 0x46, 0x54, 0x6e, 0x00 } },
    { 0x5f9e, 1, { 0x54, 0x94, 0x6a, 0xc4, 0x56, 0x54, 0x6e, 0x00 } },
    { 0x5fa0, 1, { 0x48, 0xbe, 0x5c, 0xea, 0x48, 0x5c, 0x6a, 0x00 } },
    { 0x5fa1, 1, { 0x66, 0xbe, 0x56, 0xde, 0x76, 0x7c, 0x44, 0x00 } },
    { 0x5fa8, 1, { 0x48, 0x9c, 0x54, 0xdc, 0x7e, 0x48, 0x7e, 0x00 } },
    { 0x5fa9, 1, { 0x50, 0x9e, 0x6c, 0xcc, 0x54, 0x48, 0x76, 0x00 } },
    { 0x5faa, 1, { 0x42, 0x9c, 0x5e, 0xd4, 0x5e, 0x6e, 0x4e, 0x00 } },
    { 0x5fad, 1, { 0x4c, 0x94, 0x48, 0xde, 0x64, 0x56, 0x5e, 0x00 } },
    { 0x5fae, 1, { 0x54, 0xbe, 0x46, 0xfe, 0x56, 0x54, 0x6a, 0x00 } },
    { 0x5fb3, 1, { 0x48, 0xbe, 0x5c, 0xdc, 0x40, 0x72, 0x6e, 0x00 } },
    { 0x5fb4, 1, { 0x54, 0xbe, 0x46, 0xfe, 0x56, 0x7c, 0x4a, 0x00 } },
    { 0x5fb9, 1, { 0x54, 0xbe, 0x56, 0xe6, 0x5e, 0x5c, 0x5a, 0x00 } },
    { 0x5fbc, 1, { 0x54, 0xb6, 0x7a, 0xfa, 0x5a, 0x6c, 0x5a, 0x00 } },
    { 0x5fbd, 1, { 0x54, 0xbe, 0x56, 0xee, 0x56, 0x7c, 0x52, 0x00 } },
    { 0x5fc3, 1, { 0x20, 0x10, 0x20, 0x64, 0x62, 0xa4, 0x3c, 0x00 } },
    { 0x5fc5, 1, { 0x20, 0x14, 0x24, 0xaa, 0xb2, 0x20, 0xde, 0x00 } },
    { 0x5fcc, 1, { 0x7c, 0x04, 0x7c, 0x40, 0x7c, 0xca, 0xba, 0x00 } },
    { 0x5fcd, 1, { 0x7c, 0x2c, 0x14, 0x6c, 0x10, 0xca, 0xba, 0x00 } },
    { 0x5fd6, 1, { 0x44, 0xfe, 0xc4, 0x54, 0x4c, 0x44, 0x4c, 0x00 } },
    { 0x5fd7, 1, { 0x10, 0xfe, 0x10, 0x7c, 0x00, 0xca, 0xba, 0x00 } },
    { 0x5fd8, 1, { 0x10, 0xfe, 0x40, 0x7c, 0x54, 0xca, 0xba, 0x00 } },
    { 0x5fd9, 1, { 0x48, 0xfe, 0xd0, 0x50, 0x50, 0x50, 0x4e, 0x00 } },
    { 0x5fdc, 1, { 0x08, 0x7e, 0x50, 0x48, 0x50, 0x76, 0x9c, 0x00 } },
    { 0x5fdd, 1, { 0x0c, 0x70, 0xfe, 0x28, 0xc6, 0x20, 0xaa, 0x00 } },
    { 0x5fe0, 1, { 0x10, 0x7c, 0x54, 0x7c, 0x10, 0xca, 0xba, 0x00 } },
    { 0x5fe4, 1, { 0x50, 0xdc, 0xe8, 0x48, 0x7e, 0x48, 0x48, 0x00 } },
    { 0x5feb, 1, { 0x48, 0xdc, 0xcc, 0x7e, 0x48, 0x48, 0x76, 0x00 } },
    { 0x5ff0, 1, { 0x50, 0xfc, 0xd4, 0x66, 0x48, 0x7e, 0x48, 0x00 } },
    { 0x5ff1, 1, { 0x48, 0xfe, 0xea, 0x4c, 0x4c, 0x54, 0x66, 0x00 } },
    { 0x5ff5, 1, { 0x10, 0x28, 0xde, 0x38, 0x08, 0xc2, 0xba, 0x00 } },
    { 0x5ff8, 1, { 0x7c, 0xd4, 0xd4, 0x7e, 0x54, 0x54, 0x7e, 0x00 } },
    { 0x5ffb, 1, { 0x44, 0xd8, 0xd0, 0x5e, 0x54, 0x54, 0x64, 0x00 } },
    { 0x5ffd, 1, { 0x40, 0x7e, 0xaa, 0x2a, 0x54, 0xca, 0xba, 0x00 } },
    { 0x5fff, 1, { 0x28, 0x44, 0xbe, 0x14, 0x6c, 0xca, 0xba, 0x00 } },
    { 0x600e, 1, { 0x20, 0x3e, 0xd0, 0x1e, 0x50, 0xca, 0xba, 0x00 } },
    { 0x600f, 1, { 0x48, 0xdc, 0xd4, 0x7e, 0x48, 0x48, 0x76, 0x00 } },
    { 0x6010, 1, { 0x50, 0xde, 0xe2, 0x5a, 0x5a, 0x42, 0x46, 0x00 } },
    { 0x6012, 1, { 0x2e, 0xfa, 0x54, 0xea, 0x00, 0xca, 0xba, 0x00 } },
    { 0x6015, 1, { 0x48, 0xfe, 0xd2, 0x5e, 0x52, 0x52, 0x5e, 0x00 } },
    { 0x6016, 1, { 0x50, 0xfe, 0xd0, 0x64, 0x5e, 0x56, 0x44, 0x00 } },
    { 0x6019, 1, { 0x48, 0xc8, 0xfe, 0x48, 0x5c, 0x54, 0x5c, 0x00 } },
    { 0x601b, 1, { 0x5e, 0xd2, 0xde, 0x52, 0x5e, 0x40, 0x5e, 0x00 } },
    { 0x601c, 1, { 0x48, 0xd4, 0xee, 0x40, 0x7e, 0x4a, 0x48, 0x00 } },
    { 0x601d, 1, { 0x7c, 0x54, 0x7c, 0x54, 0x7c, 0xca, 0xba, 0x00 } },
    { 0x6020, 1, { 0x10, 0x24, 0xfa, 0x44, 0x7c, 0xca, 0xba, 0x00 } },
    { 0x6021, 1, { 0x48, 0xc8, 0xd4, 0x7a, 0x40, 0x5c, 0x5c, 0x00 } },
    { 0x6025, 1, { 0x38, 0xc8, 0x7c, 0x04, 0x7c, 0xca, 0xba, 0x00 } },
    { 0x6026, 1, { 0x7e, 0xdc, 0xea, 0x48, 0x7e, 0x48, 0x48, 0x00 } },
    { 0x6027, 1, { 0x58, 0xde, 0xe8, 0x48, 0x5c, 0x48, 0x7e, 0x00 } },
    { 0x6028, 1, { 0x7e, 0xda, 0x28, 0xce, 0x10, 0xca, 0xba, 0x00 } },
    { 0x6029, 1, { 0x5e, 0xd2, 0xde, 0x54, 0x56, 0x54, 0x66, 0x00 } },
    { 0x602a, 1, { 0x7c, 0xd4, 0xc8, 0x76, 0x5c, 0x48, 0x7e, 0x00 } },
    { 0x602b, 1, { 0x54, 0xfe, 0xde, 0x74, 0x7e, 0x56, 0x64, 0x00 } },
    { 0x602f, 1, { 0x48, 0xdc, 0xc8, 0x7e, 0x48, 0x54, 0x7a, 0x00 } },
    { 0x6031, 1, { 0x40, 0x7e, 0xaa, 0x7a, 0x14, 0xca, 0xba, 0x00 } },
    { 0x603a, 1, { 0x58, 0xc0, 0xd8, 0x7a, 0x5c, 0x6a, 0x58, 0x00 } },
    { 0x6041, 1, { 0x24, 0x58, 0xfe, 0x48, 0x5c, 0xc0, 0xba, 0x00 } },
    { 0x6042, 1, { 0x50, 0xde, 0xf6, 0x5e, 0x56, 0x5e, 0x42, 0x00 } },
    { 0x6043, 1, { 0x48, 0xdc, 0xc8, 0x7e, 0x44, 0x7e, 0x54, 0x00 } },
    { 0x6046, 1, { 0x7e, 0xd0, 0xdc, 0x54, 0x6c, 0x48, 0x7e, 0x00 } },
    { 0x604a, 1, { 0x48, 0xde, 0xca, 0x40, 0x4a, 0x7e, 0x56, 0x00 } },
    { 0x604b, 1, { 0x10, 0xfe, 0x28, 0xaa, 0x00, 0xca, 0xba, 0x00 } },
    { 0x604d, 1, { 0x48, 0xea, 0xc8, 0x7e, 0x54, 0x54, 0x66, 0x00 } },
    { 0x6050, 1, { 0xec, 0x4c, 0x6c, 0xd6, 0x00, 0xca, 0xba, 0x00 } },
    { 0x6052, 1, { 0x7e, 0xdc, 0xd4, 0x5c, 0x54, 0x5c, 0x7e, 0x00 } },
    { 0x6055, 1, { 0x2e, 0xfa, 0x5a, 0xee, 0x00, 0xca, 0xba, 0x00 } },
    { 0x6059, 1, { 0x44, 0xfe, 0x10, 0xfe, 0x54, 0xca, 0xba, 0x00 } },
    { 0x605a, 1, { 0x10, 0x7c, 0xfe, 0x10, 0xfe, 0x48, 0xba, 0x00 } },
    { 0x605f, 1, { 0x50, 0xde, 0xf6, 0x4a, 0x56, 0x5e, 0x42, 0x00 } },
    { 0x6060, 1, { 0x48, 0xfe, 0xd0, 0x74, 0x5e, 0x54, 0x5e, 0x00 } },
    { 0x6062, 1, { 0x5e, 0xd4, 0xde, 0x5c, 0x54, 0x54, 0x6a, 0x00 } },
    { 0x6063, 1, { 0x90, 0x1e, 0x2a, 0x94, 0x00, 0xca, 0xba, 0x00 } },
    { 0x6064, 1, { 0x48, 0xde, 0xd6, 0x56, 0x56, 0x56, 0x7e, 0x00 } },
    { 0x6065, 1, { 0xe8, 0x64, 0x68, 0x7a, 0x78, 0xea, 0x2e, 0x00 } },
    { 0x6068, 1, { 0x5e, 0xf2, 0xde, 0x52, 0x5e, 0x54, 0x5a, 0x00 } },
    { 0x6069, 1, { 0x7c, 0x54, 0x6c, 0x7c, 0x54, 0xca, 0xba, 0x00 } },
    { 0x606a, 1, { 0x4c, 0xd4, 0xc8, 0x54, 0x62, 0x5c, 0x5c, 0x00 } },
    { 0x606b, 1, { 0x5e, 0xf2, 0xde, 0x52, 0x5e, 0x5e, 0x52, 0x00 } },
    { 0x606c, 1, { 0x44, 0xd8, 0xfe, 0x48, 0x5c, 0x54, 0x5c, 0x00 } },
    { 0x606d, 1, { 0x28, 0x7c, 0x28, 0xfe, 0x44, 0x20, 0xaa, 0x00 } },
    { 0x606f, 1, { 0x10, 0x7c, 0x44, 0x7c, 0x7c, 0xca, 0xba, 0x00 } },
    { 0x6070, 1, { 0x48, 0xd4, 0xee, 0x40, 0x5c, 0x54, 0x5c, 0x00 } },
    { 0x6075, 1, { 0x10, 0xfe, 0x7c, 0x54, 0x7c, 0xca, 0xba, 0x00 } },
    { 0x6077, 1, { 0x28, 0x7e, 0xc8, 0x5c, 0x6a, 0xc0, 0xba, 0x00 } },
    { 0x6081, 1, { 0x4c, 0xec, 0xc0, 0x5e, 0x52, 0x5e, 0x52, 0x00 } },
    { 0x6083, 1, { 0x7e, 0xea, 0xfe, 0x6a, 0x7e, 0x6a, 0x7e, 0x00 } },
    { 0x6084, 1, { 0x54, 0xea, 0xd4, 0x5c, 0x54, 0x5c, 0x54, 0x00 } },
    { 0x6089, 1, { 0xfe, 0x54, 0xfe, 0x38, 0xd6, 0x48, 0xba, 0x00 } },
    { 0x608b, 1, { 0x48, 0xfe, 0xd4, 0x48, 0x76, 0x5c, 0x5c, 0x00 } },
    { 0x608c, 1, { 0x54, 0xfe, 0xca, 0x7e, 0x68, 0x5e, 0x6a, 0x00 } },
    { 0x608d, 1, { 0x5c, 0xd4, 0xdc, 0x7e, 0x48, 0x7e, 0x48, 0x00 } },
    { 0x6092, 1, { 0x5c, 0xd4, 0xfe, 0x6a, 0x7e, 0x60, 0x5e, 0x00 } },
    { 0x6094, 1, { 0x50, 0xde, 0xcc, 0x7e, 0x54, 0x5e, 0x44, 0x00 } },
    { 0x6096, 1, { 0x48, 0xdc, 0xfe, 0x6e, 0x44, 0x7e, 0x48, 0x00 } },
    { 0x6097, 1, { 0x4c, 0xd4, 0xfe, 0x6a, 0x7e, 0x54, 0x66, 0x00 } },
    { 0x609a, 1, { 0x48, 0xfe, 0xda, 0x5e, 0x48, 0x5c, 0x6a, 0x00 } },
    { 0x609b, 1, { 0x52, 0xfe, 0xd4, 0x66, 0x5c, 0x68, 0x56, 0x00 } },
    { 0x609f, 1, { 0x5c, 0xc8, 0xfc, 0x54, 0x7e, 0x54, 0x5c, 0x00 } },
    { 0x60a0, 1, { 0x26, 0x5a, 0xd4, 0x5a, 0x00, 0xca, 0xba, 0x00 } },
    { 0x60a3, 1, { 0x10, 0x38, 0x38, 0x7c, 0x7c, 0xca, 0xba, 0x00 } },
    { 0x60a6, 1, { 0x54, 0xfe, 0xe2, 0x7e, 0x54, 0x54, 0x66, 0x00 } },
    { 0x60a7, 1, { 0x7a, 0xd6, 0xfe, 0x56, 0x7a, 0x72, 0x56, 0x00 } },
    { 0x60a9, 1, { 0x6a, 0xc2, 0xd4, 0x6a, 0x76, 0x62, 0x7e, 0x00 } },
    { 0x60aa, 1, { 0xfe, 0x7c, 0x7c, 0xfe, 0x54, 0xca, 0xba, 0x00 } },
    { 0x60b2, 1, { 0x28, 0xee, 0x28, 0xee, 0x28, 0xc2, 0xba, 0x00 } },
    { 0x60b3, 1, { 0x10, 0x7c, 0x18, 0x58, 0x7c, 0xca, 0xba, 0x00 } },
    { 0x60b4, 1, { 0x48, 0xfe, 0xd4, 0x54, 0x6a, 0x7e, 0x48, 0x00 } },
    { 0x60b5, 1, { 0x5e, 0xd0, 0xdc, 0x50, 0x7e, 0x54, 0x5a, 0x00 } },
    { 0x60b6, 1, { 0xee, 0xaa, 0xee, 0x92, 0xa2, 0xee, 0xba, 0x00 } },
    { 0x60b8, 1, { 0x5c, 0xfe, 0xdc, 0x6a, 0x44, 0x7e, 0x48, 0x00 } },
    { 0x60bc, 1, { 0x48, 0xce, 0xdc, 0x54, 0x5c, 0x7e, 0x48, 0x00 } },
    { 0x60bd, 1, { 0x48, 0xfe, 0xcc, 0x5c, 0x7e, 0x54, 0x7a, 0x00 } },
    { 0x60c5, 1, { 0x48, 0xdc, 0xc8, 0x7e, 0x54, 0x5c, 0x54, 0x00 } },
    { 0x60c6, 1, { 0x7e, 0xea, 0xfe, 0x6a, 0x76, 0x7e, 0x62, 0x00 } },
    { 0x60c7, 1, { 0x48, 0xfe, 0xd4, 0x5c, 0x44, 0x7e, 0x48, 0x00 } },
    { 0x60d1, 1, { 0x0a, 0xfe, 0x64, 0xea, 0x00, 0xca, 0xba, 0x00 } },
    { 0x60d3, 1, { 0x54, 0xea, 0xfe, 0x54, 0x6a, 0x50, 0x5c, 0x00 } },
    { 0x60d8, 1, { 0x7e, 0xe2, 0xf6, 0x7e, 0x6a, 0x6e, 0x62, 0x00 } },
    { 0x60da, 1, { 0x50, 0xde, 0xea, 0x4a, 0x54, 0x72, 0x6e, 0x00 } },
    { 0x60dc, 1, { 0x54, 0xfe, 0xd4, 0x7e, 0x5c, 0x54, 0x5c, 0x00 } },
    { 0x60df, 1, { 0x54, 0xde, 0xf4, 0x5e, 0x54, 0x54, 0x5e, 0x00 } },
    { 0x60e0, 1, { 0x10, 0xfe, 0x54, 0x7c, 0x74, 0xca, 0xba, 0x00 } },
    { 0x60e1, 1, { 0xfe, 0x6c, 0x44, 0xfe, 0x54, 0xca, 0xba, 0x00 } },
    { 0x60e3, 1, { 0xc8, 0xee, 0x56, 0xea, 0x56, 0xc8, 0xba, 0x00 } },
    { 0x60e7, 1, { 0x5c, 0xd4, 0xdc, 0x54, 0x7e, 0x40, 0x62, 0x00 } },
    { 0x60e8, 1, { 0x48, 0xd4, 0xfa, 0x54, 0x6a, 0x44, 0x58, 0x00 } },
    { 0x60f0, 1, { 0x50, 0xfe, 0xd4, 0x6e, 0x5c, 0x5c, 0x54, 0x00 } },
    { 0x60f1, 1, { 0x4a, 0xd4, 0xca, 0x5e, 0x56, 0x5a, 0x5e, 0x00 } },
    { 0x60f3, 1, { 0x2e, 0xfa, 0x6e, 0xba, 0x2e, 0xc0, 0xba, 0x00 } },
    { 0x60f4, 1, { 0x6a, 0xfe, 0xc0, 0x7e, 0x50, 0x7e, 0x6a, 0x00 } },
    { 0x60f6, 1, { 0x48, 0xdc, 0xd4, 0x5c, 0x7e, 0x48, 0x7e, 0x00 } },
    { 0x60f7, 1, { 0x38, 0xfe, 0x24, 0xda, 0x18, 0xca, 0xba, 0x00 } },
    { 0x60f9, 1, { 0x28, 0xfe, 0x20, 0xfe, 0x5c, 0xca, 0xba, 0x00 } },
    { 0x60fa, 1, { 0x5c, 0xd4, 0xde, 0x68, 0x5c, 0x48, 0x7e, 0x00 } },
    { 0x60fb, 1, { 0x7a, 0xee, 0xfe, 0x6e, 0x7a, 0x42, 0x6a, 0x00 } },
    { 0x6100, 1, { 0x74, 0xd4, 0xfe, 0x5c, 0x74, 0x74, 0x5a, 0x00 } },
    { 0x6101, 1, { 0x74, 0xfe, 0x74, 0xaa, 0x00, 0xca, 0xba, 0x00 } },
    { 0x6103, 1, { 0x48, 0xfe, 0xee, 0x40, 0x5c, 0x54, 0x7e, 0x00 } },
    { 0x6106, 1, { 0x56, 0x80, 0x56, 0xc2, 0x56, 0xc8, 0xba, 0x00 } },
    { 0x6108, 1, { 0x10, 0x28, 0xde, 0x74, 0x74, 0xca, 0xba, 0x00 } },
    { 0x6109, 1, { 0x48, 0xd4, 0xee, 0x40, 0x5a, 0x5a, 0x5a, 0x00 } },
    { 0x610d, 1, { 0xf6, 0xfa, 0xa4, 0xda, 0x00, 0xca, 0xba, 0x00 } },
    { 0x610e, 1, { 0x50, 0xde, 0xec, 0x4c, 0x54, 0x48, 0x76, 0x00 } },
    { 0x610f, 1, { 0x10, 0x7c, 0x28, 0xfe, 0x38, 0xca, 0xba, 0x00 } },
    { 0x6115, 1, { 0x76, 0xf6, 0xdc, 0x7e, 0x5c, 0x42, 0x46, 0x00 } },
    { 0x611a, 1, { 0x38, 0x38, 0x7c, 0x5c, 0x74, 0xca, 0xba, 0x00 } },
    { 0x611b, 1, { 0xfe, 0x54, 0xfe, 0xaa, 0x64, 0x18, 0xe6, 0x00 } },
    { 0x611f, 1, { 0x04, 0x7e, 0x74, 0xb2, 0x00, 0xca, 0xba, 0x00 } },
    { 0x6121, 1, { 0x50, 0xde, 0xea, 0x5a, 0x44, 0x72, 0x6e, 0x00 } },
    { 0x6127, 1, { 0x48, 0xfe, 0xea, 0x7e, 0x6a, 0x5c, 0x6e, 0x00 } },
    { 0x6128, 1, { 0x2e, 0xfa, 0x74, 0x5a, 0x00, 0xca, 0xba, 0x00 } },
    { 0x612c, 1, { 0xae, 0xea, 0xee, 0x52, 0x80, 0x4a, 0xba, 0x00 } },
    { 0x6134, 1, { 0x48, 0xd4, 0xfa, 0x58, 0x50, 0x6c, 0x4c, 0x00 } },
    { 0x613c, 1, { 0x50, 0xde, 0xcc, 0x6c, 0x7e, 0x40, 0x62, 0x00 } },
    { 0x613d, 1, { 0x4a, 0xfe, 0xdc, 0x54, 0x7e, 0x54, 0x4c, 0x00 } },
    { 0x613e, 1, { 0x60, 0xfe, 0xdc, 0x7e, 0x6a, 0x5e, 0x6a, 0x00 } },
    { 0x613f, 1, { 0x7e, 0x5c, 0x5c, 0x6a, 0x98, 0x4a, 0xba, 0x00 } },
    { 0x6142, 1, { 0xbe, 0x04, 0xbe, 0x3e, 0xaa, 0x40, 0xba, 0x00 } },
    { 0x6144, 1, { 0x7e, 0xdc, 0xdc, 0x48, 0x7e, 0x5c, 0x6a, 0x00 } },
    { 0x6147, 1, { 0x2e, 0xca, 0xe4, 0xaa, 0x00, 0xca, 0xba, 0x00 } },
    { 0x6148, 1, { 0x44, 0xfe, 0x24, 0x48, 0x24, 0xca, 0xba, 0x00 } },
    { 0x614a, 1, { 0x54, 0xfe, 0xdc, 0x4e, 0x7c, 0x5c, 0x6a, 0x00 } },
    { 0x614b, 1, { 0x54, 0xf6, 0x50, 0x74, 0x56, 0xc8, 0xba, 0x00 } },
    { 0x614c, 1, { 0x54, 0xfe, 0xd0, 0x5c, 0x40, 0x5a, 0x6a, 0x00 } },
    { 0x614d, 1, { 0x5e, 0xf6, 0xda, 0x5e, 0x40, 0x4c, 0x5e, 0x00 } },
    { 0x614e, 1, { 0x48, 0xfe, 0xdc, 0x5c, 0x7e, 0x40, 0x62, 0x00 } },
    { 0x6153, 1, { 0x7e, 0xdc, 0xdc, 0x40, 0x7e, 0x48, 0x6a, 0x00 } },
    { 0x6155, 1, { 0x28, 0xfe, 0x38, 0xfe, 0x44, 0x20, 0xaa, 0x00 } },
    { 0x6158, 1, { 0x54, 0xfa, 0xd4, 0x7e, 0x6a, 0x44, 0x58, 0x00 } },
    { 0x6159, 1, { 0x2e, 0xf8, 0x6e, 0xf4, 0x24, 0xc8, 0xba, 0x00 } },
    { 0x615a, 1, { 0x72, 0xdc, 0xf8, 0x7e, 0x5a, 0x7a, 0x52, 0x00 } },
    { 0x615d, 1, { 0xfe, 0xa8, 0xfe, 0xb4, 0xfe, 0x48, 0xba, 0x00 } },
    { 0x615f, 1, { 0x74, 0xde, 0xf6, 0x76, 0x56, 0x7a, 0x4a, 0x00 } },
    { 0x6162, 1, { 0x5c, 0xd4, 0xfe, 0x7e, 0x54, 0x48, 0x76, 0x00 } },
    { 0x6163, 1, { 0x5c, 0xf6, 0xdc, 0x5c, 0x5c, 0x5c, 0x62, 0x00 } },
    { 0x6165, 1, { 0x6c, 0xce, 0xe4, 0x5e, 0x6a, 0x6e, 0x7e, 0x00 } },
    { 0x6167, 1, { 0x44, 0xee, 0x44, 0xfe, 0x3c, 0xca, 0xba, 0x00 } },
    { 0x6168, 1, { 0x4e, 0xf6, 0xf6, 0x7e, 0x64, 0x74, 0x4a, 0x00 } },
    { 0x616b, 1, { 0x54, 0xaa, 0x5c, 0xd8, 0x6e, 0xc0, 0xba, 0x00 } },
    { 0x616e, 1, { 0x08, 0x0e, 0x78, 0x5e, 0x5c, 0x72, 0xae, 0x00 } },
    { 0x616f, 1, { 0x50, 0xde, 0xf4, 0x5c, 0x5e, 0x6a, 0x56, 0x00 } },
    { 0x6170, 1, { 0x72, 0x7e, 0x4a, 0x72, 0xa6, 0x48, 0xba, 0x00 } },
    { 0x6171, 1, { 0x48, 0xfe, 0xdc, 0x5a, 0x7e, 0x54, 0x4c, 0x00 } },
    { 0x6173, 1, { 0x7e, 0xfa, 0xf4, 0x4a, 0x5c, 0x48, 0x7e, 0x00 } },
    { 0x6174, 1, { 0x7e, 0xca, 0xde, 0x6a, 0x44, 0x5e, 0x5e, 0x00 } },
    { 0x6175, 1, { 0x44, 0xfe, 0xec, 0x7e, 0x76, 0x7e, 0x56, 0x00 } },
    { 0x6176, 1, { 0x08, 0x7e, 0x54, 0x7e, 0x7a, 0x4c, 0xb6, 0x00 } },
    { 0x6177, 1, { 0x48, 0xfe, 0xee, 0x6c, 0x7a, 0x6c, 0x5a, 0x00 } },
    { 0x617e, 1, { 0x58, 0x2e, 0xd6, 0x64, 0x6a, 0xc0, 0xba, 0x00 } },
    { 0x6182, 1, { 0xfe, 0x38, 0x38, 0xfe, 0xee, 0x10, 0xee, 0x00 } },
    { 0x6187, 1, { 0xea, 0x5e, 0xea, 0x6e, 0x00, 0xca, 0xba, 0x00 } },
    { 0x618a, 1, { 0x54, 0x7e, 0xd4, 0x7e, 0x56, 0xc8, 0xba, 0x00 } },
    { 0x618e, 1, { 0x54, 0xfe, 0xea, 0x7e, 0x5c, 0x54, 0x5c, 0x00 } },
    { 0x6190, 1, { 0x6a, 0xdc, 0xea, 0x40, 0x74, 0x5e, 0x64, 0x00 } },
    { 0x6191, 1, { 0xbe, 0x28, 0x3e, 0x82, 0x2a, 0xc0, 0xba, 0x00 } },
    { 0x6194, 1, { 0x54, 0xde, 0xf4, 0x54, 0x5e, 0x40, 0x6a, 0x00 } },
    { 0x6196, 1, { 0x24, 0xfe, 0x74, 0x74, 0xaa, 0x40, 0xba, 0x00 } },
    { 0x6199, 1, { 0x10, 0xfe, 0x38, 0xfe, 0x7c, 0xca, 0xba, 0x00 } },
    { 0x619a, 1, { 0x76, 0xf6, 0xdc, 0x5c, 0x5c, 0x7e, 0x48, 0x00 } },
    { 0x61a4, 1, { 0x48, 0xfe, 0xd4, 0x7e, 0x54, 0x5c, 0x62, 0x00 } },
    { 0x61a7, 1, { 0x48, 0xfe, 0xd4, 0x7e, 0x5c, 0x48, 0x7e, 0x00 } },
    { 0x61a9, 1, { 0xf4, 0x4e, 0xfa, 0x6e, 0x00, 0xca, 0xba, 0x00 } },
    { 0x61ab, 1, { 0x76, 0xf6, 0xea, 0x7e, 0x76, 0x6a, 0x76, 0x00 } },
    { 0x61ac, 1, { 0x5c, 0xd4, 0xfe, 0x54, 0x5c, 0x48, 0x6a, 0x00 } },
    { 0x61ae, 1, { 0x60, 0xfe, 0xd4, 0x7e, 0x54, 0x7e, 0x6a, 0x00 } },
    { 0x61b2, 1, { 0x10, 0xfe, 0x92, 0x7c, 0x38, 0xca, 0xba, 0x00 } },
    { 0x61b6, 1, { 0x48, 0xfe, 0xd4, 0x7e, 0x5c, 0x72, 0x6e, 0x00 } },
    { 0x61ba, 1, { 0x4c, 0xd4, 0xfe, 0x76, 0x6c, 0x7e, 0x4c, 0x00 } },
    { 0x61be, 1, { 0x44, 0xfe, 0xf4, 0x72, 0x40, 0x72, 0x6e, 0x00 } },
    { 0x61c3, 1, { 0x54, 0xfe, 0x76, 0x2a, 0xf0, 0x4a, 0xba, 0x00 } },
    { 0x61c6, 1, { 0x5c, 0xd4, 0xfe, 0x6a, 0x7e, 0x5c, 0x6a, 0x00 } },
    { 0x61c7, 1, { 0x2c, 0xdc, 0x6a, 0xac, 0x6a, 0xc0, 0xba, 0x00 } },
    { 0x61c8, 1, { 0x5e, 0xea, 0xd8, 0x5a, 0x5e, 0x5e, 0x6a, 0x00 } },
    { 0x61c9, 1, { 0x08, 0x7e, 0x56, 0x6c, 0x6e, 0x52, 0xae, 0x00 } },
    { 0x61ca, 1, { 0x48, 0xde, 0xde, 0x5a, 0x7e, 0x48, 0x76, 0x00 } },
    { 0x61cb, 1, { 0x7c, 0xce, 0x54, 0xfe, 0x54, 0xca, 0xba, 0x00 } },
    { 0x61cc, 1, { 0x7e, 0xfe, 0xc8, 0x7e, 0x54, 0x7e, 0x48, 0x00 } },
    { 0x61cd, 1, { 0x48, 0xfe, 0xd4, 0x5c, 0x7e, 0x5c, 0x6a, 0x00 } },
    { 0x61d0, 1, { 0x48, 0xfe, 0xda, 0x5e, 0x7e, 0x74, 0x5a, 0x00 } },
    { 0x61e3, 1, { 0x94, 0x3e, 0x94, 0x3e, 0xaa, 0x40, 0xba, 0x00 } },
    { 0x61e6, 1, { 0x5c, 0xfe, 0xea, 0x5c, 0x48, 0x7e, 0x6a, 0x00 } },
    { 0x61f2, 1, { 0x54, 0xbe, 0x46, 0xfc, 0x52, 0xc8, 0xba, 0x00 } },
    { 0x61f4, 1, { 0x56, 0xd4, 0xfe, 0x54, 0x7e, 0x54, 0x7a, 0x00 } },
    { 0x61f6, 1, { 0x56, 0xfa, 0xf0, 0x7e, 0x5e, 0x70, 0x5a, 0x00 } },
    { 0x61f7, 1, { 0x48, 0xfe, 0xda, 0x7e, 0x48, 0x74, 0x5a, 0x00 } },
    { 0x61f8, 1, { 0x6e, 0xe4, 0x88, 0xee, 0x54, 0xca, 0xba, 0x00 } },
    { 0x61fa, 1, { 0x6e, 0xd4, 0xfe, 0x54, 0x7e, 0x54, 0x7a, 0x00 } },
    { 0x61fc, 1, { 0x76, 0xf6, 0xc0, 0x54, 0x5e, 0x74, 0x5e, 0x00 } },
    { 0x61fd, 1, { 0x54, 0xfe, 0xf6, 0x54, 0x5e, 0x74, 0x5e, 0x00 } },
    { 0x61fe, 1, { 0x5e, 0xcc, 0xde, 0x44, 0x76, 0x7e, 0x52, 0x00 } },
    { 0x61ff, 1, { 0x58, 0xee, 0x54, 0xaa, 0xe0, 0x5a, 0xf6, 0x00 } },
    { 0x6200, 1, { 0x54, 0xb8, 0x54, 0xee, 0x54, 0xca, 0xba, 0x00 } },
    { 0x6208, 1, { 0x14, 0xfe, 0x10, 0x14, 0x08, 0x1a, 0xe6, 0x00 } },
    { 0x6209, 1, { 0x0a, 0x7e, 0x48, 0x48, 0x6a, 0xc4, 0x1a, 0x00 } },
    { 0x620a, 1, { 0x0a, 0x7e, 0x48, 0x4a, 0x44, 0x4c, 0xb2, 0x00 } },
    { 0x620c, 1, { 0x0a, 0x7e, 0x48, 0x78, 0x4a, 0x44, 0x9a, 0x00 } },
    { 0x620d, 1, { 0x0a, 0x7e, 0x48, 0x68, 0x5a, 0x44, 0x9a, 0x00 } },
    { 0x620e, 1, { 0x0a, 0xfe, 0x08, 0x48, 0xea, 0x44, 0x9a, 0x00 } },
    { 0x6210, 1, { 0x04, 0x7e, 0x44, 0x74, 0x56, 0x54, 0xaa, 0x00 } },
    { 0x6211, 1, { 0x1a, 0x68, 0xfe, 0x28, 0xfa, 0x24, 0x6a, 0x00 } },
    { 0x6212, 1, { 0x04, 0xfe, 0x04, 0x54, 0xfe, 0x54, 0x9a, 0x00 } },
    { 0x6214, 1, { 0x14, 0xfc, 0x1a, 0x66, 0xfc, 0x1a, 0x66, 0x00 } },
    { 0x6216, 1, { 0x0a, 0xfe, 0x08, 0x68, 0x6a, 0x04, 0xda, 0x00 } },
    { 0x621a, 1, { 0x04, 0x7e, 0x54, 0x5c, 0x56, 0x7c, 0x92, 0x00 } },
    { 0x621b, 1, { 0xfe, 0x3c, 0x24, 0x3e, 0xfc, 0x1a, 0x66, 0x00 } },
    { 0x621d, 1, { 0xea, 0xa8, 0xfe, 0xa8, 0xea, 0x04, 0xaa, 0x00 } },
    { 0x621e, 1, { 0xfe, 0x38, 0x38, 0xfe, 0xba, 0x18, 0x66, 0x00 } },
    { 0x621f, 1, { 0xea, 0x48, 0xfe, 0xa8, 0x4a, 0xe4, 0x5a, 0x00 } },
    { 0x6221, 1, { 0x56, 0xf4, 0x5e, 0x54, 0xf6, 0xa4, 0xfa, 0x00 } },
    { 0x6226, 1, { 0xaa, 0x08, 0xfe, 0xf4, 0x26, 0xf4, 0x2a, 0x00 } },
    { 0x622a, 1, { 0x2a, 0x78, 0xfe, 0x28, 0x7a, 0xd4, 0x7a, 0x00 } },
    { 0x622e, 1, { 0xf6, 0x54, 0x2e, 0x54, 0xa6, 0x14, 0x6a, 0x00 } },
    { 0x622f, 1, { 0x26, 0x34, 0xee, 0xb4, 0xa6, 0xb4, 0xea, 0x00 } },
    { 0x6230, 1, { 0xde, 0xdc, 0x76, 0x74, 0x76, 0xfc, 0x22, 0x00 } },
    { 0x6232, 1, { 0x26, 0x34, 0xee, 0xf4, 0xd6, 0xa4, 0xfa, 0x00 } },
    { 0x6233, 1, { 0xf6, 0x54, 0x0e, 0x54, 0x76, 0xe4, 0x7a, 0x00 } },
    { 0x6234, 1, { 0x2a, 0x78, 0xfe, 0x68, 0xfa, 0x04, 0xaa, 0x00 } },
    { 0x6238, 1, { 0xfe, 0x00, 0x7c, 0x44, 0x7c, 0x40, 0x80, 0x00 } },
    { 0x623b, 1, { 0xfe, 0x44, 0x7c, 0x48, 0x7e, 0x48, 0xb6, 0x00 } },
    { 0x623f, 1, { 0xfe, 0x44, 0x7c, 0x48, 0x7e, 0x54, 0xac, 0x00 } },
    { 0x6240, 1, { 0xf2, 0x0c, 0x78, 0x5e, 0x7a, 0x4a, 0x92, 0x00 } },
    { 0x6241, 1, { 0xfe, 0x44, 0x7c, 0x40, 0x7e, 0x7e, 0xaa, 0x00 } },
    { 0x6247, 1, { 0xfe, 0x7c, 0x40, 0x7e, 0x6a, 0x5e, 0xaa, 0x00 } },
    { 0x6248, 1, { 0xfe, 0x44, 0x7e, 0x6a, 0x7e, 0x60, 0xbe, 0x00 } },
    { 0x6249, 1, { 0xfe, 0x44, 0x7c, 0x76, 0x54, 0x76, 0xa4, 0x00 } },
    { 0x624b, 1, { 0x0c, 0x70, 0xfe, 0x10, 0xfe, 0x10, 0x30, 0x00 } },
    { 0x624d, 1, { 0x08, 0xfe, 0x08, 0x0c, 0x18, 0xe8, 0x18, 0x00 } },
    { 0x624e, 1, { 0x48, 0xe8, 0x48, 0x68, 0xc8, 0x4a, 0xce, 0x00 } },
    { 0x6253, 1, { 0x5e, 0xe4, 0x44, 0x64, 0xc4, 0x44, 0xcc, 0x00 } },
    { 0x6255, 1, { 0x48, 0xe8, 0x48, 0x68, 0xd0, 0x54, 0xfa, 0x00 } },
    { 0x6258, 1, { 0x44, 0xd8, 0x48, 0x7e, 0xc8, 0x4a, 0xce, 0x00 } },
    { 0x625b, 1, { 0x40, 0xee, 0x44, 0x64, 0xc4, 0x44, 0xde, 0x00 } },
    { 0x625e, 1, { 0x5c, 0xc8, 0x48, 0x7e, 0xc8, 0x48, 0xc8, 0x00 } },
    { 0x6260, 1, { 0x5e, 0xca, 0x62, 0x54, 0xc8, 0x54, 0xe2, 0x00 } },
    { 0x6263, 1, { 0x40, 0xfe, 0x52, 0x72, 0xd2, 0x52, 0xde, 0x00 } },
    { 0x6268, 1, { 0x5e, 0xea, 0x5a, 0x6a, 0xce, 0x4a, 0xd6, 0x00 } },
    { 0x626e, 1, { 0x54, 0xd4, 0x62, 0x5c, 0xd4, 0x54, 0xec, 0x00 } },
    { 0x6271, 1, { 0x7c, 0xd4, 0x56, 0x52, 0xda, 0x64, 0xda, 0x00 } },
    { 0x6276, 1, { 0x48, 0xdc, 0x48, 0x7e, 0xc8, 0x54, 0xe2, 0x00 } },
    { 0x6279, 1, { 0x54, 0xd4, 0x5e, 0x54, 0xd4, 0x5c, 0xf6, 0x00 } },
    { 0x627c, 1, { 0x5e, 0xd0, 0x5e, 0x5a, 0xda, 0x68, 0xce, 0x00 } },
    { 0x627e, 1, { 0x4a, 0xe8, 0x5e, 0x68, 0xca, 0x44, 0xda, 0x00 } },
    { 0x627f, 1, { 0x38, 0x08, 0xd2, 0x7c, 0x54, 0xba, 0x10, 0x00 } },
    { 0x6280, 1, { 0x48, 0xfe, 0x48, 0x7c, 0xd4, 0x48, 0xf6, 0x00 } },
    { 0x6282, 1, { 0x5e, 0xe4, 0x44, 0x6e, 0xc4, 0x44, 0xde, 0x00 } },
    { 0x6283, 1, { 0x48, 0xfe, 0x48, 0x4c, 0xca, 0x48, 0xc8, 0x00 } },
    { 0x6284, 1, { 0x48, 0xdc, 0x5a, 0x68, 0xca, 0x44, 0xd8, 0x00 } },
    { 0x6289, 1, { 0x48, 0xdc, 0x4c, 0x7e, 0xc8, 0x48, 0xf6, 0x00 } },
    { 0x628a, 1, { 0x7e, 0xea, 0x6a, 0x7e, 0xe0, 0x62, 0xde, 0x00 } },
    { 0x6291, 1, { 0x50, 0xee, 0x6a, 0x6a, 0xfa, 0x68, 0xc8, 0x00 } },
    { 0x6292, 1, { 0x7c, 0xd4, 0x48, 0x7e, 0xca, 0x48, 0xd8, 0x00 } },
    { 0x6293, 1, { 0x44, 0xf8, 0x6c, 0x6c, 0xec, 0x6c, 0xca, 0x00 } },
    { 0x6294, 1, { 0x7e, 0xc8, 0x48, 0x5c, 0xea, 0x48, 0xc8, 0x00 } },
    { 0x6295, 1, { 0x5c, 0xd4, 0x66, 0x5c, 0xd4, 0x48, 0xf6, 0x00 } },
    { 0x6296, 1, { 0x44, 0xd4, 0x44, 0x54, 0xc6, 0x7c, 0xc4, 0x00 } },
    { 0x6297, 1, { 0x48, 0xfe, 0x40, 0x5c, 0xd4, 0x54, 0xe6, 0x00 } },
    { 0x6298, 1, { 0x44, 0xd8, 0x50, 0x5e, 0xd4, 0x64, 0xc4, 0x00 } },
    { 0x629b, 1, { 0x54, 0xfe, 0x56, 0x56, 0xda, 0x50, 0xee, 0x00 } },
    { 0x629c, 1, { 0x50, 0xfe, 0x50, 0x5c, 0xd4, 0x68, 0xd6, 0x00 } },
    { 0x629e, 1, { 0x5e, 0xd2, 0x5e, 0x54, 0xd4, 0x52, 0xe2, 0x00 } },
    { 0x62ab, 1, { 0x48, 0xfe, 0x6a, 0x7c, 0xf4, 0x68, 0xd6, 0x00 } },
    { 0x62ac, 1, { 0x48, 0xc8, 0x54, 0x7a, 0xc0, 0x5c, 0xdc, 0x00 } },
    { 0x62b1, 1, { 0x50, 0xde, 0x7a, 0x4a, 0xda, 0x50, 0xde, 0x00 } },
    { 0x62b5, 1, { 0x42, 0xdc, 0x54, 0x5e, 0xd4, 0x52, 0xde, 0x00 } },
    { 0x62b9, 1, { 0x48, 0xfe, 0x48, 0x5c, 0xc8, 0x5c, 0xea, 0x00 } },
    { 0x62bb, 1, { 0x48, 0xfe, 0x6a, 0x7e, 0xea, 0x7e, 0xc8, 0x00 } },
    { 0x62bc, 1, { 0x7e, 0xea, 0x7e, 0x6a, 0xfe, 0x48, 0xc8, 0x00 } },
    { 0x62bd, 1, { 0x48, 0xfe, 0x6a, 0x7e, 0xea, 0x6a, 0xfe, 0x00 } },
    { 0x62c2, 1, { 0x54, 0xfe, 0x5e, 0x74, 0xfe, 0x56, 0xe4, 0x00 } },
    { 0x62c5, 1, { 0x5e, 0xf2, 0x5e, 0x72, 0xde, 0x40, 0xde, 0x00 } },
    { 0x62c6, 1, { 0x44, 0xd8, 0x50, 0x5e, 0xdc, 0x56, 0xe4, 0x00 } },
    { 0x62c7, 1, { 0x5c, 0xd4, 0x54, 0x7e, 0xe4, 0x7e, 0xcc, 0x00 } },
    { 0x62c8, 1, { 0x48, 0xe8, 0x4e, 0x68, 0xde, 0x52, 0xde, 0x00 } },
    { 0x62c9, 1, { 0x48, 0xfe, 0x54, 0x54, 0xd4, 0x58, 0xfe, 0x00 } },
    { 0x62ca, 1, { 0x4a, 0xd6, 0x72, 0x5a, 0xd2, 0x52, 0xd6, 0x00 } },
    { 0x62cc, 1, { 0x54, 0xe2, 0x48, 0x7e, 0xc8, 0x7e, 0xc8, 0x00 } },
    { 0x62cd, 1, { 0x48, 0xfe, 0x52, 0x7e, 0xd2, 0x52, 0xde, 0x00 } },
    { 0x62cf, 1, { 0x2e, 0xfa, 0x54, 0xea, 0x7c, 0xfe, 0x30, 0x00 } },
    { 0x62d0, 1, { 0x5e, 0xf2, 0x5e, 0x60, 0xde, 0x4a, 0xd6, 0x00 } },
    { 0x62d1, 1, { 0x54, 0xfe, 0x54, 0x5c, 0xd4, 0x54, 0xdc, 0x00 } },
    { 0x62d2, 1, { 0x5e, 0xf0, 0x5e, 0x72, 0xde, 0x50, 0xde, 0x00 } },
    { 0x62d3, 1, { 0x5e, 0xe8, 0x48, 0x6e, 0xda, 0x4a, 0xce, 0x00 } },
    { 0x62d4, 1, { 0x4a, 0xfe, 0x48, 0x6a, 0xca, 0x54, 0xca, 0x00 } },
    { 0x62d7, 1, { 0x54, 0xd6, 0x6e, 0x56, 0xd6, 0x6a, 0xfa, 0x00 } },
    { 0x62d8, 1, { 0x50, 0xde, 0x62, 0x5a, 0xda, 0x42, 0xc6, 0x00 } },
    { 0x62d9, 1, { 0x48, 0xea, 0x7e, 0x48, 0xea, 0x6a, 0xfe, 0x00 } },
    { 0x62db, 1, { 0x5e, 0xea, 0x52, 0x66, 0xde, 0x52, 0xde, 0x00 } },
    { 0x62dc, 1, { 0x3e, 0xce, 0xe4, 0x4e, 0xe4, 0x5e, 0x84, 0x00 } },
    { 0x62dd, 1, { 0x7e, 0xdc, 0x48, 0x5c, 0xc8, 0x7e, 0xc8, 0x00 } },
    { 0x62e0, 1, { 0x50, 0xde, 0x6a, 0x6a, 0xda, 0x50, 0xee, 0x00 } },
    { 0x62e1, 1, { 0x44, 0xde, 0x50, 0x54, 0xd4, 0x6a, 0xce, 0x00 } },
    { 0x62ec, 1, { 0x44, 0xd8, 0x7e, 0x48, 0xdc, 0x54, 0xdc, 0x00 } },
    { 0x62ed, 1, { 0x4a, 0xc8, 0x7e, 0x44, 0xfc, 0x54, 0xfa, 0x00 } },
    { 0x62ee, 1, { 0x48, 0xfe, 0x48, 0x5c, 0xc0, 0x5c, 0xdc, 0x00 } },
    { 0x62ef, 1, { 0x5c, 0xc4, 0x7a, 0x5c, 0xea, 0x48, 0xfe, 0x00 } },
    { 0x62f1, 1, { 0x54, 0xfe, 0x54, 0x54, 0xfe, 0x40, 0xe2, 0x00 } },
    { 0x62f3, 1, { 0x54, 0x38, 0xfe, 0x44, 0xba, 0x7c, 0x30, 0x00 } },
    { 0x62f5, 1, { 0x48, 0xfe, 0x56, 0x72, 0xd4, 0x5e, 0xd4, 0x00 } },
    { 0x62f6, 1, { 0x4a, 0xf4, 0x4a, 0x6e, 0xda, 0x44, 0xd8, 0x00 } },
    { 0x62f7, 1, { 0x4a, 0xdc, 0x48, 0x7e, 0xd8, 0x6e, 0xc2, 0x00 } },
    { 0x62fe, 1, { 0x48, 0xd4, 0x6e, 0x40, 0xdc, 0x54, 0xdc, 0x00 } },
    { 0x62ff, 1, { 0x10, 0x28, 0xfe, 0x38, 0x7c, 0xfe, 0x30, 0x00 } },
    { 0x6301, 1, { 0x48, 0xdc, 0x48, 0x7e, 0xc4, 0x7e, 0xd4, 0x00 } },
    { 0x6302, 1, { 0x48, 0xdc, 0x48, 0x7e, 0xdc, 0x48, 0xfe, 0x00 } },
    { 0x6307, 1, { 0x52, 0xdc, 0x52, 0x5e, 0xc0, 0x5e, 0xde, 0x00 } },
    { 0x6308, 1, { 0x4e, 0xe6, 0x66, 0xca, 0x7c, 0xfe, 0x30, 0x00 } },
    { 0x6309, 1, { 0x48, 0xfe, 0x6a, 0x7e, 0xd4, 0x4c, 0xf2, 0x00 } },
    { 0x630c, 1, { 0x4c, 0xd4, 0x48, 0x54, 0xe2, 0x5c, 0xdc, 0x00 } },
    { 0x6311, 1, { 0x54, 0xf6, 0x54, 0x76, 0xd4, 0x54, 0xe6, 0x00 } },
    { 0x6319, 1, { 0x54, 0xfe, 0x44, 0xba, 0x7c, 0xfe, 0x30, 0x00 } },
    { 0x631f, 1, { 0x48, 0xfe, 0x48, 0x6a, 0xfe, 0x48, 0xf6, 0x00 } },
    { 0x6327, 1, { 0x7e, 0xca, 0x5e, 0x6a, 0xde, 0x6a, 0xca, 0x00 } },
    { 0x6328, 1, { 0x48, 0xf2, 0x5e, 0x68, 0xde, 0x44, 0xda, 0x00 } },
    { 0x632b, 1, { 0x54, 0xd4, 0x6a, 0x48, 0xdc, 0x48, 0xfe, 0x00 } },
    { 0x632f, 1, { 0x5e, 0xd0, 0x56, 0x50, 0xde, 0x74, 0xda, 0x00 } },
    { 0x633a, 1, { 0x72, 0xdc, 0x64, 0x5e, 0xf4, 0x5e, 0xee, 0x00 } },
    { 0x633d, 1, { 0x4c, 0xd4, 0x7e, 0x6a, 0xfe, 0x54, 0xe6, 0x00 } },
    { 0x633e, 1, { 0x48, 0xfe, 0x5c, 0x5c, 0xea, 0x48, 0xf6, 0x00 } },
    { 0x633f, 1, { 0x44, 0xd8, 0x48, 0x7e, 0xea, 0x7e, 0xc8, 0x00 } },
    { 0x6349, 1, { 0x5e, 0xd2, 0x5e, 0x44, 0xd6, 0x54, 0xee, 0x00 } },
    { 0x634c, 1, { 0x7a, 0xee, 0x7e, 0x56, 0xda, 0x6a, 0xea, 0x00 } },
    { 0x634d, 1, { 0x5c, 0xd4, 0x5c, 0x7e, 0xc8, 0x7e, 0xc8, 0x00 } },
    { 0x634f, 1, { 0x5e, 0xf2, 0x5e, 0x64, 0xce, 0x44, 0xde, 0x00 } },
    { 0x6350, 1, { 0x4c, 0xec, 0x40, 0x7e, 0xd2, 0x5e, 0xd2, 0x00 } },
    { 0x6355, 1, { 0x4a, 0xfe, 0x48, 0x7e, 0xea, 0x7e, 0xea, 0x00 } },
    { 0x6357, 1, { 0x44, 0xd6, 0x54, 0x7e, 0xea, 0x44, 0xd8, 0x00 } },
    { 0x635c, 1, { 0x48, 0xfe, 0x6a, 0x7e, 0xd4, 0x48, 0xf6, 0x00 } },
    { 0x6367, 1, { 0x48, 0xdc, 0x7e, 0x54, 0xea, 0x5c, 0xc8, 0x00 } },
    { 0x6368, 1, { 0x48, 0xd4, 0x6a, 0x5c, 0xfe, 0x54, 0xdc, 0x00 } },
    { 0x6369, 1, { 0x7e, 0xd2, 0x5e, 0x54, 0xde, 0x64, 0xda, 0x00 } },
    { 0x636b, 1, { 0x76, 0xf6, 0x76, 0x62, 0xe2, 0x62, 0xe6, 0x00 } },
    { 0x636e, 1, { 0x5e, 0xde, 0x54, 0x5e, 0xd4, 0x6a, 0xce, 0x00 } },
    { 0x6372, 1, { 0x6a, 0xdc, 0x7e, 0x54, 0xea, 0x50, 0xdc, 0x00 } },
    { 0x6376, 1, { 0x5c, 0xc8, 0x7e, 0x54, 0xfe, 0x48, 0xfe, 0x00 } },
    { 0x6377, 1, { 0x44, 0xde, 0x46, 0x5c, 0xc6, 0x54, 0xee, 0x00 } },
    { 0x637a, 1, { 0x48, 0xfe, 0x54, 0x62, 0xdc, 0x48, 0xea, 0x00 } },
    { 0x637b, 1, { 0x48, 0xd4, 0x6e, 0x5c, 0xc4, 0x72, 0xee, 0x00 } },
    { 0x6380, 1, { 0x54, 0xe6, 0x7a, 0x74, 0xf4, 0x54, 0xda, 0x00 } },
    { 0x6383, 1, { 0x5c, 0xc4, 0x7e, 0x6a, 0xdc, 0x5c, 0xc8, 0x00 } },
    { 0x6388, 1, { 0x7e, 0xd4, 0x7e, 0x62, 0xdc, 0x48, 0xf6, 0x00 } },
    { 0x6389, 1, { 0x48, 0xee, 0x5c, 0x74, 0xdc, 0x7e, 0xc8, 0x00 } },
    { 0x638c, 1, { 0x54, 0xfe, 0xaa, 0x38, 0x7c, 0xfe, 0x30, 0x00 } },
    { 0x638e, 1, { 0x48, 0xfe, 0x48, 0x54, 0xfe, 0x44, 0xd4, 0x00 } },
    { 0x638f, 1, { 0x50, 0xde, 0x6a, 0x5e, 0xca, 0x6e, 0xfe, 0x00 } },
    { 0x6392, 1, { 0x54, 0xf6, 0x54, 0x76, 0xd4, 0x76, 0xd4, 0x00 } },
    { 0x6396, 1, { 0x48, 0xfe, 0x50, 0x76, 0xda, 0x54, 0xda, 0x00 } },
    { 0x6398, 1, { 0x7e, 0xe2, 0x7e, 0x6e, 0xe4, 0x56, 0xde, 0x00 } },
    { 0x639b, 1, { 0x54, 0xfc, 0x54, 0x7e, 0xd4, 0x7c, 0xc4, 0x00 } },
    { 0x639f, 1, { 0x44, 0xfe, 0x6e, 0x44, 0xd6, 0x54, 0xee, 0x00 } },
    { 0x63a0, 1, { 0x48, 0xfe, 0x54, 0x5c, 0xc8, 0x6a, 0xd8, 0x00 } },
    { 0x63a1, 1, { 0x46, 0xf8, 0x6a, 0x44, 0xfe, 0x5c, 0xea, 0x00 } },
    { 0x63a2, 1, { 0x7e, 0xe2, 0x54, 0x66, 0xfe, 0x5c, 0xea, 0x00 } },
    { 0x63a3, 1, { 0x62, 0x7a, 0xaa, 0x72, 0x7c, 0xfe, 0x30, 0x00 } },
    { 0x63a5, 1, { 0x48, 0xfe, 0x54, 0x7e, 0xd4, 0x4c, 0xf2, 0x00 } },
    { 0x63a7, 1, { 0x48, 0xfe, 0x76, 0x40, 0xdc, 0x48, 0xfe, 0x00 } },
    { 0x63a8, 1, { 0x54, 0xde, 0x74, 0x5e, 0xd4, 0x54, 0xde, 0x00 } },
    { 0x63a9, 1, { 0x48, 0xfe, 0x54, 0x6a, 0xdc, 0x5c, 0xc6, 0x00 } },
    { 0x63aa, 1, { 0x54, 0xfe, 0x54, 0x7e, 0xdc, 0x54, 0xdc, 0x00 } },
    { 0x63ab, 1, { 0x78, 0xde, 0x5a, 0x5a, 0xdc, 0x7a, 0xc8, 0x00 } },
    { 0x63ac, 1, { 0x50, 0xde, 0x76, 0x4a, 0xde, 0x4a, 0xd6, 0x00 } },
    { 0x63b2, 1, { 0x5c, 0xd4, 0x5c, 0x5e, 0xf2, 0x5a, 0xc6, 0x00 } },
    { 0x63b4, 1, { 0x7e, 0xde, 0x4a, 0x5e, 0xca, 0x5e, 0xfe, 0x00 } },
    { 0x63b5, 1, { 0x48, 0xd4, 0x6e, 0x40, 0xf6, 0x76, 0xc4, 0x00 } },
    { 0x63bb, 1, { 0x7c, 0xd4, 0x48, 0x7e, 0xdc, 0x4a, 0xfe, 0x00 } },
    { 0x63be, 1, { 0x4e, 0xd4, 0x7e, 0x68, 0xda, 0x6c, 0xda, 0x00 } },
    { 0x63c0, 1, { 0x48, 0xfe, 0x5e, 0x5e, 0xc8, 0x5c, 0xea, 0x00 } },
    { 0x63c3, 1, { 0x54, 0xfe, 0x40, 0x7a, 0xea, 0x7a, 0xea, 0x00 } },
    { 0x63c4, 1, { 0x78, 0xd4, 0x6e, 0x40, 0xda, 0x5c, 0xda, 0x00 } },
    { 0x63c6, 1, { 0x7a, 0xd4, 0x62, 0x5c, 0xfe, 0x48, 0xf6, 0x00 } },
    { 0x63c9, 1, { 0x5c, 0xfe, 0x5a, 0x68, 0xfe, 0x5c, 0xea, 0x00 } },
    { 0x63cf, 1, { 0x54, 0xfe, 0x54, 0x7e, 0xfe, 0x6a, 0xfe, 0x00 } },
    { 0x63d0, 1, { 0x4c, 0xec, 0x5e, 0x44, 0xd6, 0x54, 0xee, 0x00 } },
    { 0x63d2, 1, { 0x44, 0xd8, 0x7e, 0x48, 0xfe, 0x6a, 0xfe, 0x00 } },
    { 0x63d6, 1, { 0x5c, 0xd4, 0x7e, 0x5c, 0xd4, 0x7e, 0xc4, 0x00 } },
    { 0x63da, 1, { 0x5c, 0xd4, 0x7e, 0x50, 0xde, 0x6a, 0xd6, 0x00 } },
    { 0x63db, 1, { 0x5c, 0xe4, 0x5c, 0x5c, 0xfe, 0x48, 0xf6, 0x00 } },
    { 0x63e1, 1, { 0x5e, 0xd2, 0x5c, 0x58, 0xde, 0x64, 0xde, 0x00 } },
    { 0x63e3, 1, { 0x6a, 0xfe, 0x40, 0x7e, 0xd0, 0x7e, 0xea, 0x00 } },
    { 0x63e9, 1, { 0x64, 0xf6, 0x64, 0x76, 0xc8, 0x5c, 0xdc, 0x00 } },
    { 0x63ee, 1, { 0x7e, 0xea, 0x7e, 0x5c, 0xdc, 0x7e, 0xc8, 0x00 } },
    { 0x63f4, 1, { 0x46, 0xf8, 0x6a, 0x5e, 0xca, 0x54, 0xea, 0x00 } },
    { 0x63f6, 1, { 0x7e, 0xd6, 0x5c, 0x5e, 0xd6, 0x7c, 0xc4, 0x00 } },
    { 0x63fa, 1, { 0x46, 0xda, 0x48, 0x7e, 0xc8, 0x6a, 0xfe, 0x00 } },
    { 0x6406, 1, { 0x54, 0xfe, 0x54, 0x7e, 0xdc, 0x7e, 0xd4, 0x00 } },
    { 0x640d, 1, { 0x4c, 0xec, 0x5e, 0x72, 0xde, 0x40, 0xd2, 0x00 } },
    { 0x640f, 1, { 0x4a, 0xfe, 0x5c, 0x54, 0xfe, 0x54, 0xcc, 0x00 } },
    { 0x6413, 1, { 0x54, 0xfe, 0x48, 0x7e, 0xde, 0x54, 0xee, 0x00 } },
    { 0x6416, 1, { 0x4c, 0xd4, 0x48, 0x5e, 0xe4, 0x56, 0xde, 0x00 } },
    { 0x6417, 1, { 0x48, 0xfc, 0x5c, 0x70, 0xde, 0x4a, 0xde, 0x00 } },
    { 0x641c, 1, { 0x56, 0xea, 0x6a, 0x7e, 0xd4, 0x48, 0xf6, 0x00 } },
    { 0x6426, 1, { 0x5e, 0xea, 0x5e, 0x74, 0xde, 0x4a, 0xde, 0x00 } },
    { 0x6428, 1, { 0x5c, 0xd4, 0x5c, 0x7e, 0xca, 0x5e, 0xea, 0x00 } },
    { 0x642c, 1, { 0x56, 0xfa, 0x68, 0x6e, 0xfa, 0x6c, 0xea, 0x00 } },
    { 0x642d, 1, { 0x54, 0xfe, 0x48, 0x54, 0xfe, 0x54, 0xdc, 0x00 } },
    { 0x6434, 1, { 0x10, 0xfe, 0xaa, 0x7c, 0xba, 0x7c, 0x30, 0x00 } },
    { 0x6436, 1, { 0x48, 0xd4, 0x7a, 0x58, 0xd0, 0x6c, 0xcc, 0x00 } },
    { 0x643a, 1, { 0x54, 0xde, 0x74, 0x5e, 0xfc, 0x56, 0xe2, 0x00 } },
    { 0x643e, 1, { 0x48, 0xfe, 0x76, 0x50, 0xdc, 0x6e, 0xc8, 0x00 } },
    { 0x6442, 1, { 0x7e, 0xd4, 0x54, 0x7e, 0xe2, 0x54, 0xe2, 0x00 } },
    { 0x644e, 1, { 0x76, 0xd2, 0x48, 0x54, 0xea, 0x44, 0xd8, 0x00 } },
    { 0x6458, 1, { 0x48, 0xfe, 0x54, 0x7e, 0xea, 0x76, 0xfe, 0x00 } },
    { 0x6467, 1, { 0x6a, 0xfe, 0x54, 0x5e, 0xf4, 0x54, 0xde, 0x00 } },
    { 0x6469, 1, { 0x08, 0x7e, 0x54, 0x7e, 0x54, 0x7e, 0x98, 0x00 } },
    { 0x646f, 1, { 0x28, 0x7c, 0xec, 0x76, 0x3c, 0xfe, 0x30, 0x00 } },
    { 0x6476, 1, { 0x48, 0xfe, 0x5c, 0x5a, 0xfe, 0x54, 0xcc, 0x00 } },
    { 0x6478, 1, { 0x54, 0xfe, 0x5c, 0x54, 0xfe, 0x48, 0xf6, 0x00 } },
    { 0x647a, 1, { 0x76, 0xd2, 0x76, 0x52, 0xc8, 0x5c, 0xdc, 0x00 } },
    { 0x6483, 1, { 0x2e, 0xfa, 0x74, 0xea, 0x3c, 0xfe, 0x30, 0x00 } },
    { 0x6488, 1, { 0x6a, 0xd4, 0x7e, 0x6a, 0xdc, 0x54, 0xec, 0x00 } },
    { 0x6492, 1, { 0x54, 0xfe, 0x5a, 0x7a, 0xda, 0x5c, 0xda, 0x00 } },
    { 0x6493, 1, { 0x48, 0xdc, 0x7e, 0x76, 0xfe, 0x54, 0xe6, 0x00 } },
    { 0x6495, 1, { 0x6a, 0xfc, 0x6c, 0x7e, 0xfe, 0x46, 0xea, 0x00 } },
    { 0x649a, 1, { 0x54, 0xde, 0x6c, 0x54, 0xea, 0x40, 0xea, 0x00 } },
    { 0x649e, 1, { 0x48, 0xfe, 0x54, 0x7e, 0xdc, 0x48, 0xfe, 0x00 } },
    { 0x64a4, 1, { 0x54, 0xfe, 0x56, 0x66, 0xde, 0x5c, 0xda, 0x00 } },
    { 0x64a5, 1, { 0x7a, 0xd4, 0x62, 0x5e, 0xfa, 0x54, 0xea, 0x00 } },
    { 0x64a9, 1, { 0x48, 0xfe, 0x54, 0x7e, 0xd4, 0x48, 0xea, 0x00 } },
    { 0x64ab, 1, { 0x60, 0xfe, 0x54, 0x7e, 0xd4, 0x7e, 0xea, 0x00 } },
    { 0x64ad, 1, { 0x7e, 0xd4, 0x7e, 0x5c, 0xea, 0x5c, 0xdc, 0x00 } },
    { 0x64ae, 1, { 0x5c, 0xd4, 0x7e, 0x5e, 0xda, 0x7c, 0xca, 0x00 } },
    { 0x64b0, 1, { 0x76, 0xd2, 0x64, 0x76, 0xdc, 0x40, 0xe2, 0x00 } },
    { 0x64b2, 1, { 0x6a, 0xfe, 0x54, 0x7e, 0xdc, 0x48, 0xf6, 0x00 } },
    { 0x64b9, 1, { 0x6a, 0xdc, 0x62, 0x5c, 0xdc, 0x5c, 0xe6, 0x00 } },
    { 0x64bb, 1, { 0x64, 0xce, 0x5e, 0x6a, 0xde, 0x64, 0xfe, 0x00 } },
    { 0x64bc, 1, { 0x44, 0xfe, 0x74, 0x72, 0xc0, 0x72, 0xee, 0x00 } },
    { 0x64c1, 1, { 0x48, 0xfe, 0x56, 0x6c, 0xf6, 0x54, 0xe6, 0x00 } },
    { 0x64c2, 1, { 0x5c, 0xfe, 0x6a, 0x40, 0xfe, 0x6a, 0xfe, 0x00 } },
    { 0x64c5, 1, { 0x48, 0xfe, 0x76, 0x7e, 0xdc, 0x54, 0xfe, 0x00 } },
    { 0x64c7, 1, { 0x7e, 0xfe, 0x48, 0x7e, 0xd4, 0x7e, 0xc8, 0x00 } },
    { 0x64cd, 1, { 0x5c, 0xd4, 0x7e, 0x6a, 0xfe, 0x5c, 0xea, 0x00 } },
    { 0x64d2, 1, { 0x48, 0xf6, 0x5c, 0x7e, 0xea, 0x6e, 0xfa, 0x00 } },
    { 0x64d4, 1, { 0x4c, 0xd4, 0x7e, 0x76, 0xec, 0x7e, 0xcc, 0x00 } },
    { 0x64d8, 1, { 0x64, 0x6e, 0xca, 0x64, 0x7c, 0xfe, 0x30, 0x00 } },
    { 0x64da, 1, { 0x48, 0xce, 0x78, 0x76, 0xec, 0x76, 0xec, 0x00 } },
    { 0x64e0, 1, { 0x48, 0xfe, 0x54, 0x6a, 0xd4, 0x5c, 0xe4, 0x00 } },
    { 0x64e1, 1, { 0x48, 0xfe, 0x5c, 0x7e, 0xea, 0x5c, 0xfe, 0x00 } },
    { 0x64e2, 1, { 0x76, 0xd2, 0x76, 0x54, 0xde, 0x74, 0xde, 0x00 } },
    { 0x64e3, 1, { 0x48, 0xdc, 0x7e, 0x48, 0xfe, 0x74, 0xcc, 0x00 } },
    { 0x64e6, 1, { 0x48, 0xfe, 0x6a, 0x54, 0xe2, 0x5c, 0xea, 0x00 } },
    { 0x64e7, 1, { 0x2c, 0x54, 0x5c, 0xfe, 0x54, 0xba, 0x30, 0x00 } },
    { 0x64ec, 1, { 0x66, 0xfa, 0x66, 0x5c, 0xfe, 0x54, 0xea, 0x00 } },
    { 0x64ef, 1, { 0x48, 0xfe, 0x6a, 0x74, 0xdc, 0x5c, 0xe2, 0x00 } },
    { 0x64f1, 1, { 0x76, 0xf6, 0x6e, 0x76, 0xea, 0x7e, 0xee, 0x00 } },
    { 0x64f2, 1, { 0x56, 0xee, 0x44, 0x7e, 0xfe, 0x54, 0xec, 0x00 } },
    { 0x64f4, 1, { 0x48, 0xfe, 0x6c, 0x7e, 0xec, 0x6c, 0xd2, 0x00 } },
    { 0x64f6, 1, { 0x64, 0xf6, 0x52, 0x7e, 0xea, 0x7a, 0xea, 0x00 } },
    { 0x64fa, 1, { 0x7e, 0xfe, 0x54, 0x66, 0xf0, 0x74, 0xf6, 0x00 } },
    { 0x64fd, 1, { 0x5a, 0xec, 0x5a, 0x6c, 0xfe, 0x5c, 0xea, 0x00 } },
    { 0x64fe, 1, { 0x7e, 0xdc, 0x5c, 0x7e, 0xf6, 0x48, 0xf6, 0x00 } },
    { 0x6500, 1, { 0x54, 0xee, 0x54, 0xfe, 0x54, 0xba, 0x30, 0x00 } },
    { 0x6505, 1, { 0x54, 0xfe, 0x54, 0x6a, 0xdc, 0x5c, 0xe2, 0x00 } },
    { 0x6518, 1, { 0x48, 0xfe, 0x76, 0x5c, 0xfe, 0x74, 0xda, 0x00 } },
    { 0x651c, 1, { 0x6a, 0xfe, 0x5e, 0x74, 0xde, 0x76, 0xea, 0x00 } },
    { 0x651d, 1, { 0x5e, 0xcc, 0x5e, 0x44, 0xf6, 0x7e, 0xd2, 0x00 } },
    { 0x6523, 1, { 0x54, 0xb8, 0x54, 0xee, 0x54, 0xfe, 0x30, 0x00 } },
    { 0x6524, 1, { 0x6a, 0xfc, 0x56, 0x7c, 0xfe, 0x54, 0xee, 0x00 } },
    { 0x652a, 1, { 0x56, 0xea, 0x7e, 0x62, 0xdc, 0x5c, 0xe6, 0x00 } },
    { 0x652b, 1, { 0x76, 0xf6, 0x5c, 0x5e, 0xd4, 0x48, 0xf6, 0x00 } },
    { 0x652c, 1, { 0x74, 0xe6, 0x76, 0x5c, 0xdc, 0x5c, 0xe6, 0x00 } },
    { 0x652f, 1, { 0x10, 0xfe, 0x10, 0x78, 0x28, 0x10, 0xee, 0x00 } },
    { 0x6534, 1, { 0x10, 0x1c, 0x10, 0x78, 0x28, 0x10, 0xee, 0x00 } },
    { 0x6535, 1, { 0x20, 0x3c, 0x48, 0xa8, 0x10, 0x28, 0xc6, 0x00 } },
    { 0x6536, 1, { 0x28, 0xae, 0xba, 0xaa, 0xaa, 0xe4, 0x3a, 0x00 } },
    { 0x6537, 1, { 0xe8, 0x4e, 0x5a, 0x6a, 0x2a, 0x24, 0x7a, 0x00 } },
    { 0x6538, 1, { 0x28, 0x6e, 0xfa, 0x6a, 0x6a, 0x64, 0x5a, 0x00 } },
    { 0x6539, 1, { 0xe8, 0x2e, 0xfa, 0x8a, 0xaa, 0xe4, 0x1a, 0x00 } },
    { 0x653b, 1, { 0x08, 0xee, 0x5a, 0x4a, 0x6a, 0xc4, 0x1a, 0x00 } },
    { 0x653e, 1, { 0x24, 0xf6, 0x4a, 0x7a, 0x5a, 0x54, 0xba, 0x00 } },
    { 0x653f, 1, { 0xf4, 0x26, 0x2a, 0xba, 0xaa, 0xb4, 0xca, 0x00 } },
    { 0x6545, 1, { 0x48, 0xee, 0x5a, 0xea, 0xaa, 0xe4, 0x1a, 0x00 } },
    { 0x6548, 1, { 0x24, 0xf6, 0x5a, 0x8a, 0x5a, 0x24, 0xda, 0x00 } },
    { 0x654d, 1, { 0x24, 0x56, 0xf4, 0x2e, 0xfa, 0x24, 0xaa, 0x00 } },
    { 0x654f, 1, { 0x84, 0xf6, 0x6a, 0x7a, 0xaa, 0xf4, 0x2a, 0x00 } },
    { 0x6551, 1, { 0x24, 0xf6, 0x2a, 0xba, 0x6a, 0xb4, 0x6a, 0x00 } },
    { 0x6555, 1, { 0x24, 0xf6, 0x7a, 0x7a, 0x2a, 0x74, 0xaa, 0x00 } },
    { 0x6556, 1, { 0x48, 0xee, 0x5a, 0xea, 0x4a, 0x64, 0xba, 0x00 } },
    { 0x6557, 1, { 0xe8, 0xae, 0xfa, 0xaa, 0xea, 0x04, 0xaa, 0x00 } },
    { 0x6558, 1, { 0x24, 0x56, 0xfa, 0x2a, 0xfa, 0x24, 0xaa, 0x00 } },
    { 0x6559, 1, { 0x24, 0x76, 0x2a, 0xfa, 0x5a, 0xb4, 0x2a, 0x00 } },
    { 0x655d, 1, { 0x64, 0xb6, 0x2a, 0xfa, 0xba, 0xf4, 0xba, 0x00 } },
    { 0x655e, 1, { 0x64, 0xb6, 0x2a, 0xfa, 0x9a, 0xb4, 0xba, 0x00 } },
    { 0x6562, 1, { 0x74, 0x26, 0xfa, 0x5a, 0x5a, 0xf4, 0x1a, 0x00 } },
    { 0x6563, 1, { 0x54, 0xf6, 0x5a, 0xfa, 0x5a, 0x74, 0x5a, 0x00 } },
    { 0x6566, 1, { 0x24, 0xf6, 0x5a, 0x7a, 0x3a, 0xe4, 0x2a, 0x00 } },
    { 0x656c, 1, { 0x54, 0xf6, 0x5a, 0x7a, 0x9a, 0x54, 0x3a, 0x00 } },
    { 0x6570, 1, { 0xac, 0x76, 0xaa, 0x4a, 0xfa, 0x54, 0xea, 0x00 } },
    { 0x6572, 1, { 0x24, 0xf6, 0x54, 0x7e, 0xfa, 0x8c, 0xaa, 0x00 } },
    { 0x6574, 1, { 0x26, 0xfa, 0x74, 0xaa, 0xfe, 0x5c, 0xfe, 0x00 } },
    { 0x6575, 1, { 0x24, 0xf6, 0x5a, 0xfa, 0xaa, 0xdc, 0xfa, 0x00 } },
    { 0x6577, 1, { 0x24, 0xf6, 0x6a, 0x6a, 0xfa, 0x64, 0xaa, 0x00 } },
    { 0x6578, 1, { 0x24, 0x76, 0xda, 0x6a, 0xfa, 0x54, 0xea, 0x00 } },
    { 0x6582, 1, { 0x24, 0x56, 0xfa, 0xaa, 0xfa, 0x54, 0xaa, 0x00 } },
    { 0x6583, 1, { 0x56, 0xaa, 0x74, 0x5a, 0xfe, 0x68, 0xce, 0x00 } },
    { 0x6587, 1, { 0x10, 0xfe, 0x28, 0x28, 0x10, 0x28, 0xc6, 0x00 } },
    { 0x6588, 1, { 0x10, 0xfe, 0x28, 0x10, 0x6c, 0xfe, 0x10, 0x00 } },
    { 0x6589, 1, { 0x10, 0xfe, 0x28, 0x10, 0xee, 0x38, 0x48, 0x00 } },
    { 0x658c, 1, { 0x5a, 0xe4, 0x3e, 0xa4, 0x54, 0x5c, 0xba, 0x00 } },
    { 0x658e, 1, { 0x10, 0xfe, 0x38, 0xee, 0x54, 0x7c, 0x94, 0x00 } },
    { 0x6590, 1, { 0x28, 0xee, 0x28, 0xfe, 0x28, 0x10, 0xee, 0x00 } },
    { 0x6591, 1, { 0xd6, 0x7c, 0x4c, 0xee, 0x54, 0xd4, 0x2e, 0x00 } },
    { 0x6597, 1, { 0x48, 0x28, 0x48, 0x28, 0x0e, 0xf8, 0x08, 0x00 } },
    { 0x6599, 1, { 0xa4, 0x54, 0xe4, 0x54, 0xc6, 0xfc, 0x44, 0x00 } },
    { 0x659b, 1, { 0x62, 0xaa, 0x72, 0x7a, 0x72, 0x5e, 0xb2, 0x00 } },
    { 0x659c, 1, { 0x22, 0x5a, 0xf2, 0x2a, 0xf2, 0x2e, 0xb2, 0x00 } },
    { 0x659f, 1, { 0x52, 0xfa, 0x52, 0x5a, 0xf2, 0xae, 0xf2, 0x00 } },
    { 0x65a1, 1, { 0xe8, 0x54, 0xe6, 0xb4, 0x44, 0xfe, 0x44, 0x00 } },
    { 0x65a4, 1, { 0x0c, 0x70, 0x40, 0x7e, 0x48, 0x48, 0x88, 0x00 } },
    { 0x65a5, 1, { 0x0c, 0x70, 0x40, 0x7e, 0x58, 0x4c, 0x88, 0x00 } },
    { 0x65a7, 1, { 0x28, 0xc6, 0x38, 0xc6, 0x7c, 0x48, 0x88, 0x00 } },
    { 0x65ab, 1, { 0xe2, 0x4c, 0x48, 0x8e, 0x6a, 0x6a, 0x12, 0x00 } },
    { 0x65ac, 1, { 0xe4, 0x58, 0xf0, 0xfe, 0x54, 0xe4, 0x44, 0x00 } },
    { 0x65ad, 1, { 0xd2, 0xac, 0xf8, 0xae, 0xda, 0x8a, 0xf2, 0x00 } },
    { 0x65af, 1, { 0x52, 0xfc, 0x58, 0x7e, 0xfa, 0x0a, 0x92, 0x00 } },
    { 0x65b0, 1, { 0x22, 0xfc, 0x58, 0x2e, 0xfa, 0x72, 0xaa, 0x00 } },
    { 0x65b7, 1, { 0xaa, 0xd4, 0xac, 0xfe, 0xae, 0xd6, 0xfa, 0x00 } },
    { 0x65b9, 1, { 0x10, 0xfe, 0x20, 0x3c, 0x24, 0x44, 0x8c, 0x00 } },
    { 0x65bc, 1, { 0x24, 0xfa, 0x40, 0x74, 0x52, 0x54, 0xb2, 0x00 } },
    { 0x65bd, 1, { 0x48, 0xee, 0x58, 0x6e, 0xba, 0x28, 0x6e, 0x00 } },
    { 0x65c1, 1, { 0x10, 0xfe, 0x24, 0xfe, 0xa2, 0x3c, 0xc4, 0x00 } },
    { 0x65c3, 1, { 0x48, 0xee, 0x50, 0x6e, 0xaa, 0x3e, 0x6a, 0x00 } },
    { 0x65c4, 1, { 0x48, 0xee, 0x56, 0x6c, 0xa6, 0x2c, 0x66, 0x00 } },
    { 0x65c5, 1, { 0x48, 0xee, 0x54, 0x68, 0xba, 0x2c, 0x6a, 0x00 } },
    { 0x65c6, 1, { 0x48, 0xee, 0x54, 0x7e, 0xae, 0x2e, 0x64, 0x00 } },
    { 0x65cb, 1, { 0x48, 0xee, 0x50, 0x6e, 0xa6, 0x2c, 0x76, 0x00 } },
    { 0x65cc, 1, { 0x48, 0xee, 0x50, 0x6c, 0xae, 0x34, 0x6e, 0x00 } },
    { 0x65cf, 1, { 0x48, 0xee, 0x58, 0x6c, 0xbe, 0x24, 0x6a, 0x00 } },
    { 0x65d2, 1, { 0x48, 0xee, 0x54, 0x66, 0xa0, 0x2a, 0x6a, 0x00 } },
    { 0x65d7, 1, { 0x48, 0xee, 0x5c, 0x6c, 0xbe, 0x20, 0x72, 0x00 } },
    { 0x65d9, 1, { 0x5e, 0xec, 0x5e, 0x6c, 0x76, 0xac, 0xac, 0x00 } },
    { 0x65db, 1, { 0x48, 0xee, 0x5e, 0x6c, 0xb6, 0x2c, 0x6c, 0x00 } },
    { 0x65e0, 1, { 0x7c, 0x10, 0x10, 0xfe, 0x18, 0x2a, 0xce, 0x00 } },
    { 0x65e1, 1, { 0xfc, 0x10, 0x90, 0xfe, 0x18, 0x2a, 0xce, 0x00 } },
    { 0x65e2, 1, { 0xfe, 0xaa, 0xea, 0xbe, 0xe4, 0x8c, 0xf6, 0x00 } },
    { 0x65e5, 1, { 0x7e, 0x42, 0x42, 0x7e, 0x42, 0x42, 0x7e, 0x00 } },
    { 0x65e6, 1, { 0x7c, 0x44, 0x7c, 0x44, 0x7c, 0x00, 0xfe, 0x00 } },
    { 0x65e7, 1, { 0xbe, 0xa2, 0xa2, 0xbe, 0xa2, 0xa2, 0xbe, 0x00 } },
    { 0x65e8, 1, { 0x8c, 0xf0, 0x82, 0x7e, 0x7c, 0x44, 0x7c, 0x00 } },
    { 0x65e9, 1, { 0x7c, 0x44, 0x7c, 0x44, 0x7c, 0xfe, 0x10, 0x00 } },
    { 0x65ec, 1, { 0x20, 0x3e, 0x6a, 0xba, 0x2a, 0x3a, 0x06, 0x00 } },
    { 0x65ed, 1, { 0x4e, 0xfa, 0x5e, 0x5a, 0x5e, 0x50, 0x9e, 0x00 } },
    { 0x65f1, 1, { 0x7c, 0x44, 0x7c, 0xfe, 0x10, 0xfe, 0x10, 0x00 } },
    { 0x65fa, 1, { 0x1e, 0xe4, 0xa4, 0xee, 0xa4, 0xe4, 0x1e, 0x00 } },
    { 0x65fb, 1, { 0x7c, 0x44, 0x7c, 0xfe, 0x28, 0x10, 0xee, 0x00 } },
    { 0x6602, 1, { 0x7c, 0x44, 0x7c, 0x4e, 0x8a, 0xea, 0x08, 0x00 } },
    { 0x6603, 1, { 0x3c, 0x24, 0x3c, 0x7e, 0x48, 0x48, 0xb6, 0x00 } },
    { 0x6606, 1, { 0x7c, 0x44, 0x7c, 0x48, 0x6e, 0x48, 0xee, 0x00 } },
    { 0x6607, 1, { 0x7c, 0x44, 0x7c, 0x28, 0xfe, 0x28, 0x48, 0x00 } },
    { 0x660a, 1, { 0x7c, 0x44, 0xfe, 0x10, 0x7c, 0x10, 0xee, 0x00 } },
    { 0x660c, 1, { 0x7c, 0x44, 0xfe, 0x82, 0xfe, 0x82, 0xfe, 0x00 } },
    { 0x660e, 1, { 0xee, 0xaa, 0xee, 0xaa, 0xee, 0x12, 0x26, 0x00 } },
    { 0x660f, 1, { 0x0c, 0x70, 0x7c, 0x48, 0xe6, 0x7c, 0x7c, 0x00 } },
    { 0x6613, 1, { 0x7c, 0x44, 0x7c, 0x20, 0x7e, 0xaa, 0x56, 0x00 } },
    { 0x6614, 1, { 0x28, 0x7c, 0x28, 0xfe, 0x7c, 0x44, 0x7c, 0x00 } },
    { 0x661c, 1, { 0x7c, 0x44, 0xfe, 0x20, 0x7e, 0xaa, 0x56, 0x00 } },
    { 0x661f, 1, { 0x7c, 0x44, 0x7e, 0x50, 0xbc, 0x10, 0xfe, 0x00 } },
    { 0x6620, 1, { 0x08, 0xfc, 0xb4, 0xfe, 0xa8, 0xe8, 0x36, 0x00 } },
    { 0x6625, 1, { 0x10, 0x7c, 0x38, 0xfe, 0x44, 0xba, 0x38, 0x00 } },
    { 0x6627, 1, { 0x08, 0xfc, 0xa8, 0xfe, 0xa8, 0xdc, 0x2a, 0x00 } },
    { 0x6628, 1, { 0x08, 0xee, 0xb8, 0xee, 0xa8, 0xee, 0x08, 0x00 } },
    { 0x662d, 1, { 0x1e, 0xea, 0xb2, 0xe6, 0xbe, 0xf2, 0x1e, 0x00 } },
    { 0x662f, 1, { 0x7c, 0x44, 0xfe, 0x10, 0x5c, 0x50, 0xbe, 0x00 } },
    { 0x6634, 1, { 0x7c, 0x44, 0x7c, 0xce, 0xaa, 0xea, 0x48, 0x00 } },
    { 0x6635, 1, { 0x1e, 0xf2, 0xbe, 0xf4, 0xb6, 0xf4, 0x26, 0x00 } },
    { 0x6636, 1, { 0x6e, 0x0a, 0x6e, 0xfa, 0x6e, 0xb0, 0x6e, 0x00 } },
    { 0x663c, 1, { 0x7c, 0x44, 0x78, 0x44, 0xba, 0x28, 0xfe, 0x00 } },
    { 0x663f, 1, { 0x04, 0xfe, 0xb0, 0xf4, 0xb4, 0xea, 0x0e, 0x00 } },
    { 0x6641, 1, { 0x7c, 0x7c, 0xaa, 0x6c, 0xea, 0x28, 0xce, 0x00 } },
    { 0x6642, 1, { 0x08, 0xfc, 0xa8, 0xfe, 0xa4, 0xfe, 0x14, 0x00 } },
    { 0x6643, 1, { 0x7c, 0x7c, 0x10, 0x54, 0xfe, 0x28, 0xce, 0x00 } },
    { 0x6644, 1, { 0x04, 0xf6, 0xa4, 0xfe, 0xac, 0xec, 0x16, 0x00 } },
    { 0x6649, 1, { 0xfe, 0x48, 0x6c, 0xfe, 0x7c, 0x44, 0x7c, 0x00 } },
    { 0x664b, 1, { 0xfe, 0x6c, 0x28, 0xfe, 0x7c, 0x44, 0x7c, 0x00 } },
    { 0x664f, 1, { 0x7c, 0x44, 0xfe, 0x92, 0x7c, 0x28, 0xf6, 0x00 } },
    { 0x6652, 1, { 0x3e, 0xd4, 0xbe, 0xf6, 0xb6, 0xe2, 0x3e, 0x00 } },
    { 0x665d, 1, { 0x10, 0x7c, 0x16, 0x7c, 0xfe, 0x44, 0xfe, 0x00 } },
    { 0x665e, 1, { 0x14, 0xe8, 0xb4, 0xfe, 0xa8, 0xfe, 0x2a, 0x00 } },
    { 0x665f, 1, { 0x3c, 0x24, 0x7e, 0x44, 0x76, 0x54, 0xaa, 0x00 } },
    { 0x6662, 1, { 0x44, 0xd8, 0x5e, 0xd4, 0x7c, 0x7c, 0x7c, 0x00 } },
    { 0x6664, 1, { 0x0e, 0xe4, 0xbe, 0xea, 0xbe, 0xea, 0x0e, 0x00 } },
    { 0x6666, 1, { 0x10, 0xfe, 0xac, 0xee, 0xb4, 0xfe, 0x04, 0x00 } },
    { 0x6667, 1, { 0x0c, 0xee, 0xb4, 0xfe, 0xa4, 0xee, 0x0e, 0x00 } },
    { 0x6668, 1, { 0x3c, 0x24, 0x7e, 0x5c, 0x7e, 0x68, 0xb6, 0x00 } },
    { 0x6669, 1, { 0x0c, 0xf4, 0xbe, 0xea, 0xbe, 0xd4, 0x26, 0x00 } },
    { 0x666e, 1, { 0x44, 0xfe, 0x6c, 0x28, 0xfe, 0x44, 0x7c, 0x00 } },
    { 0x666f, 1, { 0x7c, 0x44, 0xfe, 0x44, 0x7c, 0x54, 0xb2, 0x00 } },
    { 0x6670, 1, { 0x0a, 0xfc, 0xac, 0xfe, 0xba, 0xea, 0x0a, 0x00 } },
    { 0x6674, 1, { 0x04, 0xee, 0xa4, 0xfe, 0xaa, 0xee, 0x0a, 0x00 } },
    { 0x6676, 1, { 0x7c, 0x44, 0xfe, 0xaa, 0xee, 0xaa, 0xee, 0x00 } },
    { 0x667a, 1, { 0x40, 0x7e, 0xaa, 0x5e, 0xfc, 0x44, 0x7c, 0x00 } },
    { 0x6681, 1, { 0x08, 0xfc, 0xbe, 0xf4, 0xbe, 0xd4, 0x26, 0x00 } },
    { 0x6683, 1, { 0x7c, 0x44, 0x7c, 0xee, 0x28, 0xee, 0x48, 0x00 } },
    { 0x6684, 1, { 0x04, 0xfe, 0xb6, 0xe0, 0xac, 0xec, 0x1e, 0x00 } },
    { 0x6687, 1, { 0x36, 0xf2, 0xa6, 0xfe, 0xaa, 0xf4, 0x2a, 0x00 } },
    { 0x6688, 1, { 0x7c, 0x44, 0xfe, 0xba, 0x38, 0xfe, 0x10, 0x00 } },
    { 0x6689, 1, { 0x1e, 0xf6, 0xbe, 0xec, 0xac, 0xfe, 0x04, 0x00 } },
    { 0x668e, 1, { 0x14, 0xfe, 0xb4, 0xea, 0xbe, 0xc8, 0x36, 0x00 } },
    { 0x6691, 1, { 0x7c, 0x44, 0x7c, 0x38, 0xfe, 0x34, 0xdc, 0x00 } },
    { 0x6696, 1, { 0x06, 0xf8, 0xaa, 0xfe, 0xaa, 0xf4, 0x2a, 0x00 } },
    { 0x6697, 1, { 0x08, 0xfe, 0xb4, 0xfe, 0xa0, 0xec, 0x0c, 0x00 } },
    { 0x6698, 1, { 0x0e, 0xea, 0xbe, 0xe8, 0xae, 0xf6, 0x0a, 0x00 } },
    { 0x669d, 1, { 0x1e, 0xf2, 0xac, 0xec, 0xbe, 0xe0, 0x12, 0x00 } },
    { 0x66a2, 1, { 0x4e, 0xea, 0xbe, 0xe8, 0xae, 0xf6, 0x4a, 0x00 } },
    { 0x66a6, 1, { 0x7e, 0x54, 0x7e, 0x54, 0x7e, 0x62, 0xbe, 0x00 } },
    { 0x66ab, 1, { 0x2e, 0xf8, 0x6e, 0xf4, 0x24, 0x7c, 0x7c, 0x00 } },
    { 0x66ae, 1, { 0x28, 0xfe, 0x38, 0xfe, 0x44, 0xba, 0x38, 0x00 } },
    { 0x66b4, 1, { 0x7c, 0x7c, 0x28, 0xfe, 0x54, 0x38, 0xd6, 0x00 } },
    { 0x66b8, 1, { 0x08, 0xfe, 0xb4, 0xfe, 0xb4, 0xc8, 0x2a, 0x00 } },
    { 0x66b9, 1, { 0xbe, 0x3e, 0x94, 0x1e, 0xf4, 0x5e, 0xbe, 0x00 } },
    { 0x66bc, 1, { 0x56, 0xaa, 0x74, 0x5a, 0x7c, 0x44, 0x7c, 0x00 } },
    { 0x66be, 1, { 0x14, 0xfe, 0xee, 0xf6, 0xde, 0xf4, 0x1a, 0x00 } },
    { 0x66c1, 1, { 0x5e, 0xec, 0xec, 0xd6, 0x7c, 0x44, 0xfe, 0x00 } },
    { 0x66c4, 1, { 0x14, 0xfe, 0xbc, 0xfe, 0xbc, 0xfe, 0x08, 0x00 } },
    { 0x66c7, 1, { 0x7c, 0x44, 0xfe, 0xb6, 0x78, 0x24, 0xfa, 0x00 } },
    { 0x66c9, 1, { 0x08, 0xfc, 0xbe, 0xf6, 0xbe, 0xd4, 0x26, 0x00 } },
    { 0x66d6, 1, { 0x3e, 0xd4, 0xbe, 0xf2, 0xac, 0xd4, 0x2a, 0x00 } },
    { 0x66d9, 1, { 0x3e, 0xea, 0xbe, 0xec, 0xbe, 0xda, 0x2e, 0x00 } },
    { 0x66da, 1, { 0x14, 0xfe, 0xb4, 0xfe, 0xba, 0xec, 0x1a, 0x00 } },
    { 0x66dc, 1, { 0x1e, 0xea, 0xbe, 0xe4, 0xae, 0xfc, 0x0e, 0x00 } },
    { 0x66dd, 1, { 0x1e, 0xfe, 0xac, 0xfe, 0xaa, 0xdc, 0x2a, 0x00 } },
    { 0x66e0, 1, { 0x08, 0xfe, 0xac, 0xfe, 0xac, 0xec, 0x32, 0x00 } },
    { 0x66e6, 1, { 0x14, 0xfe, 0xa8, 0xfe, 0xb6, 0xec, 0x1a, 0x00 } },
    { 0x66e9, 1, { 0x7c, 0x44, 0xfe, 0x6c, 0xfe, 0x68, 0xb6, 0x00 } },
    { 0x66f0, 1, { 0x7e, 0x42, 0x42, 0x7a, 0x42, 0x42, 0x7e, 0x00 } },
    { 0x66f2, 1, { 0x28, 0xfe, 0xaa, 0xfe, 0xaa, 0xaa, 0xfe, 0x00 } },
    { 0x66f3, 1, { 0x10, 0x7c, 0x54, 0x7c, 0x0a, 0x04, 0xfa, 0x00 } },
    { 0x66f4, 1, { 0xfe, 0x54, 0x7c, 0x54, 0x7c, 0x30, 0xce, 0x00 } },
    { 0x66f5, 1, { 0x24, 0xf8, 0xa8, 0xf8, 0x14, 0x08, 0xf6, 0x00 } },
    { 0x66f7, 1, { 0x7c, 0x44, 0x7c, 0x3e, 0xd2, 0x6a, 0x7a, 0x00 } },
    { 0x66f8, 1, { 0x10, 0x7c, 0x16, 0xfc, 0x10, 0xfe, 0x7c, 0x00 } },
    { 0x66f9, 1, { 0x28, 0xfe, 0xfe, 0xaa, 0xfe, 0x44, 0x7c, 0x00 } },
    { 0x66fc, 1, { 0x7c, 0x44, 0xfe, 0xfe, 0x28, 0x10, 0xee, 0x00 } },
    { 0x66fd, 1, { 0x44, 0xfe, 0x92, 0xfe, 0x7c, 0x44, 0x7c, 0x00 } },
    { 0x66fe, 1, { 0x28, 0x44, 0xfe, 0x54, 0x7c, 0x44, 0x7c, 0x00 } },
    { 0x66ff, 1, { 0x44, 0xee, 0x44, 0xaa, 0x7c, 0x44, 0x7c, 0x00 } },
    { 0x6700, 1, { 0x7c, 0x44, 0xfe, 0x52, 0x5a, 0xf4, 0x1a, 0x00 } },
    { 0x6703, 1, { 0x10, 0x28, 0xfe, 0x54, 0x7c, 0x44, 0x7c, 0x00 } },
    { 0x6708, 1, { 0x3e, 0x22, 0x3e, 0x22, 0x3e, 0x42, 0x86, 0x00 } },
    { 0x6709, 1, { 0x20, 0xfe, 0x20, 0x7c, 0xa4, 0x3c, 0x24, 0x00 } },
    { 0x670b, 1, { 0x7e, 0x5a, 0x7e, 0x5a, 0x7e, 0x5a, 0xb6, 0x00 } },
    { 0x670d, 1, { 0x7e, 0x52, 0x70, 0x5e, 0x7a, 0x54, 0xba, 0x00 } },
    { 0x670f, 1, { 0xe4, 0xb6, 0xfe, 0xa4, 0xf6, 0xb6, 0xbe, 0x00 } },
    { 0x6714, 1, { 0x5e, 0xfa, 0x2e, 0xaa, 0xfe, 0x4a, 0x96, 0x00 } },
    { 0x6715, 1, { 0xea, 0xa0, 0xee, 0xa4, 0xee, 0xa4, 0xba, 0x00 } },
    { 0x6716, 1, { 0xe4, 0xbe, 0xf2, 0xbe, 0xfa, 0xb4, 0xba, 0x00 } },
    { 0x6717, 1, { 0x4e, 0xea, 0xae, 0xea, 0x8e, 0xaa, 0xd6, 0x00 } },
    { 0x671b, 1, { 0x2e, 0xfa, 0x4e, 0x72, 0xfe, 0x10, 0xfe, 0x00 } },
    { 0x671d, 1, { 0xee, 0x4a, 0xee, 0xaa, 0x4e, 0xea, 0x56, 0x00 } },
    { 0x671e, 1, { 0x28, 0x7c, 0x28, 0xfe, 0x5c, 0x9a, 0x28, 0x00 } },
    { 0x671f, 1, { 0x5e, 0xfa, 0x5e, 0x7a, 0xfe, 0x0a, 0x96, 0x00 } },
    { 0x6726, 1, { 0xd4, 0xbe, 0xf4, 0xbe, 0xfa, 0xac, 0xba, 0x00 } },
    { 0x6727, 1, { 0xd6, 0xbc, 0xee, 0xba, 0xee, 0xbc, 0xae, 0x00 } },
    { 0x6728, 1, { 0x10, 0xfe, 0x10, 0x38, 0x54, 0x92, 0x10, 0x00 } },
    { 0x672a, 1, { 0x10, 0x7c, 0x10, 0xfe, 0x10, 0x38, 0xd6, 0x00 } },
    { 0x672b, 1, { 0x10, 0xfe, 0x10, 0x7c, 0x10, 0x38, 0xd6, 0x00 } },
    { 0x672c, 1, { 0x10, 0xfe, 0x10, 0x38, 0x54, 0xba, 0x10, 0x00 } },
    { 0x672d, 1, { 0x28, 0xf8, 0x28, 0x78, 0x68, 0xaa, 0x2e, 0x00 } },
    { 0x672e, 1, { 0x14, 0xfe, 0x10, 0x54, 0x54, 0x54, 0x96, 0x00 } },
    { 0x6731, 1, { 0x50, 0x7c, 0x90, 0xfe, 0x10, 0x38, 0xd6, 0x00 } },
    { 0x6734, 1, { 0x28, 0xf8, 0x28, 0x7c, 0x6a, 0xa8, 0x28, 0x00 } },
    { 0x6736, 1, { 0x78, 0x2e, 0xc2, 0x10, 0xfe, 0x38, 0xd6, 0x00 } },
    { 0x6737, 1, { 0x5e, 0xea, 0x4a, 0xea, 0xca, 0x4a, 0x56, 0x00 } },
    { 0x6738, 1, { 0x48, 0xfe, 0x4a, 0xea, 0xca, 0x4a, 0x56, 0x00 } },
    { 0x673a, 1, { 0x5c, 0xd4, 0x54, 0xd4, 0xd4, 0x54, 0x66, 0x00 } },
    { 0x673d, 1, { 0x5e, 0xe8, 0x48, 0xee, 0xc2, 0x42, 0x46, 0x00 } },
    { 0x673f, 1, { 0x10, 0xfe, 0x7c, 0x54, 0x10, 0x38, 0xd6, 0x00 } },
    { 0x6741, 1, { 0x58, 0xc8, 0x48, 0xc8, 0xd4, 0x54, 0x62, 0x00 } },
    { 0x6746, 1, { 0x5c, 0xc8, 0x48, 0xfe, 0xc8, 0x48, 0x48, 0x00 } },
    { 0x6749, 1, { 0x22, 0xf4, 0x22, 0x74, 0x60, 0xa2, 0x2c, 0x00 } },
    { 0x674e, 1, { 0x10, 0xfe, 0x3c, 0xda, 0x08, 0xfe, 0x10, 0x00 } },
    { 0x674f, 1, { 0x10, 0xfe, 0x38, 0xd6, 0x7c, 0x44, 0x7c, 0x00 } },
    { 0x6750, 1, { 0x44, 0xfe, 0x44, 0xc6, 0xcc, 0x74, 0x4c, 0x00 } },
    { 0x6751, 1, { 0x24, 0xfe, 0x24, 0x74, 0x6c, 0xa4, 0x2c, 0x00 } },
    { 0x6753, 1, { 0x50, 0xde, 0x62, 0xd2, 0xca, 0x42, 0x46, 0x00 } },
    { 0x6756, 1, { 0x48, 0xfe, 0x48, 0xd8, 0xc8, 0x54, 0x62, 0x00 } },
    { 0x6759, 1, { 0x4a, 0xe8, 0x5e, 0xe8, 0xc4, 0x44, 0x42, 0x00 } },
    { 0x675c, 1, { 0x44, 0xe4, 0x5e, 0xe4, 0xc4, 0x44, 0x5e, 0x00 } },
    { 0x675e, 1, { 0x5e, 0xe2, 0x42, 0xfe, 0xd0, 0x52, 0x5e, 0x00 } },
    { 0x675f, 1, { 0x10, 0xfe, 0x54, 0x7c, 0x10, 0x38, 0xd6, 0x00 } },
    { 0x6760, 1, { 0x40, 0xee, 0x44, 0xe4, 0xc4, 0x44, 0x5e, 0x00 } },
    { 0x6761, 1, { 0x18, 0x68, 0x10, 0xee, 0x7c, 0x38, 0xd6, 0x00 } },
    { 0x6762, 1, { 0x10, 0xfe, 0x38, 0xd6, 0x7c, 0x10, 0xfe, 0x00 } },
    { 0x6763, 1, { 0x48, 0xc8, 0x6a, 0xea, 0xea, 0x6a, 0x7e, 0x00 } },
    { 0x6764, 1, { 0x5e, 0xe8, 0x4e, 0xea, 0xca, 0x4a, 0x56, 0x00 } },
    { 0x6765, 1, { 0x10, 0xfe, 0x54, 0x10, 0xfe, 0x38, 0xd6, 0x00 } },
    { 0x676a, 1, { 0x48, 0xdc, 0x5a, 0xe8, 0xca, 0x44, 0x58, 0x00 } },
    { 0x676d, 1, { 0x48, 0xfe, 0x40, 0xdc, 0xd4, 0x54, 0x66, 0x00 } },
    { 0x676f, 1, { 0x7e, 0xc8, 0x48, 0xdc, 0xea, 0x48, 0x48, 0x00 } },
    { 0x6770, 1, { 0x10, 0xfe, 0x10, 0x38, 0xd6, 0x00, 0xaa, 0x00 } },
    { 0x6771, 1, { 0x10, 0xfe, 0x54, 0x7c, 0x54, 0x38, 0xd6, 0x00 } },
    { 0x6772, 1, { 0x7c, 0x44, 0x7c, 0xfe, 0x10, 0x38, 0xd6, 0x00 } },
    { 0x6773, 1, { 0x10, 0xfe, 0x38, 0xd6, 0x7c, 0x7c, 0x7c, 0x00 } },
    { 0x6775, 1, { 0x50, 0xdc, 0x68, 0xc8, 0xfe, 0x48, 0x48, 0x00 } },
    { 0x6777, 1, { 0x7e, 0xea, 0x6a, 0xfe, 0xe0, 0x62, 0x5e, 0x00 } },
    { 0x677c, 1, { 0x7c, 0xd4, 0x48, 0xfe, 0xca, 0x48, 0x58, 0x00 } },
    { 0x677e, 1, { 0x54, 0xd4, 0x62, 0xc8, 0xc8, 0x54, 0x7a, 0x00 } },
    { 0x677f, 1, { 0x5e, 0xd0, 0x5e, 0xda, 0xda, 0x64, 0x5a, 0x00 } },
    { 0x6785, 1, { 0x7e, 0xd4, 0x54, 0xfe, 0xd4, 0x54, 0x64, 0x00 } },
    { 0x6787, 1, { 0x54, 0xd4, 0x5e, 0xd4, 0xd4, 0x5c, 0x76, 0x00 } },
    { 0x6789, 1, { 0x5e, 0xe4, 0x44, 0xee, 0xc4, 0x44, 0x5e, 0x00 } },
    { 0x678b, 1, { 0x44, 0xfe, 0x48, 0xee, 0xca, 0x4a, 0x56, 0x00 } },
    { 0x678c, 1, { 0x54, 0xd4, 0x62, 0xdc, 0xd4, 0x54, 0x6c, 0x00 } },
    { 0x6790, 1, { 0x44, 0xd8, 0x50, 0xde, 0xd4, 0x54, 0x64, 0x00 } },
    { 0x6795, 1, { 0x48, 0xfe, 0x6a, 0xcc, 0xcc, 0x54, 0x66, 0x00 } },
    { 0x6797, 1, { 0x24, 0xfe, 0x24, 0x6c, 0x76, 0xa4, 0x24, 0x00 } },
    { 0x679a, 1, { 0x50, 0xde, 0x74, 0xd4, 0xd4, 0x48, 0x76, 0x00 } },
    { 0x679c, 1, { 0x7c, 0x54, 0x7c, 0x54, 0xfe, 0x38, 0xd6, 0x00 } },
    { 0x679d, 1, { 0x48, 0xfe, 0x48, 0xfc, 0xd4, 0x48, 0x76, 0x00 } },
    { 0x67a0, 1, { 0x50, 0xfc, 0x54, 0xe6, 0xc8, 0x7e, 0x48, 0x00 } },
    { 0x67a1, 1, { 0x4c, 0xf4, 0x54, 0xfe, 0xd4, 0x54, 0x64, 0x00 } },
    { 0x67a2, 1, { 0x5e, 0xf0, 0x5a, 0xf4, 0xda, 0x50, 0x5e, 0x00 } },
    { 0x67a6, 1, { 0x5e, 0xe0, 0x4e, 0xea, 0xce, 0x48, 0x50, 0x00 } },
    { 0x67a9, 1, { 0x10, 0xfe, 0x3c, 0xda, 0x24, 0xd2, 0x3c, 0x00 } },
    { 0x67af, 1, { 0x48, 0xc8, 0x7e, 0xc8, 0xdc, 0x54, 0x5c, 0x00 } },
    { 0x67b3, 1, { 0x7e, 0xe2, 0x62, 0xfe, 0xc0, 0x54, 0x62, 0x00 } },
    { 0x67b4, 1, { 0x5e, 0xf2, 0x5e, 0xe0, 0xde, 0x4a, 0x56, 0x00 } },
    { 0x67b6, 1, { 0x40, 0xfe, 0x5a, 0xbe, 0xfe, 0x38, 0xd6, 0x00 } },
    { 0x67b7, 1, { 0x50, 0xfe, 0x5a, 0xda, 0xea, 0x4e, 0x58, 0x00 } },
    { 0x67b8, 1, { 0x48, 0xee, 0x52, 0xee, 0xce, 0x42, 0x46, 0x00 } },
    { 0x67b9, 1, { 0x48, 0xee, 0x52, 0xee, 0xce, 0x48, 0x4e, 0x00 } },
    { 0x67c1, 1, { 0x44, 0xfe, 0x52, 0xe8, 0xce, 0x48, 0x4e, 0x00 } },
    { 0x67c4, 1, { 0x7e, 0xc8, 0x7e, 0xea, 0xf6, 0x62, 0x66, 0x00 } },
    { 0x67c6, 1, { 0x48, 0xfe, 0x54, 0xd4, 0xd4, 0x58, 0x7e, 0x00 } },
    { 0x67ca, 1, { 0x4c, 0xd4, 0x48, 0xf6, 0xc8, 0x40, 0x4c, 0x00 } },
    { 0x67ce, 1, { 0x4a, 0xd6, 0x72, 0xda, 0xd2, 0x52, 0x56, 0x00 } },
    { 0x67cf, 1, { 0x48, 0xfe, 0x52, 0xfe, 0xd2, 0x52, 0x5e, 0x00 } },
    { 0x67d0, 1, { 0x28, 0xfe, 0x28, 0x38, 0xfe, 0x38, 0xd6, 0x00 } },
    { 0x67d1, 1, { 0x54, 0xfe, 0x54, 0xdc, 0xd4, 0x54, 0x5c, 0x00 } },
    { 0x67d3, 1, { 0x90, 0x3c, 0x94, 0x26, 0xfe, 0x38, 0xd6, 0x00 } },
    { 0x67d4, 1, { 0x38, 0xfe, 0x52, 0xb0, 0xfe, 0x38, 0xd6, 0x00 } },
    { 0x67d8, 1, { 0x5e, 0xe8, 0x48, 0xee, 0xda, 0x4a, 0x4e, 0x00 } },
    { 0x67da, 1, { 0x48, 0xfe, 0x6a, 0xfe, 0xea, 0x6a, 0x7e, 0x00 } },
    { 0x67dd, 1, { 0x44, 0xd8, 0x50, 0xde, 0xdc, 0x56, 0x64, 0x00 } },
    { 0x67de, 1, { 0x48, 0xee, 0x58, 0xee, 0xc8, 0x4e, 0x48, 0x00 } },
    { 0x67e2, 1, { 0x42, 0xdc, 0x54, 0xde, 0xd4, 0x52, 0x5e, 0x00 } },
    { 0x67e4, 1, { 0x5c, 0xd4, 0x5c, 0xd4, 0xdc, 0x54, 0x7e, 0x00 } },
    { 0x67e7, 1, { 0x42, 0xdc, 0x54, 0xd4, 0xd4, 0x56, 0x6a, 0x00 } },
    { 0x67e9, 1, { 0x5e, 0xf6, 0x5a, 0xf2, 0xd4, 0x5a, 0x5e, 0x00 } },
    { 0x67ec, 1, { 0x10, 0xfe, 0x7c, 0x7c, 0x7c, 0x38, 0xd6, 0x00 } },
    { 0x67ee, 1, { 0x48, 0xea, 0x7e, 0xc8, 0xea, 0x6a, 0x7e, 0x00 } },
    { 0x67ef, 1, { 0x5e, 0xe2, 0x5e, 0xf6, 0xde, 0x42, 0x46, 0x00 } },
    { 0x67f1, 1, { 0x50, 0xc8, 0x7e, 0xc8, 0xdc, 0x48, 0x7e, 0x00 } },
    { 0x67f3, 1, { 0x56, 0xe6, 0x76, 0xf6, 0xf6, 0x54, 0x64, 0x00 } },
    { 0x67f4, 1, { 0x24, 0xb6, 0xa4, 0xf6, 0xfe, 0x38, 0xd6, 0x00 } },
    { 0x67f5, 1, { 0x5e, 0xda, 0x5a, 0xfe, 0xda, 0x5a, 0x52, 0x00 } },
    { 0x67fb, 1, { 0x10, 0xfe, 0x38, 0xd6, 0x7c, 0x44, 0xfe, 0x00 } },
    { 0x67fe, 1, { 0x5e, 0xe4, 0x44, 0xf6, 0xd4, 0x54, 0x5e, 0x00 } },
    { 0x67ff, 1, { 0x48, 0xfe, 0x48, 0xfe, 0xea, 0x6a, 0x48, 0x00 } },
    { 0x6802, 1, { 0x5c, 0xd4, 0x54, 0xfe, 0xe4, 0x7e, 0x4c, 0x00 } },
    { 0x6803, 1, { 0x5e, 0xd0, 0x5e, 0xd4, 0xd6, 0x6a, 0x4a, 0x00 } },
    { 0x6804, 1, { 0x54, 0xfe, 0x92, 0x7c, 0x10, 0x38, 0xd6, 0x00 } },
    { 0x6813, 1, { 0x48, 0xd4, 0x7e, 0xc8, 0xdc, 0x48, 0x7e, 0x00 } },
    { 0x6816, 1, { 0x7e, 0xd4, 0x7e, 0xf6, 0xf6, 0x62, 0x7e, 0x00 } },
    { 0x6817, 1, { 0xfe, 0x54, 0x7c, 0x10, 0xfe, 0x38, 0xd6, 0x00 } },
    { 0x681e, 1, { 0xee, 0x44, 0xee, 0x54, 0xfe, 0x38, 0xd6, 0x00 } },
    { 0x6821, 1, { 0x48, 0xfe, 0x54, 0xe2, 0xd4, 0x48, 0x76, 0x00 } },
    { 0x6822, 1, { 0x5e, 0xe8, 0x5e, 0xf2, 0xde, 0x52, 0x5e, 0x00 } },
    { 0x6829, 1, { 0x7e, 0xca, 0x5e, 0xea, 0xde, 0x6a, 0x4a, 0x00 } },
    { 0x682a, 1, { 0x58, 0xdc, 0x68, 0xfe, 0xc8, 0x5c, 0x6a, 0x00 } },
    { 0x682b, 1, { 0x48, 0xfe, 0x56, 0xf2, 0xd4, 0x5e, 0x54, 0x00 } },
    { 0x6832, 1, { 0x4a, 0xdc, 0x48, 0xfe, 0xd8, 0x6e, 0x42, 0x00 } },
    { 0x6834, 1, { 0x50, 0xde, 0x60, 0xdc, 0xd4, 0x7e, 0x54, 0x00 } },
    { 0x6838, 1, { 0x48, 0xfe, 0x50, 0xea, 0xd4, 0x4c, 0x72, 0x00 } },
    { 0x6839, 1, { 0x5e, 0xf2, 0x5e, 0xf2, 0xde, 0x54, 0x5a, 0x00 } },
    { 0x683c, 1, { 0x4c, 0xd4, 0x48, 0xd4, 0xe2, 0x5c, 0x5c, 0x00 } },
    { 0x683d, 1, { 0x28, 0x7a, 0x28, 0xfe, 0x26, 0x74, 0xaa, 0x00 } },
    { 0x6840, 1, { 0x74, 0xd6, 0x2e, 0xd4, 0x7c, 0x38, 0xd6, 0x00 } },
    { 0x6841, 1, { 0x56, 0xe0, 0x56, 0xf2, 0xd2, 0x52, 0x56, 0x00 } },
    { 0x6842, 1, { 0x48, 0xdc, 0x48, 0xfe, 0xdc, 0x48, 0x7e, 0x00 } },
    { 0x6843, 1, { 0x54, 0xf6, 0x54, 0xf6, 0xd4, 0x54, 0x66, 0x00 } },
    { 0x6846, 1, { 0x7e, 0xee, 0x64, 0xee, 0xe4, 0x6e, 0x7e, 0x00 } },
    { 0x6848, 1, { 0x10, 0xfe, 0xaa, 0x74, 0xfe, 0x38, 0xd6, 0x00 } },
    { 0x684d, 1, { 0x48, 0xfe, 0x54, 0xea, 0xdc, 0x42, 0x46, 0x00 } },
    { 0x684e, 1, { 0x7e, 0xd4, 0x7a, 0xc8, 0xdc, 0x48, 0x7e, 0x00 } },
    { 0x6850, 1, { 0x5e, 0xf2, 0x5e, 0xf2, 0xde, 0x5e, 0x52, 0x00 } },
    { 0x6851, 1, { 0x38, 0x08, 0xe6, 0x22, 0xdc, 0x38, 0xd6, 0x00 } },
    { 0x6853, 1, { 0x7e, 0xdc, 0x54, 0xdc, 0xd4, 0x5c, 0x7e, 0x00 } },
    { 0x6854, 1, { 0x48, 0xfe, 0x48, 0xdc, 0xc0, 0x5c, 0x5c, 0x00 } },
    { 0x6859, 1, { 0x48, 0xd2, 0x7e, 0xdc, 0xe8, 0x7e, 0x48, 0x00 } },
    { 0x685c, 1, { 0x6a, 0xc4, 0x48, 0xfe, 0xd4, 0x4c, 0x72, 0x00 } },
    { 0x685d, 1, { 0x52, 0xde, 0x6a, 0xda, 0xce, 0x52, 0x62, 0x00 } },
    { 0x685f, 1, { 0x4a, 0xfe, 0x48, 0xfc, 0xca, 0x44, 0x5a, 0x00 } },
    { 0x6863, 1, { 0x6a, 0xc8, 0x7e, 0xc2, 0xde, 0x42, 0x7e, 0x00 } },
    { 0x6867, 1, { 0x48, 0xd4, 0x6e, 0xc0, 0xfe, 0x54, 0x7a, 0x00 } },
    { 0x6874, 1, { 0x5c, 0xea, 0x40, 0xdc, 0xc4, 0x7e, 0x48, 0x00 } },
    { 0x6876, 1, { 0x5e, 0xc4, 0x7e, 0xea, 0xfe, 0x6a, 0x6a, 0x00 } },
    { 0x6877, 1, { 0x4c, 0xf4, 0x5e, 0xda, 0xde, 0x52, 0x66, 0x00 } },
    { 0x687e, 1, { 0x5e, 0xea, 0x5e, 0xea, 0xcc, 0x5e, 0x4e, 0x00 } },
    { 0x687f, 1, { 0x5c, 0xd4, 0x5c, 0xfe, 0xc8, 0x7e, 0x48, 0x00 } },
    { 0x6881, 1, { 0xbc, 0x14, 0x96, 0x2c, 0xfe, 0x38, 0xd6, 0x00 } },
    { 0x6883, 1, { 0x72, 0xdc, 0x64, 0xde, 0xf4, 0x5e, 0x6e, 0x00 } },
    { 0x6885, 1, { 0x50, 0xde, 0x4c, 0xfe, 0xd4, 0x5e, 0x44, 0x00 } },
    { 0x688d, 1, { 0x48, 0xdc, 0x5c, 0xc8, 0xfe, 0x48, 0x4e, 0x00 } },
    { 0x688f, 1, { 0x58, 0xdc, 0x68, 0xfe, 0xc8, 0x5c, 0x5c, 0x00 } },
    { 0x6893, 1, { 0x48, 0xfe, 0x54, 0xfe, 0xc8, 0x7e, 0x48, 0x00 } },
    { 0x6894, 1, { 0x42, 0xdc, 0x5e, 0xda, 0xde, 0x58, 0x6e, 0x00 } },
    { 0x6897, 1, { 0x7e, 0xdc, 0x5c, 0xc8, 0xd8, 0x48, 0x76, 0x00 } },
    { 0x689b, 1, { 0x7e, 0xd6, 0x7c, 0xd6, 0xfe, 0x54, 0x6c, 0x00 } },
    { 0x689d, 1, { 0x2c, 0x74, 0xe8, 0x74, 0x7e, 0x5c, 0x6a, 0x00 } },
    { 0x689f, 1, { 0x10, 0x78, 0x7e, 0x12, 0xfe, 0x38, 0xd6, 0x00 } },
    { 0x68a0, 1, { 0x5e, 0xf2, 0x5e, 0xe8, 0xde, 0x52, 0x5e, 0x00 } },
    { 0x68a2, 1, { 0x56, 0xe4, 0x5e, 0xf2, 0xde, 0x52, 0x56, 0x00 } },
    { 0x68a6, 1, { 0x24, 0xfe, 0x6c, 0xbe, 0x64, 0x18, 0xe0, 0x00 } },
    { 0x68a7, 1, { 0x5c, 0xc8, 0x7c, 0xd4, 0xfe, 0x54, 0x5c, 0x00 } },
    { 0x68a8, 1, { 0x6a, 0xfa, 0x6a, 0xb2, 0xfe, 0x38, 0xd6, 0x00 } },
    { 0x68ad, 1, { 0x52, 0xfe, 0x54, 0xe6, 0xdc, 0x68, 0x56, 0x00 } },
    { 0x68af, 1, { 0x54, 0xfe, 0x4a, 0xfe, 0xe8, 0x5e, 0x6a, 0x00 } },
    { 0x68b0, 1, { 0x44, 0xfe, 0x54, 0xfc, 0xd6, 0x54, 0x4a, 0x00 } },
    { 0x68b1, 1, { 0x7e, 0xea, 0x7e, 0xea, 0xfe, 0x6a, 0x7e, 0x00 } },
    { 0x68b3, 1, { 0x48, 0xfe, 0x54, 0xfa, 0xd8, 0x5a, 0x6a, 0x00 } },
    { 0x68b5, 1, { 0x24, 0xfe, 0x6c, 0xbe, 0x24, 0x54, 0x86, 0x00 } },
    { 0x68b6, 1, { 0x5e, 0xde, 0x56, 0xdc, 0xd6, 0x5c, 0x66, 0x00 } },
    { 0x68b9, 1, { 0x44, 0xd8, 0x5e, 0xd4, 0xfe, 0x40, 0x62, 0x00 } },
    { 0x68ba, 1, { 0x24, 0xfe, 0x6c, 0xb6, 0xfe, 0x18, 0x14, 0x00 } },
    { 0x68bc, 1, { 0x48, 0xdc, 0x7e, 0xd4, 0xfe, 0x64, 0x54, 0x00 } },
    { 0x68c4, 1, { 0x10, 0xfe, 0x28, 0x74, 0xfe, 0x38, 0xd6, 0x00 } },
    { 0x68c6, 1, { 0x48, 0xd4, 0x6e, 0xc0, 0xfe, 0x7e, 0x6a, 0x00 } },
    { 0x68c9, 1, { 0x48, 0xdc, 0x54, 0xdc, 0xfe, 0x6a, 0x48, 0x00 } },
    { 0x68ca, 1, { 0x28, 0x7c, 0x28, 0xfe, 0x54, 0x38, 0xd6, 0x00 } },
    { 0x68cb, 1, { 0x54, 0xfe, 0x54, 0xdc, 0xfe, 0x40, 0x62, 0x00 } },
    { 0x68cd, 1, { 0x7e, 0xe2, 0x7e, 0xe4, 0xf6, 0x64, 0x76, 0x00 } },
    { 0x68d2, 1, { 0x48, 0xdc, 0x7e, 0xd4, 0xea, 0x5c, 0x48, 0x00 } },
    { 0x68d4, 1, { 0x5e, 0xf4, 0x5e, 0xf4, 0xda, 0x5c, 0x5c, 0x00 } },
    { 0x68d5, 1, { 0x48, 0xfe, 0x6e, 0xc0, 0xfe, 0x48, 0x6a, 0x00 } },
    { 0x68d7, 1, { 0x10, 0xfe, 0x54, 0x38, 0xd6, 0x38, 0xd6, 0x00 } },
    { 0x68d8, 1, { 0x24, 0xfe, 0x24, 0xfe, 0xb6, 0x6c, 0xb6, 0x00 } },
    { 0x68da, 1, { 0x7e, 0xea, 0x7e, 0xea, 0xfe, 0x6a, 0x56, 0x00 } },
    { 0x68df, 1, { 0x48, 0xfe, 0x5c, 0xdc, 0xc8, 0x5c, 0x6a, 0x00 } },
    { 0x68e0, 1, { 0x54, 0xfe, 0xaa, 0x38, 0xfe, 0x38, 0xd6, 0x00 } },
    { 0x68e1, 1, { 0x7e, 0xe2, 0x76, 0xea, 0xf6, 0x7e, 0x62, 0x00 } },
    { 0x68e3, 1, { 0x48, 0xfc, 0x4e, 0xfc, 0xea, 0x5c, 0x6a, 0x00 } },
    { 0x68e7, 1, { 0x4a, 0xfe, 0x44, 0xea, 0xde, 0x44, 0x5a, 0x00 } },
    { 0x68ee, 1, { 0x10, 0x7c, 0x38, 0x54, 0xfe, 0x6c, 0xb6, 0x00 } },
    { 0x68ef, 1, { 0x48, 0xd4, 0x6e, 0xdc, 0xc4, 0x72, 0x6e, 0x00 } },
    { 0x68f2, 1, { 0x48, 0xfe, 0x4c, 0xdc, 0xfe, 0x54, 0x7a, 0x00 } },
    { 0x68f9, 1, { 0x48, 0xce, 0x5c, 0xd4, 0xdc, 0x7e, 0x48, 0x00 } },
    { 0x68fa, 1, { 0x48, 0xfe, 0x62, 0xdc, 0xde, 0x52, 0x5e, 0x00 } },
    { 0x6900, 1, { 0x48, 0xfe, 0x62, 0xde, 0xea, 0x58, 0x6e, 0x00 } },
    { 0x6901, 1, { 0x48, 0xfe, 0x54, 0xdc, 0xc4, 0x7e, 0x48, 0x00 } },
    { 0x6904, 1, { 0x48, 0xfe, 0x54, 0xfe, 0xd4, 0x4c, 0x72, 0x00 } },
    { 0x6905, 1, { 0x48, 0xfe, 0x48, 0xd4, 0xfe, 0x44, 0x54, 0x00 } },
    { 0x6908, 1, { 0x50, 0xde, 0x76, 0xca, 0xde, 0x4a, 0x56, 0x00 } },
    { 0x690b, 1, { 0x48, 0xfe, 0x54, 0xdc, 0xc8, 0x6a, 0x58, 0x00 } },
    { 0x690c, 1, { 0x48, 0xfe, 0x76, 0xc0, 0xdc, 0x48, 0x7e, 0x00 } },
    { 0x690d, 1, { 0x44, 0xde, 0x44, 0xd6, 0xd6, 0x50, 0x5e, 0x00 } },
    { 0x690e, 1, { 0x54, 0xde, 0x74, 0xde, 0xd4, 0x54, 0x5e, 0x00 } },
    { 0x690f, 1, { 0x7e, 0xd4, 0x76, 0xe2, 0xf6, 0x54, 0x7e, 0x00 } },
    { 0x6912, 1, { 0x56, 0xda, 0x52, 0xfa, 0xd4, 0x74, 0x5a, 0x00 } },
    { 0x6919, 1, { 0x4c, 0xec, 0x5e, 0xf2, 0xde, 0x52, 0x5e, 0x00 } },
    { 0x691a, 1, { 0x76, 0xf6, 0x76, 0xe2, 0xe2, 0x62, 0x66, 0x00 } },
    { 0x691b, 1, { 0x54, 0xfe, 0x44, 0xd4, 0xf6, 0x54, 0x56, 0x00 } },
    { 0x691c, 1, { 0x48, 0xd4, 0x7e, 0xea, 0xfe, 0x48, 0x76, 0x00 } },
    { 0x6921, 1, { 0x7a, 0xd6, 0x66, 0xfe, 0xd2, 0x7a, 0x46, 0x00 } },
    { 0x6922, 1, { 0x7e, 0xde, 0x4a, 0xde, 0xca, 0x5e, 0x7e, 0x00 } },
    { 0x6923, 1, { 0x4a, 0xde, 0x5a, 0xde, 0xfe, 0x40, 0x52, 0x00 } },
    { 0x6925, 1, { 0x70, 0xfe, 0x56, 0xfe, 0xd6, 0x56, 0x68, 0x00 } },
    { 0x6926, 1, { 0x54, 0xea, 0x7e, 0xd4, 0xea, 0x5c, 0x64, 0x00 } },
    { 0x6928, 1, { 0x48, 0xfe, 0x60, 0xea, 0xf6, 0x72, 0x56, 0x00 } },
    { 0x692a, 1, { 0x54, 0xfe, 0x54, 0xf6, 0xf6, 0x54, 0x7e, 0x00 } },
    { 0x6930, 1, { 0x7e, 0xd6, 0x5c, 0xde, 0xd6, 0x7c, 0x44, 0x00 } },
    { 0x6934, 1, { 0x5e, 0xea, 0x70, 0xee, 0xfa, 0x64, 0x6a, 0x00 } },
    { 0x6936, 1, { 0x76, 0xea, 0x76, 0xfe, 0xd4, 0x68, 0x56, 0x00 } },
    { 0x6939, 1, { 0x54, 0xfe, 0x54, 0xd4, 0xfe, 0x68, 0x7e, 0x00 } },
    { 0x693d, 1, { 0x4e, 0xd4, 0x7e, 0xe8, 0xda, 0x6c, 0x5a, 0x00 } },
    { 0x693f, 1, { 0x48, 0xfe, 0x5c, 0xfe, 0xd4, 0x6e, 0x4c, 0x00 } },
    { 0x694a, 1, { 0x5c, 0xd4, 0x7e, 0xd0, 0xde, 0x6a, 0x56, 0x00 } },
    { 0x6953, 1, { 0x7e, 0xea, 0x7e, 0xfe, 0xea, 0x6e, 0x5a, 0x00 } },
    { 0x6954, 1, { 0x56, 0xfe, 0x7a, 0xd0, 0xfe, 0x48, 0x76, 0x00 } },
    { 0x6955, 1, { 0x50, 0xfe, 0x54, 0xee, 0xdc, 0x5c, 0x54, 0x00 } },
    { 0x6959, 1, { 0x7c, 0xce, 0x54, 0xfe, 0xde, 0x74, 0x54, 0x00 } },
    { 0x695a, 1, { 0x24, 0xfe, 0x6c, 0xb6, 0xfc, 0x58, 0xbe, 0x00 } },
    { 0x695c, 1, { 0x56, 0xfe, 0x56, 0xfe, 0xee, 0x7e, 0x4a, 0x00 } },
    { 0x695d, 1, { 0x48, 0xfe, 0x5e, 0xde, 0xc8, 0x5c, 0x6a, 0x00 } },
    { 0x695e, 1, { 0x5e, 0xde, 0x44, 0xde, 0xc8, 0x4e, 0x52, 0x00 } },
    { 0x6960, 1, { 0x48, 0xfe, 0x48, 0xf6, 0xea, 0x7e, 0x6a, 0x00 } },
    { 0x6961, 1, { 0x78, 0xd4, 0x6e, 0xc0, 0xda, 0x5c, 0x5a, 0x00 } },
    { 0x6962, 1, { 0x54, 0xfe, 0x54, 0xfe, 0xf6, 0x62, 0x7e, 0x00 } },
    { 0x696a, 1, { 0x6a, 0xfe, 0x6e, 0xe0, 0xfe, 0x5c, 0x6a, 0x00 } },
    { 0x696b, 1, { 0x5c, 0xd4, 0x7e, 0xdc, 0xd4, 0x7e, 0x44, 0x00 } },
    { 0x696d, 1, { 0xaa, 0xfe, 0x28, 0x7c, 0xfe, 0x38, 0xd6, 0x00 } },
    { 0x696e, 1, { 0x4a, 0xdc, 0x48, 0xfe, 0xd4, 0x6e, 0x4e, 0x00 } },
    { 0x696f, 1, { 0x42, 0xdc, 0x5e, 0xd4, 0xde, 0x6e, 0x4e, 0x00 } },
    { 0x6973, 1, { 0x54, 0xfe, 0x54, 0xdc, 0xfe, 0x5c, 0x6a, 0x00 } },
    { 0x6974, 1, { 0x48, 0xfe, 0x54, 0xfe, 0xea, 0x5c, 0x54, 0x00 } },
    { 0x6975, 1, { 0x5e, 0xe8, 0x4c, 0xf6, 0xd6, 0x44, 0x5e, 0x00 } },
    { 0x6977, 1, { 0x64, 0xf6, 0x64, 0xf6, 0xc8, 0x5c, 0x5c, 0x00 } },
    { 0x6978, 1, { 0x74, 0xd4, 0x7e, 0xdc, 0xf4, 0x74, 0x5a, 0x00 } },
    { 0x6979, 1, { 0x7c, 0xd6, 0x5a, 0xe6, 0xdc, 0x5c, 0x7e, 0x00 } },
    { 0x697c, 1, { 0x6a, 0xdc, 0x6a, 0xd0, 0xfe, 0x54, 0x7a, 0x00 } },
    { 0x697d, 1, { 0x92, 0x6c, 0xba, 0x10, 0xfe, 0x38, 0xd6, 0x00 } },
    { 0x697e, 1, { 0x48, 0xdc, 0x54, 0xdc, 0xfa, 0x5c, 0x6a, 0x00 } },
    { 0x6981, 1, { 0x48, 0xfe, 0x6a, 0xd4, 0xfa, 0x48, 0x7e, 0x00 } },
    { 0x6982, 1, { 0x4e, 0xf6, 0x76, 0xfe, 0xe4, 0x74, 0x4a, 0x00 } },
    { 0x698a, 1, { 0x54, 0xfe, 0x5a, 0xee, 0xda, 0x5e, 0x54, 0x00 } },
    { 0x698e, 1, { 0x7e, 0xdc, 0x5c, 0xdc, 0xf4, 0x48, 0x76, 0x00 } },
    { 0x6991, 1, { 0x4a, 0xfe, 0x5c, 0xd4, 0xfe, 0x54, 0x4c, 0x00 } },
    { 0x6994, 1, { 0x56, 0xfe, 0x6c, 0xfe, 0xe6, 0x6c, 0x74, 0x00 } },
    { 0x6995, 1, { 0x48, 0xfe, 0x76, 0xc8, 0xd4, 0x6e, 0x4c, 0x00 } },
    { 0x699b, 1, { 0x48, 0xfe, 0x48, 0xd4, 0xea, 0x5c, 0x6a, 0x00 } },
    { 0x699c, 1, { 0x48, 0xfe, 0x54, 0xfe, 0xea, 0x4c, 0x54, 0x00 } },
    { 0x69a0, 1, { 0x7e, 0xe2, 0x5c, 0xd4, 0xfe, 0x40, 0x62, 0x00 } },
    { 0x69a7, 1, { 0x7e, 0xd4, 0x76, 0xd4, 0xf6, 0x54, 0x7e, 0x00 } },
    { 0x69ae, 1, { 0xaa, 0x44, 0xfe, 0x92, 0x7c, 0x38, 0xd6, 0x00 } },
    { 0x69b1, 1, { 0x48, 0xfe, 0x5c, 0xf6, 0xdc, 0x74, 0x5a, 0x00 } },
    { 0x69b2, 1, { 0x5e, 0xf6, 0x5a, 0xde, 0xc0, 0x4c, 0x5e, 0x00 } },
    { 0x69b4, 1, { 0x4e, 0xf6, 0x66, 0xfa, 0xdc, 0x5c, 0x5c, 0x00 } },
    { 0x69bb, 1, { 0x5c, 0xd4, 0x5c, 0xfe, 0xca, 0x5e, 0x6a, 0x00 } },
    { 0x69be, 1, { 0x5c, 0xd4, 0x7e, 0xe2, 0xdc, 0x5c, 0x54, 0x00 } },
    { 0x69bf, 1, { 0x6a, 0xfe, 0x40, 0xfe, 0xe2, 0x5c, 0x7e, 0x00 } },
    { 0x69c1, 1, { 0x48, 0xfe, 0x54, 0xdc, 0xfe, 0x62, 0x6a, 0x00 } },
    { 0x69c3, 1, { 0x6e, 0x6a, 0xf4, 0xaa, 0xfe, 0x38, 0xd6, 0x00 } },
    { 0x69c7, 1, { 0x50, 0xde, 0x4c, 0xec, 0xfe, 0x40, 0x62, 0x00 } },
    { 0x69ca, 1, { 0xae, 0xea, 0xee, 0x52, 0xfe, 0x38, 0xd6, 0x00 } },
    { 0x69cb, 1, { 0x54, 0xfe, 0x54, 0xfe, 0xdc, 0x7e, 0x54, 0x00 } },
    { 0x69cc, 1, { 0x52, 0xe6, 0x46, 0xf4, 0xd6, 0x56, 0x6e, 0x00 } },
    { 0x69cd, 1, { 0x48, 0xd4, 0x7a, 0xd8, 0xd0, 0x6c, 0x4c, 0x00 } },
    { 0x69ce, 1, { 0x54, 0xfe, 0x48, 0xfe, 0xde, 0x54, 0x6e, 0x00 } },
    { 0x69d0, 1, { 0x48, 0xfe, 0x6a, 0xfe, 0xea, 0x5c, 0x6e, 0x00 } },
    { 0x69d3, 1, { 0x5c, 0xc8, 0x7e, 0xdc, 0xd4, 0x5c, 0x62, 0x00 } },
    { 0x69d8, 1, { 0x54, 0xfe, 0x5c, 0xfe, 0xea, 0x5c, 0x6a, 0x00 } },
    { 0x69d9, 1, { 0x48, 0xfe, 0x5c, 0xdc, 0xfe, 0x40, 0x62, 0x00 } },
    { 0x69dd, 1, { 0x48, 0xfc, 0x5c, 0xf0, 0xde, 0x4a, 0x5e, 0x00 } },
    { 0x69de, 1, { 0x48, 0xfe, 0x54, 0xfe, 0xdc, 0x5c, 0x46, 0x00 } },
    { 0x69e7, 1, { 0x2e, 0xf8, 0x6e, 0xf4, 0xfe, 0x38, 0xd6, 0x00 } },
    { 0x69e8, 1, { 0x56, 0xfe, 0x6c, 0xfe, 0xd6, 0x7c, 0x54, 0x00 } },
    { 0x69eb, 1, { 0x48, 0xfe, 0x5c, 0xda, 0xfe, 0x54, 0x4c, 0x00 } },
    { 0x69ed, 1, { 0x44, 0xfe, 0x54, 0xdc, 0xd6, 0x7c, 0x52, 0x00 } },
    { 0x69f2, 1, { 0x5a, 0xee, 0x5a, 0xde, 0xda, 0x5e, 0x6a, 0x00 } },
    { 0x69f9, 1, { 0x48, 0xdc, 0x5c, 0xf6, 0xc8, 0x7e, 0x48, 0x00 } },
    { 0x69fb, 1, { 0x56, 0xfe, 0x56, 0xfe, 0xd6, 0x54, 0x6a, 0x00 } },
    { 0x69fd, 1, { 0x54, 0xfe, 0x54, 0xfe, 0xfe, 0x54, 0x5c, 0x00 } },
    { 0x69ff, 1, { 0x54, 0xfe, 0x54, 0xfe, 0xfe, 0x48, 0x7e, 0x00 } },
    { 0x6a02, 1, { 0x52, 0xbc, 0x6a, 0xbc, 0xfe, 0x38, 0xd6, 0x00 } },
    { 0x6a05, 1, { 0x54, 0xea, 0x50, 0xf4, 0xd6, 0x5c, 0x56, 0x00 } },
    { 0x6a0a, 1, { 0x54, 0xee, 0x54, 0xee, 0x7c, 0x10, 0xee, 0x00 } },
    { 0x6a0b, 1, { 0x6c, 0xc4, 0x4e, 0xfe, 0xda, 0x50, 0x6e, 0x00 } },
    { 0x6a0c, 1, { 0x5c, 0xf6, 0x5c, 0xdc, 0xdc, 0x5c, 0x62, 0x00 } },
    { 0x6a12, 1, { 0x48, 0xfe, 0x6a, 0xd4, 0xec, 0x5a, 0x5e, 0x00 } },
    { 0x6a13, 1, { 0x48, 0xdc, 0x76, 0xdc, 0xfe, 0x54, 0x7a, 0x00 } },
    { 0x6a14, 1, { 0x54, 0xe8, 0x5c, 0xdc, 0xfe, 0x5c, 0x6a, 0x00 } },
    { 0x6a17, 1, { 0x5c, 0xfe, 0x6a, 0xdc, 0xde, 0x42, 0x46, 0x00 } },
    { 0x6a19, 1, { 0x7e, 0xdc, 0x5c, 0xc0, 0xfe, 0x48, 0x6a, 0x00 } },
    { 0x6a1b, 1, { 0x76, 0xd2, 0x48, 0xd4, 0xea, 0x44, 0x58, 0x00 } },
    { 0x6a1e, 1, { 0x7e, 0xec, 0x6c, 0xe0, 0xf6, 0x76, 0x7e, 0x00 } },
    { 0x6a1f, 1, { 0x48, 0xfe, 0x54, 0xfe, 0xdc, 0x7e, 0x48, 0x00 } },
    { 0x6a21, 1, { 0x54, 0xfe, 0x5c, 0xd4, 0xfe, 0x48, 0x76, 0x00 } },
    { 0x6a22, 1, { 0x48, 0xfc, 0x5c, 0xf0, 0xde, 0x42, 0x56, 0x00 } },
    { 0x6a23, 1, { 0x54, 0xfe, 0x5c, 0xc8, 0xfa, 0x5c, 0x6a, 0x00 } },
    { 0x6a29, 1, { 0x48, 0xee, 0x54, 0xee, 0xdc, 0x4c, 0x4e, 0x00 } },
    { 0x6a2a, 1, { 0x54, 0xfe, 0x54, 0xfe, 0xdc, 0x5c, 0x62, 0x00 } },
    { 0x6a2b, 1, { 0x7e, 0xfa, 0x74, 0xca, 0xdc, 0x48, 0x7e, 0x00 } },
    { 0x6a2e, 1, { 0x7e, 0xdc, 0x5c, 0xc0, 0xea, 0x48, 0x76, 0x00 } },
    { 0x6a35, 1, { 0x54, 0xde, 0x74, 0xd4, 0xde, 0x40, 0x6a, 0x00 } },
    { 0x6a36, 1, { 0x5c, 0xd4, 0x7e, 0xde, 0xda, 0x7c, 0x4a, 0x00 } },
    { 0x6a38, 1, { 0x6a, 0xfe, 0x54, 0xfe, 0xdc, 0x48, 0x76, 0x00 } },
    { 0x6a39, 1, { 0x52, 0xfe, 0x52, 0xfa, 0xee, 0x52, 0x7a, 0x00 } },
    { 0x6a3a, 1, { 0x54, 0xfe, 0x5c, 0xfe, 0xdc, 0x7e, 0x48, 0x00 } },
    { 0x6a3d, 1, { 0x54, 0xfe, 0x76, 0xe2, 0xfe, 0x54, 0x4c, 0x00 } },
    { 0x6a44, 1, { 0x7c, 0xd6, 0x7e, 0xee, 0xee, 0x7c, 0x4a, 0x00 } },
    { 0x6a47, 1, { 0x4c, 0xf8, 0x4e, 0xc0, 0xf6, 0x64, 0x76, 0x00 } },
    { 0x6a48, 1, { 0x48, 0xdc, 0x7e, 0xf6, 0xfe, 0x54, 0x66, 0x00 } },
    { 0x6a4b, 1, { 0x5c, 0xfe, 0x54, 0xea, 0xfe, 0x62, 0x6a, 0x00 } },
    { 0x6a58, 1, { 0x5c, 0xfe, 0x5a, 0xe8, 0xfe, 0x76, 0x6a, 0x00 } },
    { 0x6a59, 1, { 0x7a, 0xd4, 0x62, 0xdc, 0xd4, 0x48, 0x7e, 0x00 } },
    { 0x6a5f, 1, { 0x52, 0xe4, 0x52, 0xfc, 0xd6, 0x54, 0x6a, 0x00 } },
    { 0x6a61, 1, { 0x4c, 0xf4, 0x5c, 0xdc, 0xda, 0x6c, 0x5a, 0x00 } },
    { 0x6a62, 1, { 0x74, 0xde, 0x68, 0xde, 0xde, 0x6e, 0x4a, 0x00 } },
    { 0x6a66, 1, { 0x48, 0xfe, 0x54, 0xfe, 0xdc, 0x48, 0x7e, 0x00 } },
    { 0x6a72, 1, { 0x48, 0xfe, 0x5c, 0xd4, 0xfe, 0x54, 0x5c, 0x00 } },
    { 0x6a78, 1, { 0x5c, 0xd4, 0x5c, 0xf6, 0xf6, 0x76, 0x76, 0x00 } },
    { 0x6a7f, 1, { 0x5e, 0xec, 0x4c, 0xde, 0xcc, 0x4c, 0x5e, 0x00 } },
    { 0x6a80, 1, { 0x48, 0xfe, 0x76, 0xfe, 0xdc, 0x54, 0x7e, 0x00 } },
    { 0x6a84, 1, { 0x54, 0xf6, 0x7a, 0xfa, 0xda, 0x6c, 0x5a, 0x00 } },
    { 0x6a8d, 1, { 0x48, 0xfe, 0x54, 0xfe, 0xdc, 0x72, 0x6e, 0x00 } },
    { 0x6a8e, 1, { 0x48, 0xf6, 0x5c, 0xfe, 0xea, 0x6e, 0x7a, 0x00 } },
    { 0x6a90, 1, { 0x4c, 0xd4, 0x7e, 0xf6, 0xec, 0x7e, 0x4c, 0x00 } },
    { 0x6a97, 1, { 0x64, 0x6e, 0xca, 0x64, 0xfe, 0x38, 0xd6, 0x00 } },
    { 0x6a9c, 1, { 0x48, 0xd4, 0x7e, 0xea, 0xfe, 0x54, 0x5c, 0x00 } },
    { 0x6aa0, 1, { 0x56, 0xfa, 0x74, 0x9a, 0xfe, 0x38, 0xd6, 0x00 } },
    { 0x6aa2, 1, { 0x48, 0xd4, 0x7e, 0xea, 0xfe, 0x54, 0x6a, 0x00 } },
    { 0x6aa3, 1, { 0x48, 0xfe, 0x54, 0xea, 0xfe, 0x76, 0x7e, 0x00 } },
    { 0x6aaa, 1, { 0x6a, 0xd4, 0x76, 0xc8, 0xfe, 0x5c, 0x6a, 0x00 } },
    { 0x6aac, 1, { 0x54, 0xfe, 0x54, 0xfe, 0xda, 0x6c, 0x5a, 0x00 } },
    { 0x6aae, 1, { 0x48, 0xdc, 0x7e, 0xc8, 0xfe, 0x74, 0x4c, 0x00 } },
    { 0x6ab3, 1, { 0x48, 0xfe, 0x6a, 0xf4, 0xdc, 0x5c, 0x62, 0x00 } },
    { 0x6ab8, 1, { 0x48, 0xfe, 0x7a, 0xdc, 0xfe, 0x48, 0x58, 0x00 } },
    { 0x6abb, 1, { 0x74, 0xe6, 0x60, 0xf6, 0xc0, 0x5c, 0x7e, 0x00 } },
    { 0x6ac1, 1, { 0x48, 0xfe, 0x6a, 0xd4, 0xfc, 0x4a, 0x7e, 0x00 } },
    { 0x6ac2, 1, { 0x76, 0xd2, 0x40, 0xd4, 0xde, 0x74, 0x5e, 0x00 } },
    { 0x6ac3, 1, { 0x7e, 0xec, 0x7e, 0xec, 0xec, 0x72, 0x7e, 0x00 } },
    { 0x6ad1, 1, { 0x5c, 0xdc, 0x5c, 0xc0, 0xf6, 0x76, 0x76, 0x00 } },
    { 0x6ad3, 1, { 0x4c, 0xf4, 0x5c, 0xdc, 0xea, 0x5c, 0x5c, 0x00 } },
    { 0x6ada, 1, { 0x76, 0xf6, 0x6e, 0xea, 0xfe, 0x72, 0x7e, 0x00 } },
    { 0x6adb, 1, { 0x64, 0xf6, 0x52, 0xf6, 0xf6, 0x64, 0x74, 0x00 } },
    { 0x6ade, 1, { 0x52, 0xe6, 0x5e, 0xec, 0xd6, 0x7a, 0x56, 0x00 } },
    { 0x6adf, 1, { 0x5a, 0xec, 0x5a, 0xec, 0xfe, 0x5c, 0x6a, 0x00 } },
    { 0x6ae8, 1, { 0x44, 0xe6, 0x5c, 0xd6, 0xd0, 0x6c, 0x5e, 0x00 } },
    { 0x6aea, 1, { 0x7e, 0xf4, 0x7e, 0xf4, 0xe0, 0x54, 0x7e, 0x00 } },
    { 0x6afa, 1, { 0x5c, 0xfe, 0x6a, 0xc8, 0xc0, 0x6a, 0x6a, 0x00 } },
    { 0x6afb, 1, { 0x76, 0xf6, 0x6a, 0xd0, 0xfe, 0x54, 0x7a, 0x00 } },
    { 0x6b04, 1, { 0x76, 0xf6, 0x6a, 0xfe, 0xea, 0x7e, 0x6a, 0x00 } },
    { 0x6b05, 1, { 0x56, 0xea, 0x6e, 0xfe, 0xdc, 0x7e, 0x58, 0x00 } },
    { 0x6b0a, 1, { 0x54, 0xfe, 0x76, 0xd4, 0xde, 0x74, 0x5e, 0x00 } },
    { 0x6b12, 1, { 0x54, 0xb8, 0x54, 0xee, 0x7c, 0x38, 0xd6, 0x00 } },
    { 0x6b16, 1, { 0x74, 0xe6, 0x76, 0xdc, 0xdc, 0x5c, 0x66, 0x00 } },
    { 0x6b1d, 1, { 0x54, 0xee, 0x54, 0xfe, 0x76, 0x62, 0xf6, 0x00 } },
    { 0x6b1f, 1, { 0x6e, 0xfe, 0x6e, 0xd6, 0xfe, 0x74, 0x7a, 0x00 } },
    { 0x6b20, 1, { 0x40, 0x7e, 0x52, 0x90, 0x10, 0x28, 0xc6, 0x00 } },
    { 0x6b21, 1, { 0x90, 0x1e, 0x2a, 0x08, 0x88, 0x94, 0xa2, 0x00 } },
    { 0x6b23, 1, { 0x14, 0x66, 0x4a, 0x74, 0x54, 0x54, 0x9a, 0x00 } },
    { 0x6b27, 1, { 0xe8, 0x8e, 0xd6, 0xa4, 0xd4, 0x84, 0xea, 0x00 } },
    { 0x6b32, 1, { 0x54, 0x86, 0x2a, 0x54, 0x84, 0x74, 0x7a, 0x00 } },
    { 0x6b37, 1, { 0x54, 0x26, 0x5a, 0xf4, 0x24, 0x7c, 0xaa, 0x00 } },
    { 0x6b38, 1, { 0x44, 0x96, 0xfa, 0x44, 0xf4, 0x24, 0xda, 0x00 } },
    { 0x6b39, 1, { 0x24, 0xf6, 0x2a, 0x54, 0xf4, 0x14, 0x5a, 0x00 } },
    { 0x6b3a, 1, { 0x54, 0xfe, 0x52, 0x74, 0xfc, 0x04, 0x9a, 0x00 } },
    { 0x6b3d, 1, { 0x48, 0xae, 0xf6, 0x44, 0xe4, 0x64, 0xda, 0x00 } },
    { 0x6b3e, 1, { 0x48, 0xee, 0x56, 0xe4, 0x04, 0xe4, 0x5a, 0x00 } },
    { 0x6b43, 1, { 0x14, 0x66, 0xfa, 0x24, 0xf4, 0xb4, 0xfa, 0x00 } },
    { 0x6b47, 1, { 0x74, 0x56, 0x7a, 0x74, 0x94, 0xd4, 0x3a, 0x00 } },
    { 0x6b49, 1, { 0x54, 0xf6, 0x7a, 0x34, 0xf4, 0x74, 0xaa, 0x00 } },
    { 0x6b4c, 1, { 0xe8, 0x2e, 0xb6, 0xe4, 0x24, 0xa4, 0x7a, 0x00 } },
    { 0x6b4e, 1, { 0x54, 0xf6, 0x5a, 0xf4, 0xf4, 0x24, 0xda, 0x00 } },
    { 0x6b50, 1, { 0xf4, 0xb6, 0xba, 0x84, 0xdc, 0xdc, 0xfa, 0x00 } },
    { 0x6b53, 1, { 0x44, 0x76, 0xaa, 0x74, 0xe4, 0x64, 0x7a, 0x00 } },
    { 0x6b54, 1, { 0x24, 0x36, 0xea, 0xb4, 0xa4, 0xb4, 0xea, 0x00 } },
    { 0x6b59, 1, { 0x24, 0x56, 0xaa, 0xf4, 0x54, 0xf4, 0x5a, 0x00 } },
    { 0x6b5b, 1, { 0x24, 0x56, 0xfa, 0xac, 0xfc, 0x54, 0xaa, 0x00 } },
    { 0x6b5f, 1, { 0x54, 0xb6, 0xba, 0xb4, 0xf4, 0x04, 0x9a, 0x00 } },
    { 0x6b61, 1, { 0x54, 0xf6, 0xda, 0x64, 0x74, 0xe4, 0x7a, 0x00 } },
    { 0x6b62, 1, { 0x10, 0x10, 0x5c, 0x50, 0x50, 0x50, 0xfe, 0x00 } },
    { 0x6b63, 1, { 0xfe, 0x10, 0x10, 0x5c, 0x50, 0x50, 0xfe, 0x00 } },
    { 0x6b64, 1, { 0x28, 0x28, 0xba, 0xac, 0xa8, 0xba, 0xce, 0x00 } },
    { 0x6b66, 1, { 0x6a, 0x08, 0xfe, 0x14, 0x5c, 0x52, 0xfa, 0x00 } },
    { 0x6b69, 1, { 0x10, 0x5c, 0x50, 0xfe, 0x54, 0x9a, 0x70, 0x00 } },
    { 0x6b6a, 1, { 0xfe, 0x34, 0xd2, 0x7c, 0x1c, 0x50, 0xfe, 0x00 } },
    { 0x6b6f, 1, { 0x10, 0x5e, 0xfc, 0x76, 0x5a, 0x76, 0x7e, 0x00 } },
    { 0x6b73, 1, { 0x10, 0x5c, 0x50, 0xfe, 0x46, 0x74, 0xaa, 0x00 } },
    { 0x6b74, 1, { 0x7e, 0x54, 0x7e, 0x54, 0x46, 0x54, 0xbe, 0x00 } },
    { 0x6b78, 1, { 0x4c, 0xc6, 0xac, 0xfe, 0x76, 0xce, 0xea, 0x00 } },
    { 0x6b79, 1, { 0xfe, 0x10, 0x1c, 0x64, 0x18, 0x10, 0x60, 0x00 } },
    { 0x6b7b, 1, { 0xfe, 0x48, 0x6a, 0xac, 0x68, 0x4a, 0x8e, 0x00 } },
    { 0x6b7f, 1, { 0xee, 0x4a, 0x74, 0xae, 0x6a, 0x44, 0x9a, 0x00 } },
    { 0x6b80, 1, { 0xe2, 0x4c, 0x64, 0xbe, 0x64, 0x44, 0x9a, 0x00 } },
    { 0x6b83, 1, { 0xe4, 0x4e, 0x6a, 0xbe, 0x64, 0x44, 0x9a, 0x00 } },
    { 0x6b84, 1, { 0xe8, 0x54, 0x6a, 0xa4, 0x6a, 0x44, 0x98, 0x00 } },
    { 0x6b86, 1, { 0xe4, 0x44, 0x6a, 0xbe, 0x60, 0x4e, 0x8e, 0x00 } },
    { 0x6b89, 1, { 0xe8, 0x4e, 0x76, 0xbe, 0x76, 0x5e, 0x82, 0x00 } },
    { 0x6b8a, 1, { 0xf8, 0x5c, 0x68, 0xbe, 0x68, 0x5c, 0xaa, 0x00 } },
    { 0x6b8b, 1, { 0xea, 0x5e, 0x68, 0xbc, 0x6a, 0x44, 0x9a, 0x00 } },
    { 0x6b8d, 1, { 0xec, 0x5a, 0x60, 0xac, 0x64, 0x5e, 0x88, 0x00 } },
    { 0x6b95, 1, { 0xe4, 0x5e, 0x6a, 0xbe, 0x60, 0x4e, 0x8e, 0x00 } },
    { 0x6b96, 1, { 0xe4, 0x5e, 0x64, 0xb6, 0x76, 0x50, 0x9e, 0x00 } },
    { 0x6b98, 1, { 0xea, 0x5e, 0x64, 0xaa, 0x7e, 0x44, 0x9a, 0x00 } },
    { 0x6b9e, 1, { 0xec, 0x4c, 0x7e, 0xb2, 0x7e, 0x40, 0x92, 0x00 } },
    { 0x6ba4, 1, { 0xf0, 0x5e, 0x6c, 0xac, 0x6e, 0x56, 0x8a, 0x00 } },
    { 0x6baa, 1, { 0xe4, 0x5e, 0x64, 0xbe, 0x72, 0x4c, 0x9e, 0x00 } },
    { 0x6bab, 1, { 0xfa, 0x5a, 0x6c, 0xac, 0x6c, 0x5e, 0x84, 0x00 } },
    { 0x6baf, 1, { 0xe8, 0x7e, 0x6a, 0xb4, 0x7c, 0x5c, 0xa2, 0x00 } },
    { 0x6bb1, 1, { 0xf6, 0x54, 0x7e, 0xb4, 0x7e, 0x54, 0xba, 0x00 } },
    { 0x6bb2, 1, { 0xee, 0x54, 0x7e, 0xb4, 0x7e, 0x54, 0xba, 0x00 } },
    { 0x6bb3, 1, { 0x38, 0x2a, 0xce, 0x78, 0x28, 0x10, 0xee, 0x00 } },
    { 0x6bb4, 1, { 0xee, 0x8a, 0xd0, 0xae, 0xda, 0x84, 0xea, 0x00 } },
    { 0x6bb5, 1, { 0x2e, 0x4a, 0x60, 0x4e, 0x6a, 0xc4, 0x5a, 0x00 } },
    { 0x6bb7, 1, { 0x2e, 0xca, 0xe0, 0xee, 0x8a, 0xe4, 0xaa, 0x00 } },
    { 0x6bba, 1, { 0x5e, 0x2a, 0xd0, 0x2e, 0xfa, 0x74, 0xaa, 0x00 } },
    { 0x6bbb, 1, { 0x4e, 0xea, 0x40, 0xfe, 0x9a, 0x64, 0xba, 0x00 } },
    { 0x6bbc, 1, { 0x4e, 0xfa, 0x60, 0x9e, 0xfa, 0x64, 0xba, 0x00 } },
    { 0x6bbf, 1, { 0x7e, 0x4a, 0x70, 0x6e, 0x7a, 0x44, 0xaa, 0x00 } },
    { 0x6bc0, 1, { 0x4e, 0xba, 0x90, 0xfe, 0x6a, 0x34, 0xca, 0x00 } },
    { 0x6bc5, 1, { 0x2e, 0xfa, 0x50, 0xfe, 0x6a, 0xb4, 0x6a, 0x00 } },
    { 0x6bc6, 1, { 0xfe, 0xba, 0xb0, 0x8e, 0xda, 0xd4, 0xfa, 0x00 } },
    { 0x6bcb, 1, { 0x3c, 0x34, 0x34, 0xfe, 0x54, 0x7e, 0x0c, 0x00 } },
    { 0x6bcd, 1, { 0x3c, 0x34, 0x24, 0xfe, 0x54, 0x7e, 0x0c, 0x00 } },
    { 0x6bce, 1, { 0x40, 0x7e, 0xb4, 0xfe, 0x54, 0x7e, 0x0c, 0x00 } },
    { 0x6bd2, 1, { 0x10, 0x7c, 0x10, 0xfe, 0x54, 0xfe, 0x7c, 0x00 } },
    { 0x6bd3, 1, { 0x84, 0xfe, 0x68, 0x6e, 0xb0, 0xea, 0x2a, 0x00 } },
    { 0x6bd4, 1, { 0x48, 0x48, 0x7a, 0x4c, 0x48, 0x7a, 0xce, 0x00 } },
    { 0x6bd8, 1, { 0x7c, 0x54, 0x7c, 0x48, 0x6e, 0x48, 0xee, 0x00 } },
    { 0x6bdb, 1, { 0x0c, 0x70, 0x1e, 0xf0, 0x1e, 0xf0, 0x1e, 0x00 } },
    { 0x6bdf, 1, { 0x10, 0x54, 0x9a, 0x70, 0x1c, 0xf2, 0x1e, 0x00 } },
    { 0x6beb, 1, { 0x10, 0xfe, 0x44, 0xfe, 0xba, 0x7c, 0x1e, 0x00 } },
    { 0x6bec, 1, { 0x24, 0xde, 0x64, 0xd6, 0x6c, 0xd6, 0x7e, 0x00 } },
    { 0x6bef, 1, { 0x24, 0xd6, 0x64, 0xda, 0x64, 0xda, 0x7e, 0x00 } },
    { 0x6bf3, 1, { 0x38, 0x1e, 0xf0, 0x1c, 0x66, 0xcc, 0x66, 0x00 } },
    { 0x6c08, 1, { 0x22, 0xfc, 0xd6, 0xfc, 0x66, 0x74, 0xe6, 0x00 } },
    { 0x6c0f, 1, { 0x0c, 0x70, 0x50, 0x7e, 0x48, 0x44, 0xe2, 0x00 } },
    { 0x6c11, 1, { 0x7c, 0x44, 0x7c, 0x50, 0x7e, 0x48, 0xe6, 0x00 } },
    { 0x6c13, 1, { 0x5e, 0xf2, 0x9e, 0x94, 0x9e, 0x74, 0x1a, 0x00 } },
    { 0x6c14, 1, { 0x40, 0x7e, 0xb8, 0x7c, 0x04, 0x04, 0x02, 0x00 } },
    { 0x6c17, 1, { 0x40, 0x7e, 0xb8, 0x7c, 0x54, 0x24, 0xd2, 0x00 } },
    { 0x6c1b, 1, { 0x40, 0x7e, 0xb8, 0x7c, 0x8c, 0x34, 0x52, 0x00 } },
    { 0x6c23, 1, { 0x40, 0x7e, 0xb8, 0x7c, 0xac, 0x74, 0xaa, 0x00 } },
    { 0x6c24, 1, { 0x40, 0x7e, 0xb8, 0xfc, 0x5c, 0x6c, 0x7a, 0x00 } },
    { 0x6c34, 1, { 0x10, 0x12, 0xf4, 0x38, 0x54, 0x92, 0x30, 0x00 } },
    { 0x6c37, 1, { 0x50, 0x12, 0xf4, 0x38, 0x54, 0x92, 0x30, 0x00 } },
    { 0x6c38, 1, { 0x30, 0x00, 0x32, 0xd4, 0x58, 0x94, 0x32, 0x00 } },
    { 0x6c3e, 1, { 0xbc, 0x24, 0xa4, 0x2c, 0xa0, 0xa2, 0x9e, 0x00 } },
    { 0x6c40, 1, { 0xbe, 0x08, 0x88, 0x08, 0x88, 0x88, 0x98, 0x00 } },
    { 0x6c41, 1, { 0x88, 0x08, 0xbe, 0x08, 0x88, 0x88, 0x88, 0x00 } },
    { 0x6c42, 1, { 0x14, 0xfe, 0x10, 0x54, 0x38, 0xd4, 0x32, 0x00 } },
    { 0x6c4e, 1, { 0xbc, 0x24, 0xb4, 0x2c, 0xa4, 0xa4, 0xc6, 0x00 } },
    { 0x6c50, 1, { 0x88, 0x0e, 0x92, 0x2a, 0x84, 0x88, 0xb0, 0x00 } },
    { 0x6c55, 1, { 0x88, 0x08, 0xaa, 0x2a, 0xaa, 0xaa, 0xbe, 0x00 } },
    { 0x6c57, 1, { 0x9c, 0x08, 0x88, 0x3e, 0x88, 0x88, 0x88, 0x00 } },
    { 0x6c5a, 1, { 0xbe, 0x10, 0xbe, 0x10, 0x9e, 0x82, 0x86, 0x00 } },
    { 0x6c5d, 1, { 0x88, 0x08, 0xbe, 0x14, 0x98, 0x8c, 0xb2, 0x00 } },
    { 0x6c5e, 1, { 0x7c, 0x10, 0xfe, 0x10, 0xda, 0x54, 0xb2, 0x00 } },
    { 0x6c5f, 1, { 0x80, 0x3e, 0x88, 0x08, 0x88, 0x88, 0xbe, 0x00 } },
    { 0x6c60, 1, { 0x84, 0x14, 0x9e, 0x36, 0x94, 0x92, 0x9e, 0x00 } },
    { 0x6c62, 1, { 0x88, 0x08, 0x9c, 0x08, 0x88, 0x88, 0xbe, 0x00 } },
    { 0x6c68, 1, { 0xbe, 0x22, 0xa2, 0x3e, 0xa2, 0xa2, 0xbe, 0x00 } },
    { 0x6c6a, 1, { 0xbe, 0x08, 0x88, 0x1c, 0x88, 0x88, 0xbe, 0x00 } },
    { 0x6c70, 1, { 0x88, 0x3e, 0x88, 0x14, 0x94, 0xa2, 0xaa, 0x00 } },
    { 0x6c72, 1, { 0xbc, 0x14, 0x96, 0x12, 0xaa, 0xa4, 0xda, 0x00 } },
    { 0x6c73, 1, { 0xbe, 0x20, 0xbe, 0x2a, 0xaa, 0xa4, 0xda, 0x00 } },
    { 0x6c7a, 1, { 0x88, 0x1c, 0x8c, 0x3e, 0x88, 0x88, 0xb6, 0x00 } },
    { 0x6c7d, 1, { 0xa0, 0x3e, 0xd8, 0x3c, 0x84, 0x84, 0x82, 0x00 } },
    { 0x6c7e, 1, { 0x94, 0x14, 0xa2, 0x1c, 0x94, 0x94, 0xac, 0x00 } },
    { 0x6c81, 1, { 0x90, 0x08, 0x90, 0x34, 0xb2, 0xd4, 0x9c, 0x00 } },
    { 0x6c82, 1, { 0x84, 0x38, 0xa0, 0x3e, 0xa4, 0xa4, 0xc4, 0x00 } },
    { 0x6c83, 1, { 0x84, 0x18, 0x88, 0x3e, 0x88, 0x88, 0xb6, 0x00 } },
    { 0x6c88, 1, { 0x88, 0x3e, 0xaa, 0x0c, 0x8c, 0x94, 0xa6, 0x00 } },
    { 0x6c8c, 1, { 0x88, 0x3e, 0x88, 0x2a, 0xbe, 0x88, 0x8e, 0x00 } },
    { 0x6c8d, 1, { 0xbe, 0x08, 0x8e, 0x12, 0x9c, 0x84, 0xbe, 0x00 } },
    { 0x6c90, 1, { 0x88, 0x3e, 0x88, 0x1c, 0x9c, 0xaa, 0x88, 0x00 } },
    { 0x6c92, 1, { 0x9e, 0x12, 0xa6, 0x1c, 0x94, 0x88, 0xb6, 0x00 } },
    { 0x6c93, 1, { 0x10, 0xf4, 0x38, 0xd6, 0x7c, 0x44, 0x7c, 0x00 } },
    { 0x6c96, 1, { 0x88, 0x3e, 0xaa, 0x2a, 0xbe, 0x88, 0x88, 0x00 } },
    { 0x6c99, 1, { 0x88, 0x1c, 0x9a, 0x28, 0x8a, 0x84, 0x98, 0x00 } },
    { 0x6c9a, 1, { 0x88, 0x08, 0xac, 0x28, 0xa8, 0xa8, 0xfe, 0x00 } },
    { 0x6c9b, 1, { 0x88, 0x3e, 0x88, 0x3e, 0xaa, 0xaa, 0x88, 0x00 } },
    { 0x6ca1, 1, { 0x9c, 0x14, 0xa6, 0x1c, 0x94, 0x88, 0xb6, 0x00 } },
    { 0x6ca2, 1, { 0xbe, 0x22, 0xbe, 0x28, 0xa8, 0xa4, 0xc2, 0x00 } },
    { 0x6cab, 1, { 0x88, 0x3e, 0x88, 0x1c, 0x88, 0x9c, 0xaa, 0x00 } },
    { 0x6cae, 1, { 0xbc, 0x24, 0xbc, 0x24, 0xbc, 0xa4, 0xfe, 0x00 } },
    { 0x6cb1, 1, { 0x88, 0x3e, 0xa2, 0x14, 0x98, 0x92, 0x9e, 0x00 } },
    { 0x6cb3, 1, { 0xbe, 0x02, 0xba, 0x2a, 0xba, 0x82, 0x86, 0x00 } },
    { 0x6cb8, 1, { 0x94, 0x3e, 0x9e, 0x34, 0xbe, 0x96, 0xa4, 0x00 } },
    { 0x6cb9, 1, { 0x88, 0x3e, 0xaa, 0x3e, 0xaa, 0xaa, 0xbe, 0x00 } },
    { 0x6cba, 1, { 0xbe, 0x2a, 0xaa, 0x3e, 0xaa, 0xaa, 0xbe, 0x00 } },
    { 0x6cbb, 1, { 0x88, 0x08, 0x94, 0x3a, 0x80, 0x9c, 0x9c, 0x00 } },
    { 0x6cbc, 1, { 0xbe, 0x0a, 0x92, 0x26, 0x9e, 0x92, 0x9e, 0x00 } },
    { 0x6cbd, 1, { 0x88, 0x08, 0xbe, 0x08, 0x9c, 0x94, 0x9c, 0x00 } },
    { 0x6cbe, 1, { 0x88, 0x08, 0x8e, 0x08, 0xbe, 0xa2, 0xbe, 0x00 } },
    { 0x6cbf, 1, { 0x94, 0x14, 0x94, 0x22, 0x9c, 0x94, 0x9c, 0x00 } },
    { 0x6cc1, 1, { 0xbe, 0x22, 0xa2, 0x3e, 0x94, 0x94, 0xa6, 0x00 } },
    { 0x6cc4, 1, { 0xaa, 0x2a, 0xbe, 0x2a, 0xae, 0xa0, 0xbe, 0x00 } },
    { 0x6cc5, 1, { 0xbe, 0x22, 0xaa, 0x2a, 0xb6, 0xa2, 0xbe, 0x00 } },
    { 0x6cc9, 1, { 0x10, 0x7c, 0x44, 0x7c, 0xda, 0x54, 0xb2, 0x00 } },
    { 0x6cca, 1, { 0x88, 0x3e, 0xa2, 0x3e, 0xa2, 0xa2, 0xbe, 0x00 } },
    { 0x6ccc, 1, { 0x90, 0x0a, 0x92, 0x34, 0xba, 0x90, 0xae, 0x00 } },
    { 0x6cd3, 1, { 0xb4, 0x14, 0xb4, 0x24, 0xb8, 0x9a, 0xbe, 0x00 } },
    { 0x6cd5, 1, { 0x88, 0x1c, 0x88, 0x3e, 0x88, 0x94, 0xba, 0x00 } },
    { 0x6cd7, 1, { 0xbe, 0x36, 0xb6, 0x36, 0xa2, 0xa2, 0xbe, 0x00 } },
    { 0x6cd9, 1, { 0xbe, 0x1c, 0xaa, 0x08, 0xbe, 0x88, 0x88, 0x00 } },
    { 0x6cdb, 1, { 0xbc, 0x08, 0xbc, 0x04, 0xa8, 0xb0, 0xce, 0x00 } },
    { 0x6cdd, 1, { 0x84, 0x38, 0xa0, 0x3e, 0xac, 0xa6, 0xc4, 0x00 } },
    { 0x6ce1, 1, { 0x90, 0x1e, 0xba, 0x0a, 0x9a, 0x90, 0x9e, 0x00 } },
    { 0x6ce2, 1, { 0x88, 0x3e, 0xaa, 0x3c, 0xb4, 0xc8, 0xb6, 0x00 } },
    { 0x6ce3, 1, { 0x88, 0x3e, 0x94, 0x14, 0x94, 0x98, 0xbe, 0x00 } },
    { 0x6ce5, 1, { 0xbe, 0x22, 0xbe, 0x28, 0xae, 0xa8, 0xce, 0x00 } },
    { 0x6ce8, 1, { 0x90, 0x08, 0xbe, 0x08, 0x9c, 0x88, 0xbe, 0x00 } },
    { 0x6cea, 1, { 0xbe, 0x22, 0xbe, 0x22, 0xbe, 0xa2, 0xbe, 0x00 } },
    { 0x6cef, 1, { 0xbe, 0x22, 0xbe, 0x28, 0xbe, 0xa4, 0xb2, 0x00 } },
    { 0x6cf0, 1, { 0x10, 0x7c, 0x38, 0xee, 0x54, 0x38, 0xd6, 0x00 } },
    { 0x6cf1, 1, { 0x88, 0x1c, 0x94, 0x3e, 0x88, 0x88, 0xb6, 0x00 } },
    { 0x6cf3, 1, { 0x98, 0x00, 0x98, 0x6a, 0xac, 0xca, 0x98, 0x00 } },
    { 0x6d0b, 1, { 0x94, 0x3e, 0x88, 0x1c, 0x88, 0xbe, 0x88, 0x00 } },
    { 0x6d0c, 1, { 0xba, 0x16, 0x9e, 0x2e, 0x9a, 0x92, 0xa6, 0x00 } },
    { 0x6d12, 1, { 0xbe, 0x14, 0xbe, 0x36, 0xb6, 0xa2, 0xbe, 0x00 } },
    { 0x6d17, 1, { 0x98, 0x1e, 0xa8, 0x3e, 0x94, 0x94, 0xa6, 0x00 } },
    { 0x6d19, 1, { 0x98, 0x1c, 0xa8, 0x3e, 0x88, 0x9c, 0xaa, 0x00 } },
    { 0x6d1b, 1, { 0x8c, 0x14, 0x88, 0x14, 0xa2, 0x9c, 0x9c, 0x00 } },
    { 0x6d1e, 1, { 0xbe, 0x22, 0xba, 0x22, 0xba, 0xba, 0xa6, 0x00 } },
    { 0x6d1f, 1, { 0x88, 0x7e, 0xbc, 0x28, 0xbe, 0x8a, 0xb6, 0x00 } },
    { 0x6d25, 1, { 0x88, 0x3c, 0x8e, 0x3c, 0x88, 0xbe, 0x88, 0x00 } },
    { 0x6d29, 1, { 0x88, 0x3c, 0xac, 0x3c, 0x8a, 0x84, 0xba, 0x00 } },
    { 0x6d2a, 1, { 0x94, 0x3e, 0x94, 0x14, 0xbe, 0x80, 0xa2, 0x00 } },
    { 0x6d2b, 1, { 0x90, 0x3c, 0xac, 0x2c, 0xac, 0xac, 0xfe, 0x00 } },
    { 0x6d32, 1, { 0xaa, 0x2a, 0xfe, 0x7e, 0xaa, 0xaa, 0xca, 0x00 } },
    { 0x6d33, 1, { 0xa0, 0x2e, 0xfa, 0x5a, 0xea, 0xba, 0xce, 0x00 } },
    { 0x6d35, 1, { 0x90, 0x1e, 0xb6, 0x1e, 0x96, 0x9e, 0x82, 0x00 } },
    { 0x6d36, 1, { 0x90, 0x1e, 0xb6, 0x0a, 0x96, 0x9e, 0x82, 0x00 } },
    { 0x6d38, 1, { 0x88, 0x2a, 0x88, 0x3e, 0x94, 0x94, 0xa6, 0x00 } },
    { 0x6d3b, 1, { 0x84, 0x18, 0xbe, 0x08, 0x9c, 0x94, 0x9c, 0x00 } },
    { 0x6d3d, 1, { 0x88, 0x14, 0xae, 0x00, 0x9c, 0x94, 0x9c, 0x00 } },
    { 0x6d3e, 1, { 0x84, 0x38, 0xa6, 0x38, 0xb6, 0xb4, 0xd2, 0x00 } },
    { 0x6d41, 1, { 0x88, 0x3e, 0x94, 0x3a, 0x98, 0x9a, 0xaa, 0x00 } },
    { 0x6d44, 1, { 0x8c, 0x34, 0x9e, 0x7e, 0x8a, 0xbe, 0x98, 0x00 } },
    { 0x6d45, 1, { 0x8a, 0x3e, 0x88, 0x3c, 0x8a, 0x84, 0xba, 0x00 } },
    { 0x6d59, 1, { 0x92, 0x3c, 0x98, 0x1e, 0xba, 0x9a, 0xb2, 0x00 } },
    { 0x6d5a, 1, { 0x92, 0x3e, 0x94, 0x26, 0x9c, 0xa8, 0x96, 0x00 } },
    { 0x6d5c, 1, { 0x84, 0x18, 0x9e, 0x14, 0xbe, 0x80, 0xa2, 0x00 } },
    { 0x6d63, 1, { 0x88, 0x3e, 0xae, 0x00, 0xbe, 0x94, 0xa6, 0x00 } },
    { 0x6d64, 1, { 0x88, 0x3e, 0xaa, 0x1e, 0xa8, 0x92, 0xbe, 0x00 } },
    { 0x6d66, 1, { 0x8a, 0x3e, 0x88, 0x3e, 0xaa, 0xbe, 0xaa, 0x00 } },
    { 0x6d69, 1, { 0x98, 0x1c, 0xa8, 0x3e, 0x80, 0x9c, 0x9c, 0x00 } },
    { 0x6d6a, 1, { 0x88, 0x3c, 0xa4, 0x3c, 0xaa, 0xa4, 0xb2, 0x00 } },
    { 0x6d6c, 1, { 0xbe, 0x2a, 0xbe, 0x2a, 0xbe, 0x88, 0xbe, 0x00 } },
    { 0x6d6e, 1, { 0x8e, 0x34, 0x80, 0x1c, 0x84, 0xbe, 0x88, 0x00 } },
    { 0x6d74, 1, { 0x94, 0x22, 0x88, 0x14, 0xa2, 0x9c, 0x9c, 0x00 } },
    { 0x6d77, 1, { 0xa0, 0x3e, 0x9c, 0x7e, 0xb4, 0xbe, 0x8c, 0x00 } },
    { 0x6d78, 1, { 0x9c, 0x04, 0x9c, 0x3e, 0xb6, 0x88, 0xb6, 0x00 } },
    { 0x6d79, 1, { 0x88, 0x3e, 0x9c, 0x1c, 0xaa, 0x88, 0xb6, 0x00 } },
    { 0x6d85, 1, { 0xbe, 0x22, 0xbe, 0x08, 0x9c, 0x88, 0xbe, 0x00 } },
    { 0x6d88, 1, { 0xaa, 0x08, 0xbe, 0x22, 0xbe, 0xa2, 0xa6, 0x00 } },
    { 0x6d8c, 1, { 0xbe, 0x04, 0xbe, 0x2a, 0xbe, 0xaa, 0xaa, 0x00 } },
    { 0x6d8e, 1, { 0xb2, 0x1c, 0xa6, 0x14, 0xbe, 0x90, 0xae, 0x00 } },
    { 0x6d93, 1, { 0x9c, 0x1c, 0x80, 0x3e, 0xa2, 0xbe, 0xa2, 0x00 } },
    { 0x6d95, 1, { 0x94, 0x3e, 0x8a, 0x3e, 0xa8, 0x9e, 0xaa, 0x00 } },
    { 0x6d99, 1, { 0xbe, 0x12, 0x9e, 0x14, 0x9e, 0xa4, 0x9a, 0x00 } },
    { 0x6d9b, 1, { 0x88, 0x1c, 0xbe, 0x14, 0xfe, 0xa4, 0xd4, 0x00 } },
    { 0x6d9c, 1, { 0x88, 0x3e, 0x88, 0x3e, 0xa2, 0x94, 0xa6, 0x00 } },
    { 0x6daf, 1, { 0xbe, 0x24, 0xae, 0x24, 0xae, 0xa4, 0xde, 0x00 } },
    { 0x6db2, 1, { 0x88, 0x3e, 0x90, 0x16, 0xba, 0x94, 0x9a, 0x00 } },
    { 0x6db5, 1, { 0xbe, 0x18, 0xaa, 0x3e, 0xbe, 0xaa, 0xbe, 0x00 } },
    { 0x6db8, 1, { 0xbe, 0x2a, 0xbe, 0x2a, 0xb6, 0xbe, 0xbe, 0x00 } },
    { 0x6dbc, 1, { 0x88, 0x3e, 0x94, 0x1c, 0x88, 0xaa, 0x98, 0x00 } },
    { 0x6dc0, 1, { 0x84, 0x3e, 0xae, 0x04, 0x96, 0x94, 0xae, 0x00 } },
    { 0x6dc5, 1, { 0x92, 0x3c, 0x98, 0x3e, 0xba, 0x9a, 0x92, 0x00 } },
    { 0x6dc6, 1, { 0xb4, 0x08, 0x94, 0x7e, 0xb4, 0xdc, 0x94, 0x00 } },
    { 0x6dc7, 1, { 0x94, 0x3e, 0x94, 0x1c, 0xbe, 0x80, 0xa2, 0x00 } },
    { 0x6dcb, 1, { 0x94, 0x7e, 0x94, 0x3c, 0xbe, 0xd4, 0x94, 0x00 } },
    { 0x6dcc, 1, { 0x94, 0x2a, 0x88, 0x3e, 0xa2, 0xae, 0xae, 0x00 } },
    { 0x6dd1, 1, { 0xae, 0x32, 0xaa, 0x7a, 0xa4, 0xf4, 0xaa, 0x00 } },
    { 0x6dd2, 1, { 0x88, 0x3e, 0x8c, 0x1c, 0xbe, 0x94, 0xba, 0x00 } },
    { 0x6dd5, 1, { 0x88, 0x1c, 0xbe, 0x14, 0xa6, 0x88, 0xbe, 0x00 } },
    { 0x6dd8, 1, { 0x90, 0x1e, 0xaa, 0x1e, 0x8a, 0xae, 0xbe, 0x00 } },
    { 0x6dd9, 1, { 0x88, 0x3e, 0xae, 0x00, 0xbe, 0x88, 0xaa, 0x00 } },
    { 0x6dde, 1, { 0xaa, 0x7a, 0xa0, 0x74, 0xe4, 0xaa, 0xae, 0x00 } },
    { 0x6de1, 1, { 0xaa, 0x14, 0xa2, 0x08, 0xaa, 0x94, 0xa2, 0x00 } },
    { 0x6de4, 1, { 0x94, 0x7a, 0xa0, 0x3c, 0xaa, 0xcc, 0x9a, 0x00 } },
    { 0x6de6, 1, { 0x88, 0x14, 0xbe, 0x08, 0xbe, 0x9c, 0xbe, 0x00 } },
    { 0x6de8, 1, { 0x9c, 0x2a, 0x9c, 0x0c, 0xbe, 0x8c, 0x98, 0x00 } },
    { 0x6dea, 1, { 0x88, 0x14, 0xae, 0x00, 0xbe, 0xbe, 0xaa, 0x00 } },
    { 0x6deb, 1, { 0x86, 0x38, 0xaa, 0x00, 0xbe, 0x88, 0xbe, 0x00 } },
    { 0x6dec, 1, { 0x88, 0x3e, 0x94, 0x14, 0xaa, 0xbe, 0x88, 0x00 } },
    { 0x6dee, 1, { 0x94, 0x1e, 0xb4, 0x1e, 0x94, 0x94, 0x9e, 0x00 } },
    { 0x6df1, 1, { 0xbe, 0x22, 0x94, 0x26, 0xbe, 0x9c, 0xaa, 0x00 } },
    { 0x6df3, 1, { 0x88, 0x3e, 0x94, 0x1c, 0x84, 0xbe, 0x88, 0x00 } },
    { 0x6df5, 1, { 0xaa, 0x2a, 0xbe, 0x22, 0xbe, 0xaa, 0xca, 0x00 } },
    { 0x6df7, 1, { 0xbe, 0x22, 0xbe, 0x24, 0xb6, 0xa4, 0xb6, 0x00 } },
    { 0x6df9, 1, { 0x88, 0x3e, 0x94, 0x2a, 0x9c, 0x9c, 0x86, 0x00 } },
    { 0x6dfa, 1, { 0x8a, 0x3e, 0x84, 0x1a, 0xbe, 0x84, 0x9a, 0x00 } },
    { 0x6dfb, 1, { 0x84, 0x18, 0xbe, 0x14, 0xa2, 0x88, 0xaa, 0x00 } },
    { 0x6e05, 1, { 0x88, 0x1c, 0x88, 0x3e, 0x94, 0x9c, 0x94, 0x00 } },
    { 0x6e07, 1, { 0x9c, 0x14, 0x9c, 0x1e, 0xb2, 0x9a, 0x86, 0x00 } },
    { 0x6e08, 1, { 0x88, 0x3e, 0x94, 0x08, 0xb6, 0x9c, 0xa4, 0x00 } },
    { 0x6e09, 1, { 0x88, 0x2c, 0xa8, 0x7e, 0xaa, 0x8c, 0xb8, 0x00 } },
    { 0x6e0a, 1, { 0xaa, 0x3e, 0xaa, 0x3e, 0xaa, 0xbe, 0xca, 0x00 } },
    { 0x6e0b, 1, { 0x84, 0x16, 0x94, 0x3e, 0xa2, 0x94, 0xa2, 0x00 } },
    { 0x6e13, 1, { 0x86, 0x38, 0xaa, 0x1c, 0xbe, 0x88, 0xb6, 0x00 } },
    { 0x6e15, 1, { 0xaa, 0x06, 0xbe, 0x16, 0xba, 0x92, 0xaa, 0x00 } },
    { 0x6e19, 1, { 0x9c, 0x24, 0x9c, 0x1c, 0xbe, 0x88, 0xb6, 0x00 } },
    { 0x6e1a, 1, { 0x8a, 0x1c, 0x88, 0x3e, 0x90, 0xae, 0x8e, 0x00 } },
    { 0x6e1b, 1, { 0x84, 0x3e, 0xa4, 0x3c, 0xa6, 0xbc, 0xda, 0x00 } },
    { 0x6e1d, 1, { 0xb8, 0x14, 0xae, 0x00, 0xba, 0xbc, 0xaa, 0x00 } },
    { 0x6e1f, 1, { 0x88, 0x3e, 0x94, 0x7e, 0xde, 0x88, 0x98, 0x00 } },
    { 0x6e20, 1, { 0xbe, 0x3c, 0xa4, 0x3e, 0xfe, 0x38, 0xd6, 0x00 } },
    { 0x6e21, 1, { 0x88, 0x3e, 0xac, 0x3e, 0xaa, 0xa4, 0xda, 0x00 } },
    { 0x6e23, 1, { 0x88, 0x3e, 0x9c, 0x2a, 0x9c, 0x9c, 0xbe, 0x00 } },
    { 0x6e24, 1, { 0x94, 0x3e, 0xfe, 0x4e, 0x96, 0xba, 0x92, 0x00 } },
    { 0x6e25, 1, { 0xbe, 0x22, 0xbe, 0x34, 0xba, 0xc8, 0xbe, 0x00 } },
    { 0x6e26, 1, { 0x9c, 0x14, 0x94, 0x3e, 0xa2, 0xba, 0xba, 0x00 } },
    { 0x6e29, 1, { 0xbc, 0x24, 0xbc, 0x00, 0xbc, 0xac, 0xfe, 0x00 } },
    { 0x6e2b, 1, { 0xaa, 0x3e, 0xae, 0x20, 0xbe, 0x9c, 0xaa, 0x00 } },
    { 0x6e2c, 1, { 0xba, 0x2e, 0xbe, 0x2e, 0xba, 0x82, 0xaa, 0x00 } },
    { 0x6e2d, 1, { 0xbe, 0x2a, 0xbe, 0x3e, 0x94, 0x9c, 0x94, 0x00 } },
    { 0x6e2e, 1, { 0x94, 0x3e, 0x94, 0x3e, 0x82, 0x9a, 0x9a, 0x00 } },
    { 0x6e2f, 1, { 0x94, 0x3e, 0x94, 0x7e, 0xaa, 0xd0, 0x9c, 0x00 } },
    { 0x6e38, 1, { 0xa8, 0x7e, 0xae, 0x32, 0xd4, 0x9e, 0xb4, 0x00 } },
    { 0x6e3a, 1, { 0xba, 0x2e, 0xbe, 0x2a, 0xb8, 0xaa, 0xbc, 0x00 } },
    { 0x6e3e, 1, { 0xbe, 0x2a, 0xbe, 0x1c, 0x9c, 0xbe, 0x88, 0x00 } },
    { 0x6e43, 1, { 0x8e, 0x34, 0x9e, 0x34, 0x9e, 0x94, 0xa4, 0x00 } },
    { 0x6e4a, 1, { 0x88, 0x3e, 0x9c, 0x7e, 0xaa, 0xc8, 0x94, 0x00 } },
    { 0x6e4d, 1, { 0xaa, 0x3e, 0x80, 0x3e, 0x90, 0xbe, 0xaa, 0x00 } },
    { 0x6e4e, 1, { 0xbe, 0x08, 0xbe, 0x36, 0xbe, 0xb6, 0xbe, 0x00 } },
    { 0x6e56, 1, { 0xae, 0x7a, 0xae, 0x7a, 0xde, 0xfa, 0x8a, 0x00 } },
    { 0x6e58, 1, { 0xae, 0x7a, 0xae, 0x7a, 0xee, 0xaa, 0xae, 0x00 } },
    { 0x6e5b, 1, { 0x94, 0x3e, 0x94, 0x14, 0xbe, 0xa8, 0xbe, 0x00 } },
    { 0x6e5f, 1, { 0x88, 0x1c, 0x94, 0x1c, 0xbe, 0x88, 0xbe, 0x00 } },
    { 0x6e67, 1, { 0x9e, 0x04, 0x9e, 0x1a, 0xbe, 0x8a, 0xb6, 0x00 } },
    { 0x6e6b, 1, { 0xb4, 0x14, 0xbe, 0x1c, 0xb4, 0xb4, 0x9a, 0x00 } },
    { 0x6e6e, 1, { 0xbe, 0x14, 0xbe, 0x36, 0xbe, 0x88, 0xbe, 0x00 } },
    { 0x6e6f, 1, { 0x9c, 0x14, 0xbe, 0x10, 0x9e, 0xaa, 0x96, 0x00 } },
    { 0x6e72, 1, { 0x9c, 0x2a, 0x80, 0x1e, 0x8a, 0x94, 0xaa, 0x00 } },
    { 0x6e76, 1, { 0x88, 0x1c, 0x94, 0x1c, 0xba, 0x9c, 0xaa, 0x00 } },
    { 0x6e7e, 1, { 0x88, 0x3e, 0x94, 0x36, 0x9c, 0x9e, 0x82, 0x00 } },
    { 0x6e7f, 1, { 0xbe, 0x22, 0xbe, 0x14, 0xb6, 0x94, 0xbe, 0x00 } },
    { 0x6e80, 1, { 0x94, 0x3e, 0x94, 0x7e, 0xaa, 0xbe, 0xa2, 0x00 } },
    { 0x6e82, 1, { 0x92, 0x7e, 0xb6, 0x3e, 0x92, 0xba, 0xd6, 0x00 } },
    { 0x6e8c, 1, { 0xba, 0x14, 0xa2, 0x1c, 0xbe, 0x94, 0xa6, 0x00 } },
    { 0x6e8f, 1, { 0x88, 0x3e, 0xac, 0x26, 0xbc, 0xaa, 0xce, 0x00 } },
    { 0x6e90, 1, { 0xbe, 0x24, 0xae, 0x2e, 0xa4, 0xb6, 0xcc, 0x00 } },
    { 0x6e96, 1, { 0x94, 0x1e, 0xb4, 0x1e, 0x90, 0xfe, 0x10, 0x00 } },
    { 0x6e98, 1, { 0x88, 0x1c, 0xbe, 0x14, 0xba, 0x9c, 0xbe, 0x00 } },
    { 0x6e9c, 1, { 0x8e, 0x36, 0xa6, 0x3a, 0x9c, 0x9c, 0x9c, 0x00 } },
    { 0x6e9d, 1, { 0x94, 0x3e, 0x94, 0x3e, 0x9c, 0xbe, 0x94, 0x00 } },
    { 0x6e9f, 1, { 0xbe, 0x22, 0x9c, 0x14, 0xbe, 0x80, 0xa2, 0x00 } },
    { 0x6ea2, 1, { 0x94, 0x3e, 0x94, 0x22, 0x9c, 0x9c, 0xbe, 0x00 } },
    { 0x6ea5, 1, { 0x8a, 0x3e, 0x9c, 0x14, 0xbe, 0x94, 0x8c, 0x00 } },
    { 0x6eaa, 1, { 0x9c, 0x2a, 0x90, 0x08, 0xbe, 0x88, 0xb6, 0x00 } },
    { 0x6eaf, 1, { 0xae, 0x7a, 0x9e, 0x5a, 0xfe, 0x9a, 0xa2, 0x00 } },
    { 0x6eb2, 1, { 0x96, 0x2a, 0xaa, 0x3e, 0x94, 0x88, 0xb6, 0x00 } },
    { 0x6eb6, 1, { 0x88, 0x3e, 0xb6, 0x08, 0x94, 0xae, 0x8c, 0x00 } },
    { 0x6eb7, 1, { 0xbe, 0x3e, 0xaa, 0x36, 0xae, 0xba, 0xbe, 0x00 } },
    { 0x6eba, 1, { 0xb6, 0x12, 0xb6, 0x24, 0xb6, 0xda, 0xb6, 0x00 } },
    { 0x6ebd, 1, { 0xbe, 0x2c, 0xbe, 0x54, 0xbe, 0x94, 0x8c, 0x00 } },
    { 0x6ec2, 1, { 0x88, 0x3e, 0x94, 0x3e, 0xaa, 0x8c, 0x94, 0x00 } },
    { 0x6ec4, 1, { 0x88, 0x14, 0xba, 0x18, 0x90, 0xac, 0x8c, 0x00 } },
    { 0x6ec5, 1, { 0x84, 0x7e, 0xfc, 0x54, 0xfe, 0xd4, 0xaa, 0x00 } },
    { 0x6ec9, 1, { 0x9c, 0x1c, 0xaa, 0x08, 0xbe, 0x94, 0xa6, 0x00 } },
    { 0x6ecb, 1, { 0x94, 0x3e, 0x92, 0x24, 0x92, 0xa4, 0xb6, 0x00 } },
    { 0x6ecc, 1, { 0xa8, 0x3e, 0xf4, 0x7a, 0xb4, 0xbe, 0xa4, 0x00 } },
    { 0x6ed1, 1, { 0x9c, 0x14, 0xbe, 0x22, 0x9c, 0x9c, 0x94, 0x00 } },
    { 0x6ed3, 1, { 0x88, 0x7e, 0xca, 0x3e, 0x94, 0xfe, 0x88, 0x00 } },
    { 0x6ed4, 1, { 0x9c, 0x2a, 0x80, 0x16, 0xa2, 0xb6, 0xbe, 0x00 } },
    { 0x6ed5, 1, { 0xf4, 0xaa, 0xfe, 0xb4, 0xea, 0xbc, 0xaa, 0x00 } },
    { 0x6edd, 1, { 0x88, 0x3e, 0x94, 0x3e, 0x9c, 0x9c, 0x86, 0x00 } },
    { 0x6ede, 1, { 0x94, 0x3e, 0x94, 0x3e, 0xaa, 0x9c, 0x94, 0x00 } },
    { 0x6eec, 1, { 0xbe, 0x1e, 0x94, 0x1e, 0x9e, 0xa8, 0x8e, 0x00 } },
    { 0x6eef, 1, { 0x94, 0x3e, 0x94, 0x2a, 0xbe, 0xaa, 0x88, 0x00 } },
    { 0x6ef2, 1, { 0x94, 0x3a, 0x94, 0x3e, 0xaa, 0x84, 0x98, 0x00 } },
    { 0x6ef4, 1, { 0x88, 0x3e, 0x94, 0x3e, 0xaa, 0xb6, 0xbe, 0x00 } },
    { 0x6ef7, 1, { 0x88, 0x0e, 0xbc, 0x36, 0xaa, 0xb6, 0xbe, 0x00 } },
    { 0x6ef8, 1, { 0xa8, 0x3e, 0x8c, 0x34, 0x8e, 0xb4, 0xb4, 0x00 } },
    { 0x6efe, 1, { 0x88, 0x7e, 0x94, 0x3a, 0x98, 0xb4, 0x9a, 0x00 } },
    { 0x6eff, 1, { 0x94, 0x3e, 0x94, 0x3e, 0xbe, 0xbe, 0xaa, 0x00 } },
    { 0x6f01, 1, { 0x8c, 0x34, 0x9e, 0x1a, 0x9e, 0x80, 0xaa, 0x00 } },
    { 0x6f02, 1, { 0xbe, 0x1c, 0x9c, 0x00, 0xbe, 0x88, 0xaa, 0x00 } },
    { 0x6f06, 1, { 0x88, 0x3e, 0x9c, 0x2a, 0x9c, 0xac, 0xda, 0x00 } },
    { 0x6f09, 1, { 0x88, 0x3e, 0xac, 0x3c, 0xa0, 0xb4, 0xde, 0x00 } },
    { 0x6f0f, 1, { 0xbe, 0x3e, 0xa0, 0x3e, 0xa8, 0xde, 0x9a, 0x00 } },
    { 0x6f11, 1, { 0xae, 0x36, 0xb6, 0x3e, 0xa4, 0xb4, 0xaa, 0x00 } },
    { 0x6f13, 1, { 0x88, 0x3e, 0x94, 0x1c, 0xbe, 0xae, 0xba, 0x00 } },
    { 0x6f14, 1, { 0x88, 0x3e, 0xa2, 0x1c, 0xaa, 0x9c, 0xa2, 0x00 } },
    { 0x6f15, 1, { 0x94, 0x3e, 0x94, 0x3e, 0xbe, 0x94, 0x9c, 0x00 } },
    { 0x6f20, 1, { 0x94, 0x3e, 0x9c, 0x14, 0xbe, 0x88, 0xb6, 0x00 } },
    { 0x6f22, 1, { 0x94, 0x7e, 0xaa, 0x3e, 0xfe, 0x88, 0xb6, 0x00 } },
    { 0x6f23, 1, { 0xa4, 0x1e, 0x8c, 0x2c, 0xbe, 0xa4, 0xbe, 0x00 } },
    { 0x6f2b, 1, { 0x9c, 0x14, 0xbe, 0x3e, 0x94, 0x88, 0xb6, 0x00 } },
    { 0x6f2c, 1, { 0x88, 0x1c, 0x88, 0x3e, 0x9c, 0x9c, 0xa2, 0x00 } },
    { 0x6f31, 1, { 0x94, 0x7e, 0xba, 0x3c, 0x94, 0xb4, 0xda, 0x00 } },
    { 0x6f32, 1, { 0xb6, 0x14, 0xb6, 0x24, 0xbe, 0x9c, 0xba, 0x00 } },
    { 0x6f38, 1, { 0xb2, 0x1c, 0xb8, 0x3e, 0x9a, 0xba, 0x92, 0x00 } },
    { 0x6f3e, 1, { 0x94, 0x3e, 0x9c, 0x08, 0xba, 0x9c, 0xaa, 0x00 } },
    { 0x6f3f, 1, { 0xa6, 0xea, 0x7e, 0xa4, 0x74, 0x38, 0xd6, 0x00 } },
    { 0x6f41, 1, { 0x9e, 0xe4, 0x8e, 0x7a, 0xee, 0x70, 0xaa, 0x00 } },
    { 0x6f45, 1, { 0x90, 0x1e, 0xa8, 0x1e, 0xb4, 0x94, 0x9e, 0x00 } },
    { 0x6f54, 1, { 0x96, 0x3e, 0x96, 0x3a, 0xbe, 0x88, 0xaa, 0x00 } },
    { 0x6f58, 1, { 0xbe, 0x14, 0xbe, 0x1c, 0xaa, 0x9c, 0x9c, 0x00 } },
    { 0x6f5b, 1, { 0x94, 0x1e, 0xbe, 0x14, 0xaa, 0x9c, 0x9c, 0x00 } },
    { 0x6f5c, 1, { 0x94, 0x3e, 0x94, 0x2a, 0x9c, 0x94, 0x9c, 0x00 } },
    { 0x6f5f, 1, { 0x94, 0x24, 0xbc, 0x10, 0xbe, 0xc2, 0xaa, 0x00 } },
    { 0x6f64, 1, { 0xf6, 0x76, 0xde, 0x4a, 0xde, 0xca, 0xde, 0x00 } },
    { 0x6f66, 1, { 0x88, 0x3e, 0x94, 0x3e, 0x94, 0x88, 0xaa, 0x00 } },
    { 0x6f6d, 1, { 0xbe, 0x1c, 0x80, 0x1c, 0x94, 0xbe, 0x88, 0x00 } },
    { 0x6f6e, 1, { 0xbe, 0x1a, 0xbe, 0x3a, 0x9e, 0xba, 0x92, 0x00 } },
    { 0x6f6f, 1, { 0x9c, 0x0e, 0xbc, 0x16, 0xbe, 0x94, 0x8c, 0x00 } },
    { 0x6f70, 1, { 0x88, 0x3e, 0xaa, 0x7e, 0x9c, 0x9c, 0xa2, 0x00 } },
    { 0x6f74, 1, { 0xa4, 0x1e, 0xb4, 0x1e, 0xb8, 0x96, 0xa6, 0x00 } },
    { 0x6f78, 1, { 0x94, 0x3e, 0x94, 0x2a, 0x9c, 0x9c, 0x94, 0x00 } },
    { 0x6f7a, 1, { 0xbe, 0x3e, 0xa4, 0x28, 0xbe, 0xaa, 0xd4, 0x00 } },
    { 0x6f7c, 1, { 0x88, 0x3e, 0x94, 0x3e, 0x9c, 0x88, 0xbe, 0x00 } },
    { 0x6f80, 1, { 0xbe, 0x16, 0xaa, 0x24, 0xb6, 0xa4, 0xf6, 0x00 } },
    { 0x6f81, 1, { 0x84, 0x16, 0x94, 0x7e, 0xb6, 0xa4, 0xf6, 0x00 } },
    { 0x6f82, 1, { 0x94, 0x3e, 0xbe, 0x06, 0xbe, 0x94, 0xba, 0x00 } },
    { 0x6f84, 1, { 0xba, 0x14, 0xa2, 0x1c, 0x54, 0x88, 0xbe, 0x00 } },
    { 0x6f86, 1, { 0x88, 0x1c, 0xbe, 0x36, 0xbe, 0x94, 0xa6, 0x00 } },
    { 0x6f8e, 1, { 0x92, 0x3c, 0x92, 0x3c, 0xa8, 0x92, 0xbc, 0x00 } },
    { 0x6f91, 1, { 0xbe, 0x14, 0xb6, 0x36, 0xbe, 0xaa, 0xbe, 0x00 } },
    { 0x6f97, 1, { 0xb6, 0x36, 0xa2, 0x2e, 0xae, 0xae, 0xa2, 0x00 } },
    { 0x6fa1, 1, { 0x9c, 0x14, 0xbe, 0x2a, 0xbe, 0x9c, 0xaa, 0x00 } },
    { 0x6fa3, 1, { 0xb4, 0x1a, 0xb0, 0x3e, 0x94, 0xbe, 0x94, 0x00 } },
    { 0x6fa4, 1, { 0xbe, 0x3e, 0x88, 0x3e, 0x94, 0xbe, 0x88, 0x00 } },
    { 0x6faa, 1, { 0x9c, 0x3e, 0xaa, 0x14, 0xbe, 0x8a, 0x88, 0x00 } },
    { 0x6fb1, 1, { 0xbe, 0x2a, 0xb8, 0x36, 0xba, 0xc4, 0xaa, 0x00 } },
    { 0x6fb3, 1, { 0x88, 0x1e, 0x9e, 0x1a, 0xbe, 0x88, 0xb6, 0x00 } },
    { 0x6fb9, 1, { 0x8c, 0x14, 0xbe, 0x36, 0xac, 0xbe, 0xcc, 0x00 } },
    { 0x6fc0, 1, { 0x94, 0x36, 0xba, 0x7a, 0x9a, 0xac, 0xda, 0x00 } },
    { 0x6fc1, 1, { 0xbe, 0x2a, 0x9e, 0x22, 0x9a, 0x9e, 0xba, 0x00 } },
    { 0x6fc2, 1, { 0x88, 0x3e, 0xbc, 0x2e, 0xbc, 0xdc, 0xaa, 0x00 } },
    { 0x6fc3, 1, { 0x94, 0x3e, 0xbe, 0x00, 0xbe, 0xb4, 0xda, 0x00 } },
    { 0x6fc6, 1, { 0x88, 0x3e, 0x94, 0x3e, 0x94, 0x9c, 0xa2, 0x00 } },
    { 0x6fd4, 1, { 0xbe, 0x1c, 0xaa, 0x3e, 0xaa, 0xbe, 0xaa, 0x00 } },
    { 0x6fd5, 1, { 0xbe, 0x3e, 0x92, 0x24, 0xb6, 0x80, 0xaa, 0x00 } },
    { 0x6fd8, 1, { 0x88, 0x3e, 0xba, 0x1c, 0xbe, 0x88, 0x98, 0x00 } },
    { 0x6fdb, 1, { 0x94, 0x3e, 0x94, 0x7e, 0xda, 0xac, 0x9a, 0x00 } },
    { 0x6fdf, 1, { 0x88, 0x3e, 0x94, 0x2a, 0x94, 0x9c, 0xa4, 0x00 } },
    { 0x6fe0, 1, { 0x88, 0x3e, 0x94, 0x7e, 0xda, 0xac, 0x9a, 0x00 } },
    { 0x6fe1, 1, { 0x9c, 0x3e, 0xaa, 0x1c, 0x88, 0xbe, 0xaa, 0x00 } },
    { 0x6fe4, 1, { 0x88, 0x1c, 0xbe, 0x08, 0xbe, 0xb4, 0x8c, 0x00 } },
    { 0x6feb, 1, { 0xb4, 0x26, 0xa0, 0x36, 0x80, 0x9c, 0xbe, 0x00 } },
    { 0x6fec, 1, { 0x88, 0x0e, 0xbe, 0x2a, 0x94, 0xae, 0x8c, 0x00 } },
    { 0x6fee, 1, { 0xaa, 0x3e, 0xf4, 0x7e, 0xbc, 0xa8, 0xb6, 0x00 } },
    { 0x6fef, 1, { 0xb6, 0x12, 0xb6, 0x14, 0x9e, 0xb4, 0x9e, 0x00 } },
    { 0x6ff1, 1, { 0x88, 0x3e, 0xaa, 0x34, 0x9c, 0x9c, 0xa2, 0x00 } },
    { 0x6ff3, 1, { 0xa8, 0x3e, 0xbe, 0x14, 0xaa, 0x9c, 0x9c, 0x00 } },
    { 0x6ff6, 1, { 0xee, 0x6e, 0xda, 0x7e, 0xca, 0xd6, 0xde, 0x00 } },
    { 0x6ffa, 1, { 0xb4, 0x3e, 0xb4, 0x3a, 0xbe, 0x84, 0xaa, 0x00 } },
    { 0x6ffe, 1, { 0x88, 0x0e, 0xb8, 0x2e, 0xac, 0xba, 0xd6, 0x00 } },
    { 0x7001, 1, { 0x94, 0x3e, 0x88, 0x7e, 0xbc, 0xda, 0x94, 0x00 } },
    { 0x7009, 1, { 0x88, 0x3e, 0xae, 0x14, 0x9e, 0xa2, 0x96, 0x00 } },
    { 0x700b, 1, { 0x88, 0x3e, 0xaa, 0x14, 0xbe, 0x9e, 0xac, 0x00 } },
    { 0x700f, 1, { 0x96, 0x2e, 0xb6, 0x0a, 0x96, 0xaa, 0x9e, 0x00 } },
    { 0x7011, 1, { 0xbe, 0x3e, 0x94, 0x3e, 0xaa, 0x9c, 0xaa, 0x00 } },
    { 0x7015, 1, { 0xae, 0x34, 0xae, 0x7a, 0xae, 0x90, 0xea, 0x00 } },
    { 0x7018, 1, { 0x88, 0x0e, 0xb8, 0x2e, 0xa0, 0xac, 0xde, 0x00 } },
    { 0x701a, 1, { 0xb4, 0x1a, 0xb0, 0x3e, 0x96, 0xba, 0x92, 0x00 } },
    { 0x701b, 1, { 0x88, 0x7e, 0xa0, 0x3e, 0xb4, 0xac, 0xd6, 0x00 } },
    { 0x701d, 1, { 0xbe, 0x34, 0xbe, 0x34, 0xa0, 0xd4, 0xbe, 0x00 } },
    { 0x701e, 1, { 0xa6, 0x7a, 0xa4, 0x7e, 0xd6, 0xfe, 0xd4, 0x00 } },
    { 0x701f, 1, { 0x94, 0x3e, 0x9c, 0x76, 0xa2, 0xb6, 0xd6, 0x00 } },
    { 0x7026, 1, { 0xb4, 0x1e, 0xb4, 0x5e, 0xb8, 0xd6, 0xa6, 0x00 } },
    { 0x7027, 1, { 0x96, 0x7c, 0xae, 0x7a, 0xae, 0xbc, 0xae, 0x00 } },
    { 0x702c, 1, { 0xae, 0x74, 0xfe, 0x7a, 0xae, 0xf0, 0xaa, 0x00 } },
    { 0x7030, 1, { 0xbe, 0x14, 0xba, 0x2e, 0xba, 0x9e, 0xba, 0x00 } },
    { 0x7032, 1, { 0x94, 0x2e, 0xfe, 0x56, 0xfe, 0xd4, 0xaa, 0x00 } },
    { 0x703e, 1, { 0xb6, 0x36, 0xaa, 0x3e, 0xaa, 0xbe, 0xaa, 0x00 } },
    { 0x704c, 1, { 0x94, 0x3e, 0xb6, 0x14, 0x9e, 0xb4, 0x9e, 0x00 } },
    { 0x7051, 1, { 0xb6, 0x2a, 0xbe, 0x2c, 0xbe, 0xe4, 0xb6, 0x00 } },
    { 0x7058, 1, { 0xda, 0x7c, 0xae, 0x7c, 0xfe, 0xac, 0xde, 0x00 } },
    { 0x7063, 1, { 0x9a, 0x2c, 0x9a, 0x3e, 0x9c, 0x9e, 0x82, 0x00 } },
    { 0x706b, 1, { 0x10, 0x10, 0x54, 0x58, 0x10, 0x28, 0xc6, 0x00 } },
    { 0x706f, 1, { 0x5e, 0x44, 0xe4, 0xc4, 0x44, 0x64, 0x8c, 0x00 } },
    { 0x7070, 1, { 0x7e, 0x48, 0x6a, 0x6c, 0x48, 0x54, 0xa2, 0x00 } },
    { 0x7078, 1, { 0x3c, 0x44, 0x18, 0xe6, 0x54, 0x28, 0xc6, 0x00 } },
    { 0x707c, 1, { 0x50, 0x5e, 0xe2, 0xd2, 0x4a, 0x62, 0x86, 0x00 } },
    { 0x707d, 1, { 0x4a, 0x94, 0x4a, 0x10, 0x54, 0x28, 0xc6, 0x00 } },
    { 0x7089, 1, { 0x5e, 0x40, 0xde, 0xd2, 0x5e, 0x50, 0xa0, 0x00 } },
    { 0x708a, 1, { 0x50, 0x5e, 0xea, 0xc8, 0x48, 0x54, 0xa2, 0x00 } },
    { 0x708e, 1, { 0x10, 0x54, 0x28, 0xc6, 0x54, 0x28, 0xc6, 0x00 } },
    { 0x7092, 1, { 0x48, 0x5c, 0xfa, 0xc8, 0x4a, 0x64, 0x98, 0x00 } },
    { 0x7099, 1, { 0x1c, 0x64, 0x18, 0xe0, 0x54, 0x28, 0xc6, 0x00 } },
    { 0x70ac, 1, { 0x5e, 0x50, 0xfe, 0xd2, 0x5e, 0x70, 0x9e, 0x00 } },
    { 0x70ad, 1, { 0x92, 0xfe, 0x48, 0x6a, 0x6c, 0x48, 0xb6, 0x00 } },
    { 0x70ae, 1, { 0x48, 0x4e, 0xf2, 0xce, 0x4e, 0x68, 0x8e, 0x00 } },
    { 0x70af, 1, { 0x7e, 0x62, 0xfe, 0xf6, 0x7e, 0x62, 0xa6, 0x00 } },
    { 0x70b3, 1, { 0x7e, 0x48, 0xfe, 0xea, 0x76, 0x62, 0xa6, 0x00 } },
    { 0x70b8, 1, { 0x50, 0x5e, 0xe8, 0xce, 0x48, 0x6e, 0x88, 0x00 } },
    { 0x70b9, 1, { 0x10, 0x1c, 0x10, 0x7c, 0x7c, 0x00, 0xaa, 0x00 } },
    { 0x70ba, 1, { 0x28, 0x78, 0x1c, 0x24, 0x7e, 0x82, 0x56, 0x00 } },
    { 0x70c8, 1, { 0xf2, 0x4a, 0x6a, 0xa2, 0x46, 0x00, 0xaa, 0x00 } },
    { 0x70cb, 1, { 0x28, 0x7e, 0xc8, 0x5c, 0x6a, 0x00, 0xaa, 0x00 } },
    { 0x70cf, 1, { 0x10, 0x7c, 0x44, 0x7c, 0x7e, 0x02, 0xaa, 0x00 } },
    { 0x70d9, 1, { 0x4c, 0x54, 0xc8, 0xd4, 0x62, 0x5c, 0x9c, 0x00 } },
    { 0x70dd, 1, { 0x7c, 0x08, 0xd2, 0x54, 0x92, 0x7c, 0xaa, 0x00 } },
    { 0x70df, 1, { 0x7e, 0x6a, 0xfe, 0xea, 0x76, 0x62, 0xbe, 0x00 } },
    { 0x70f1, 1, { 0x7e, 0x76, 0xe2, 0xfe, 0x76, 0x7e, 0xa2, 0x00 } },
    { 0x70f9, 1, { 0x10, 0xfe, 0x44, 0x7c, 0x08, 0x00, 0xaa, 0x00 } },
    { 0x70fd, 1, { 0x4c, 0x54, 0xc8, 0xf6, 0x48, 0x7e, 0x88, 0x00 } },
    { 0x7109, 1, { 0xfe, 0x1c, 0x50, 0xfe, 0x7e, 0x02, 0xaa, 0x00 } },
    { 0x7114, 1, { 0x4e, 0x52, 0xe4, 0xd6, 0x56, 0x76, 0x96, 0x00 } },
    { 0x7119, 1, { 0x48, 0x7e, 0xd4, 0xfe, 0x40, 0x5c, 0x9c, 0x00 } },
    { 0x711a, 1, { 0x24, 0xfe, 0x6c, 0xb6, 0x54, 0x28, 0xc6, 0x00 } },
    { 0x711c, 1, { 0x7e, 0x62, 0xfe, 0xe4, 0x76, 0x64, 0xb6, 0x00 } },
    { 0x7121, 1, { 0x80, 0xfe, 0x54, 0xfe, 0x54, 0xfe, 0xaa, 0x00 } },
    { 0x7126, 1, { 0x28, 0x3e, 0x7c, 0xa8, 0x3e, 0x00, 0xaa, 0x00 } },
    { 0x7136, 1, { 0x74, 0x5e, 0xb4, 0x24, 0xca, 0x00, 0xaa, 0x00 } },
    { 0x713c, 1, { 0x48, 0x5c, 0xfe, 0xd4, 0x7e, 0x54, 0xa6, 0x00 } },
    { 0x7149, 1, { 0x48, 0x7e, 0xdc, 0xdc, 0x48, 0x5c, 0xaa, 0x00 } },
    { 0x714c, 1, { 0x48, 0x5c, 0xd4, 0xdc, 0x7e, 0x48, 0xbe, 0x00 } },
    { 0x714e, 1, { 0x44, 0xfe, 0x54, 0x74, 0x54, 0x00, 0xaa, 0x00 } },
    { 0x7155, 1, { 0xf6, 0xa6, 0x96, 0xa4, 0xf6, 0x00, 0xaa, 0x00 } },
    { 0x7156, 1, { 0x5c, 0x6a, 0xc0, 0xde, 0x4a, 0x54, 0xaa, 0x00 } },
    { 0x7159, 1, { 0x5e, 0x4c, 0xfe, 0xde, 0x5e, 0x64, 0x9e, 0x00 } },
    { 0x7162, 1, { 0xaa, 0x44, 0xfe, 0xbe, 0x14, 0x7c, 0x12, 0x00 } },
    { 0x7164, 1, { 0x54, 0x7e, 0xd4, 0xdc, 0x7e, 0x5c, 0xaa, 0x00 } },
    { 0x7165, 1, { 0x5c, 0x64, 0xdc, 0xdc, 0x7e, 0x48, 0xb6, 0x00 } },
    { 0x7166, 1, { 0xe8, 0xae, 0xf2, 0xae, 0xee, 0x00, 0xaa, 0x00 } },
    { 0x7167, 1, { 0xfe, 0xaa, 0xf2, 0xae, 0xee, 0x00, 0xaa, 0x00 } },
    { 0x7169, 1, { 0x5e, 0x48, 0xfe, 0xd2, 0x5e, 0x60, 0x92, 0x00 } },
    { 0x716c, 1, { 0x5c, 0x54, 0xfe, 0xd0, 0x5e, 0x6a, 0x96, 0x00 } },
    { 0x716e, 1, { 0x14, 0x7c, 0x18, 0xfe, 0x5c, 0x00, 0xaa, 0x00 } },
    { 0x717d, 1, { 0x7e, 0x5c, 0xd0, 0xde, 0x5a, 0x56, 0xaa, 0x00 } },
    { 0x7184, 1, { 0x48, 0x5c, 0xdc, 0xdc, 0x40, 0x72, 0xae, 0x00 } },
    { 0x7188, 1, { 0x76, 0x76, 0x76, 0x74, 0xb6, 0x00, 0xaa, 0x00 } },
    { 0x718a, 1, { 0x54, 0xf6, 0x50, 0x74, 0x56, 0x00, 0xaa, 0x00 } },
    { 0x718f, 1, { 0x38, 0xfe, 0x7c, 0x7c, 0xfe, 0x00, 0xaa, 0x00 } },
    { 0x7194, 1, { 0x48, 0x7e, 0xf6, 0xc8, 0x54, 0x6e, 0x8c, 0x00 } },
    { 0x7195, 1, { 0x5c, 0x48, 0xfe, 0xdc, 0x54, 0x5c, 0xa2, 0x00 } },
    { 0x7199, 1, { 0xf6, 0xa6, 0xd6, 0xa4, 0xf6, 0x00, 0xaa, 0x00 } },
    { 0x719f, 1, { 0x28, 0xfc, 0x5c, 0x7c, 0xae, 0x00, 0xaa, 0x00 } },
    { 0x71a8, 1, { 0x72, 0x7e, 0x6a, 0xa6, 0x54, 0x28, 0xc6, 0x00 } },
    { 0x71ac, 1, { 0x24, 0x76, 0xfa, 0x64, 0xaa, 0x00, 0xaa, 0x00 } },
    { 0x71b1, 1, { 0x28, 0x6c, 0xf4, 0x6c, 0xb6, 0x00, 0xaa, 0x00 } },
    { 0x71b9, 1, { 0x10, 0xfe, 0x38, 0xfe, 0x44, 0x7c, 0xaa, 0x00 } },
    { 0x71be, 1, { 0x56, 0x7c, 0xde, 0xfc, 0x46, 0x5c, 0xba, 0x00 } },
    { 0x71c3, 1, { 0x54, 0x5e, 0xec, 0xd4, 0x6a, 0x40, 0xaa, 0x00 } },
    { 0x71c8, 1, { 0x7a, 0x54, 0xe2, 0xdc, 0x54, 0x48, 0xbe, 0x00 } },
    { 0x71c9, 1, { 0x54, 0x7e, 0xee, 0xf6, 0x5e, 0x74, 0x9a, 0x00 } },
    { 0x71ce, 1, { 0x48, 0x7e, 0xd4, 0xfe, 0x54, 0x48, 0xaa, 0x00 } },
    { 0x71d0, 1, { 0x6a, 0x5c, 0xea, 0xc0, 0x74, 0x5e, 0xa4, 0x00 } },
    { 0x71d2, 1, { 0x48, 0x5c, 0xfe, 0xf6, 0x7e, 0x54, 0xa6, 0x00 } },
    { 0x71d4, 1, { 0x7e, 0x54, 0xfe, 0xdc, 0x6a, 0x5c, 0x9c, 0x00 } },
    { 0x71d5, 1, { 0x28, 0xfe, 0xde, 0x54, 0xde, 0x00, 0xaa, 0x00 } },
    { 0x71d7, 1, { 0x76, 0x76, 0xe2, 0xee, 0x6e, 0x76, 0xa2, 0x00 } },
    { 0x71df, 1, { 0xaa, 0x44, 0xfe, 0xba, 0x10, 0x7c, 0x7c, 0x00 } },
    { 0x71e0, 1, { 0x48, 0x5e, 0xde, 0xda, 0x7e, 0x48, 0xb6, 0x00 } },
    { 0x71e5, 1, { 0x5c, 0x54, 0xfe, 0xea, 0x7e, 0x5c, 0xaa, 0x00 } },
    { 0x71e6, 1, { 0x58, 0x56, 0xea, 0xd4, 0x6a, 0x5c, 0xaa, 0x00 } },
    { 0x71e7, 1, { 0x6c, 0x52, 0xee, 0xcc, 0x56, 0x6c, 0xbe, 0x00 } },
    { 0x71ec, 1, { 0x5e, 0x6a, 0xf8, 0xd6, 0x7a, 0x54, 0xba, 0x00 } },
    { 0x71ed, 1, { 0x7e, 0x6a, 0xde, 0xe2, 0x5a, 0x5e, 0xba, 0x00 } },
    { 0x71ee, 1, { 0x54, 0xee, 0x54, 0xba, 0x28, 0x10, 0xee, 0x00 } },
    { 0x71f5, 1, { 0x64, 0x4e, 0xde, 0xea, 0x5e, 0x64, 0xbe, 0x00 } },
    { 0x71f9, 1, { 0xee, 0x44, 0xaa, 0x66, 0x54, 0x28, 0xc6, 0x00 } },
    { 0x71fb, 1, { 0x5c, 0x7e, 0xdc, 0xdc, 0x7e, 0x40, 0xaa, 0x00 } },
    { 0x71fc, 1, { 0x48, 0x5c, 0xee, 0xdc, 0x6a, 0x5c, 0xbe, 0x00 } },
    { 0x71ff, 1, { 0x76, 0x52, 0xc0, 0xd4, 0x5e, 0x74, 0x9e, 0x00 } },
    { 0x7206, 1, { 0x7e, 0x7e, 0xd4, 0xfe, 0x6a, 0x5c, 0xaa, 0x00 } },
    { 0x720d, 1, { 0x5a, 0x6c, 0xda, 0xec, 0x7e, 0x5c, 0xaa, 0x00 } },
    { 0x7210, 1, { 0x44, 0x46, 0xdc, 0xd6, 0x50, 0x6c, 0x9e, 0x00 } },
    { 0x721b, 1, { 0x76, 0x76, 0xea, 0xfe, 0x6a, 0x7e, 0xaa, 0x00 } },
    { 0x7228, 1, { 0x2c, 0x54, 0xfe, 0xaa, 0x7c, 0x92, 0x28, 0x00 } },
    { 0x722a, 1, { 0x0c, 0x70, 0x54, 0x54, 0x54, 0x54, 0x92, 0x00 } },
    { 0x722c, 1, { 0x10, 0x66, 0x76, 0x74, 0x76, 0x70, 0xae, 0x00 } },
    { 0x722d, 1, { 0x7c, 0x52, 0xbc, 0x14, 0xfe, 0x1c, 0x30, 0x00 } },
    { 0x7230, 1, { 0x7c, 0x52, 0xbc, 0x7e, 0x34, 0x48, 0xb6, 0x00 } },
    { 0x7232, 1, { 0x7c, 0x52, 0xbc, 0x24, 0x3e, 0x42, 0xaa, 0x00 } },
    { 0x7235, 1, { 0xfe, 0x54, 0x7e, 0x7e, 0x66, 0x52, 0xf6, 0x00 } },
    { 0x7236, 1, { 0x28, 0xc6, 0x28, 0x28, 0x10, 0x28, 0xc6, 0x00 } },
    { 0x723a, 1, { 0x28, 0xc6, 0x38, 0xc6, 0x74, 0xf6, 0x14, 0x00 } },
    { 0x723b, 1, { 0x64, 0x18, 0x64, 0x28, 0x28, 0x10, 0xee, 0x00 } },
    { 0x723c, 1, { 0xbc, 0x54, 0xbc, 0x14, 0xbc, 0x54, 0xbe, 0x00 } },
    { 0x723d, 1, { 0x10, 0xfe, 0x54, 0x38, 0x54, 0x28, 0xc6, 0x00 } },
    { 0x723e, 1, { 0xfe, 0x54, 0xfe, 0xb6, 0xda, 0xb6, 0xda, 0x00 } },
    { 0x723f, 1, { 0x24, 0x24, 0x3c, 0x04, 0x7c, 0x24, 0x44, 0x00 } },
    { 0x7240, 1, { 0xa8, 0xbe, 0xe8, 0x3c, 0xfc, 0x6a, 0xa8, 0x00 } },
    { 0x7246, 1, { 0xa8, 0xbe, 0xf4, 0x2a, 0xfe, 0x76, 0xbe, 0x00 } },
    { 0x7247, 1, { 0x48, 0x48, 0x7e, 0x40, 0x7c, 0x44, 0x84, 0x00 } },
    { 0x7248, 1, { 0xae, 0xa8, 0xee, 0x8a, 0xea, 0xb4, 0xaa, 0x00 } },
    { 0x724b, 1, { 0xaa, 0xbe, 0xe4, 0x8a, 0xfe, 0xa4, 0xaa, 0x00 } },
    { 0x724c, 1, { 0xa8, 0xbe, 0xfa, 0x9e, 0xec, 0xbe, 0xa4, 0x00 } },
    { 0x7252, 1, { 0xaa, 0xbe, 0xf6, 0x90, 0xfe, 0xbc, 0xaa, 0x00 } },
    { 0x7258, 1, { 0xa4, 0xbe, 0xfa, 0x9e, 0xec, 0xac, 0xb2, 0x00 } },
    { 0x7259, 1, { 0x7c, 0x48, 0x48, 0xfe, 0x28, 0xc8, 0x18, 0x00 } },
    { 0x725b, 1, { 0x50, 0x7c, 0x90, 0x10, 0xfe, 0x10, 0x10, 0x00 } },
    { 0x725d, 1, { 0x68, 0x78, 0xaa, 0x3c, 0xe8, 0x2a, 0x2e, 0x00 } },
    { 0x725f, 1, { 0x10, 0x24, 0xfa, 0x3c, 0x50, 0xfe, 0x10, 0x00 } },
    { 0x7261, 1, { 0x64, 0x74, 0xae, 0x34, 0xe4, 0x24, 0x2e, 0x00 } },
    { 0x7262, 1, { 0x10, 0xfe, 0xd2, 0x7c, 0x90, 0xfe, 0x10, 0x00 } },
    { 0x7267, 1, { 0xd0, 0xde, 0xf4, 0x54, 0xd4, 0x48, 0x76, 0x00 } },
    { 0x7269, 1, { 0xd0, 0xde, 0xee, 0x4e, 0xd6, 0x6a, 0x56, 0x00 } },
    { 0x7272, 1, { 0xd8, 0xde, 0xe8, 0x48, 0xdc, 0x48, 0x7e, 0x00 } },
    { 0x7274, 1, { 0xc2, 0xfc, 0xd4, 0x5e, 0xf4, 0x52, 0x5e, 0x00 } },
    { 0x7279, 1, { 0xc8, 0xdc, 0xc8, 0x7e, 0xc4, 0x7e, 0x54, 0x00 } },
    { 0x727d, 1, { 0x10, 0xfe, 0x64, 0xfe, 0xba, 0x7c, 0x10, 0x00 } },
    { 0x727e, 1, { 0xdc, 0xc8, 0xfc, 0x54, 0xfe, 0x54, 0x5c, 0x00 } },
    { 0x7280, 1, { 0x7e, 0x7e, 0x44, 0x76, 0x5c, 0x7e, 0x84, 0x00 } },
    { 0x7281, 1, { 0x6a, 0xfa, 0x6a, 0xb2, 0x3c, 0xfe, 0x10, 0x00 } },
    { 0x7282, 1, { 0x68, 0xfe, 0x76, 0xaa, 0x3c, 0xfe, 0x10, 0x00 } },
    { 0x7287, 1, { 0x50, 0x7c, 0xfe, 0x48, 0x6c, 0xfe, 0x24, 0x00 } },
    { 0x7292, 1, { 0xc8, 0xfe, 0xd4, 0x5c, 0xfe, 0x62, 0x6a, 0x00 } },
    { 0x7296, 1, { 0xaa, 0x44, 0xfe, 0xb2, 0x3c, 0xfe, 0x10, 0x00 } },
    { 0x72a0, 1, { 0xd4, 0xfe, 0xc8, 0x7e, 0xd6, 0x7c, 0x52, 0x00 } },
    { 0x72a2, 1, { 0xc8, 0xfe, 0xf6, 0x7e, 0xdc, 0x5c, 0x62, 0x00 } },
    { 0x72a7, 1, { 0xd4, 0xfe, 0xc8, 0x7e, 0xd6, 0x4c, 0x5a, 0x00 } },
    { 0x72ac, 1, { 0x14, 0x10, 0xfe, 0x10, 0x10, 0x28, 0xc6, 0x00 } },
    { 0x72af, 1, { 0xbe, 0x52, 0xb2, 0x76, 0xb0, 0x32, 0xde, 0x00 } },
    { 0x72b2, 1, { 0xa4, 0x5e, 0xa4, 0x66, 0xac, 0x34, 0xcc, 0x00 } },
    { 0x72b6, 1, { 0x4a, 0x48, 0xfe, 0x48, 0xc8, 0x54, 0x62, 0x00 } },
    { 0x72b9, 1, { 0xaa, 0x5e, 0xa8, 0x6c, 0xac, 0x2c, 0xd6, 0x00 } },
    { 0x72c2, 1, { 0xae, 0x44, 0xa4, 0x6e, 0xa4, 0x24, 0xde, 0x00 } },
    { 0x72c3, 1, { 0xbc, 0x54, 0xd4, 0x7e, 0xd4, 0x54, 0xbe, 0x00 } },
    { 0x72c4, 1, { 0xa4, 0x44, 0xb6, 0x74, 0xa4, 0x24, 0xda, 0x00 } },
    { 0x72c6, 1, { 0xa4, 0x5e, 0xb6, 0x76, 0xbe, 0x24, 0xc4, 0x00 } },
    { 0x72ce, 1, { 0xbe, 0x6a, 0xfe, 0x6a, 0xfe, 0x48, 0x88, 0x00 } },
    { 0x72d0, 1, { 0xa2, 0x5c, 0xd4, 0x54, 0xd4, 0x56, 0xaa, 0x00 } },
    { 0x72d2, 1, { 0x94, 0x7e, 0xde, 0x74, 0xfe, 0x56, 0xa4, 0x00 } },
    { 0x72d7, 1, { 0xa8, 0x4e, 0xb2, 0x6e, 0xae, 0x22, 0xc6, 0x00 } },
    { 0x72d9, 1, { 0xbc, 0x54, 0xdc, 0x54, 0xdc, 0x54, 0xbe, 0x00 } },
    { 0x72db, 1, { 0xa8, 0x5e, 0xd2, 0x5e, 0xd2, 0x52, 0x9e, 0x00 } },
    { 0x72e0, 1, { 0xbe, 0x52, 0xde, 0x52, 0xde, 0x54, 0x9a, 0x00 } },
    { 0x72e1, 1, { 0x88, 0x7e, 0xd4, 0x62, 0xd4, 0x48, 0xb6, 0x00 } },
    { 0x72e2, 1, { 0xac, 0x54, 0xc8, 0x54, 0xe2, 0x5c, 0x9c, 0x00 } },
    { 0x72e9, 1, { 0xa8, 0x5e, 0xd2, 0x44, 0xfe, 0x54, 0x8c, 0x00 } },
    { 0x72ec, 1, { 0xa8, 0x5e, 0xba, 0x7e, 0xa8, 0x2a, 0xde, 0x00 } },
    { 0x72ed, 1, { 0xa8, 0x7e, 0xc8, 0x6a, 0xfe, 0x48, 0xb6, 0x00 } },
    { 0x72f7, 1, { 0xac, 0x4c, 0xa0, 0x7e, 0xb2, 0x3e, 0xd2, 0x00 } },
    { 0x72f8, 1, { 0xbe, 0x6a, 0xfe, 0x6a, 0xfe, 0x48, 0xbe, 0x00 } },
    { 0x72f9, 1, { 0x88, 0x7e, 0xdc, 0x5c, 0xea, 0x48, 0xb6, 0x00 } },
    { 0x72fc, 1, { 0xa4, 0x5e, 0xd2, 0x5e, 0xda, 0x54, 0x9a, 0x00 } },
    { 0x72fd, 1, { 0xbe, 0x52, 0xbe, 0x72, 0xbe, 0x20, 0xd2, 0x00 } },
    { 0x730a, 1, { 0x96, 0x62, 0xf6, 0x62, 0xfe, 0x54, 0xa6, 0x00 } },
    { 0x7316, 1, { 0xac, 0x4c, 0xbe, 0x72, 0xbe, 0x32, 0xde, 0x00 } },
    { 0x7317, 1, { 0x88, 0x7e, 0xc8, 0x54, 0xfe, 0x44, 0x94, 0x00 } },
    { 0x731b, 1, { 0xac, 0x44, 0xfe, 0x48, 0xdc, 0x5c, 0xbe, 0x00 } },
    { 0x731c, 1, { 0xa8, 0x5c, 0xc8, 0x7e, 0xdc, 0x5c, 0x94, 0x00 } },
    { 0x731d, 1, { 0x88, 0x7e, 0xd4, 0x54, 0xea, 0x7e, 0x88, 0x00 } },
    { 0x731f, 1, { 0xaa, 0x44, 0xbe, 0x6a, 0xbe, 0x2a, 0xca, 0x00 } },
    { 0x7325, 1, { 0xbe, 0x56, 0xbe, 0x60, 0xbe, 0x34, 0xda, 0x00 } },
    { 0x7329, 1, { 0xae, 0x4a, 0xae, 0x74, 0xae, 0x24, 0xde, 0x00 } },
    { 0x732a, 1, { 0xaa, 0x5c, 0xc8, 0x7e, 0xd0, 0x6e, 0x8e, 0x00 } },
    { 0x732b, 1, { 0x94, 0x7e, 0xd4, 0x7e, 0xfe, 0x6a, 0xbe, 0x00 } },
    { 0x732e, 1, { 0x26, 0xf4, 0x2e, 0xf4, 0xd4, 0xf4, 0xba, 0x00 } },
    { 0x732f, 1, { 0xaa, 0x7e, 0xc0, 0x7e, 0xd0, 0x7e, 0xaa, 0x00 } },
    { 0x7334, 1, { 0xac, 0x64, 0xfe, 0x68, 0xfe, 0x64, 0xba, 0x00 } },
    { 0x7336, 1, { 0x94, 0x7e, 0xd4, 0x7e, 0xf6, 0x62, 0xbe, 0x00 } },
    { 0x7337, 1, { 0x56, 0xf4, 0x6e, 0xf4, 0xd4, 0x94, 0xfa, 0x00 } },
    { 0x733e, 1, { 0x9c, 0x54, 0xfe, 0x62, 0xdc, 0x5c, 0x94, 0x00 } },
    { 0x733f, 1, { 0xa8, 0x5c, 0xbe, 0x72, 0xbe, 0x34, 0xda, 0x00 } },
    { 0x7344, 1, { 0xb6, 0x5c, 0xa6, 0x7c, 0xa4, 0x3c, 0xda, 0x00 } },
    { 0x7345, 1, { 0xae, 0x74, 0xbe, 0x6e, 0xbe, 0x34, 0xc4, 0x00 } },
    { 0x734e, 1, { 0xa6, 0xea, 0x7e, 0xa4, 0xfe, 0x10, 0xee, 0x00 } },
    { 0x734f, 1, { 0x94, 0x7e, 0xdc, 0x54, 0xfe, 0x48, 0xb6, 0x00 } },
    { 0x7357, 1, { 0xbe, 0x68, 0xd6, 0x6e, 0xf4, 0x54, 0xaa, 0x00 } },
    { 0x7363, 1, { 0xd6, 0x74, 0x7e, 0x04, 0xf4, 0x54, 0x7a, 0x00 } },
    { 0x7368, 1, { 0xbe, 0x6a, 0xde, 0x62, 0xda, 0x5e, 0xba, 0x00 } },
    { 0x736a, 1, { 0xa8, 0x54, 0xfe, 0x6a, 0xfe, 0x54, 0x9c, 0x00 } },
    { 0x7370, 1, { 0xa8, 0x7e, 0xfa, 0x5c, 0xfe, 0x48, 0x98, 0x00 } },
    { 0x7372, 1, { 0x94, 0x7e, 0xdc, 0x5e, 0xd4, 0x48, 0xb6, 0x00 } },
    { 0x7375, 1, { 0xaa, 0x54, 0xde, 0x56, 0xda, 0x5e, 0xaa, 0x00 } },
    { 0x7378, 1, { 0xf6, 0xf4, 0x7e, 0x74, 0xf4, 0x54, 0x7a, 0x00 } },
    { 0x737a, 1, { 0x96, 0x7a, 0xf0, 0x7e, 0xde, 0x70, 0x9a, 0x00 } },
    { 0x737b, 1, { 0x26, 0x34, 0xee, 0xb4, 0xe4, 0xf4, 0xda, 0x00 } },
    { 0x7384, 1, { 0x10, 0xfe, 0x20, 0x68, 0x10, 0x24, 0xfa, 0x00 } },
    { 0x7387, 1, { 0x10, 0xfe, 0x54, 0x20, 0x54, 0xfe, 0x10, 0x00 } },
    { 0x7389, 1, { 0xfe, 0x10, 0x10, 0x7c, 0x10, 0x14, 0xfe, 0x00 } },
    { 0x738b, 1, { 0xfe, 0x10, 0x10, 0x7c, 0x10, 0x10, 0xfe, 0x00 } },
    { 0x7396, 1, { 0xe8, 0x4e, 0x52, 0xe4, 0x44, 0xea, 0x12, 0x00 } },
    { 0x73a9, 1, { 0xdc, 0x40, 0x7e, 0xd4, 0x54, 0xd4, 0x26, 0x00 } },
    { 0x73b2, 1, { 0xe8, 0x54, 0x6e, 0xc0, 0x7e, 0xca, 0x08, 0x00 } },
    { 0x73b3, 1, { 0xd6, 0x64, 0x6e, 0xe4, 0x64, 0xe4, 0x22, 0x00 } },
    { 0x73bb, 1, { 0xc8, 0x7e, 0x6a, 0xfc, 0x74, 0xe8, 0x36, 0x00 } },
    { 0x73c0, 1, { 0xe8, 0x5e, 0x72, 0xde, 0x72, 0xd2, 0x1e, 0x00 } },
    { 0x73c2, 1, { 0xfe, 0x42, 0x5e, 0xf6, 0x5e, 0xe2, 0x06, 0x00 } },
    { 0x73c8, 1, { 0xd0, 0x7e, 0x5a, 0xda, 0x6a, 0xce, 0x18, 0x00 } },
    { 0x73ca, 1, { 0xde, 0x5a, 0x5a, 0xfe, 0x5a, 0xda, 0x12, 0x00 } },
    { 0x73cd, 1, { 0xe8, 0x54, 0x6a, 0xc4, 0x6a, 0xc4, 0x18, 0x00 } },
    { 0x73ce, 1, { 0xd0, 0x5e, 0x68, 0xdc, 0x5a, 0xea, 0x18, 0x00 } },
    { 0x73de, 1, { 0xec, 0x54, 0x48, 0xd4, 0x62, 0xdc, 0x1c, 0x00 } },
    { 0x73e0, 1, { 0xd8, 0x5c, 0x68, 0xfe, 0x48, 0xdc, 0x2a, 0x00 } },
    { 0x73e5, 1, { 0xfe, 0x54, 0x5c, 0xdc, 0x54, 0xfe, 0x04, 0x00 } },
    { 0x73ea, 1, { 0xe8, 0x5c, 0x48, 0xfe, 0x5c, 0xc8, 0x3e, 0x00 } },
    { 0x73ed, 1, { 0xe6, 0x4c, 0x6c, 0xee, 0x4c, 0xd4, 0x2e, 0x00 } },
    { 0x73ee, 1, { 0xfe, 0x62, 0x7e, 0xea, 0x7e, 0xfe, 0x2a, 0x00 } },
    { 0x73f1, 1, { 0xea, 0x44, 0x48, 0xfe, 0x54, 0xcc, 0x32, 0x00 } },
    { 0x73f8, 1, { 0xdc, 0x48, 0x7c, 0xd4, 0x7e, 0xd4, 0x1c, 0x00 } },
    { 0x73fe, 1, { 0xfe, 0x52, 0x5e, 0xf2, 0x5e, 0xec, 0x16, 0x00 } },
    { 0x7403, 1, { 0xca, 0x7e, 0x48, 0xea, 0x5c, 0xea, 0x18, 0x00 } },
    { 0x7405, 1, { 0xe4, 0x5e, 0x72, 0xde, 0x7a, 0xd4, 0x1a, 0x00 } },
    { 0x7406, 1, { 0xfe, 0x6a, 0x7e, 0xea, 0x7e, 0xc8, 0x3e, 0x00 } },
    { 0x7409, 1, { 0xc8, 0x7e, 0x54, 0xfa, 0x58, 0xda, 0x2a, 0x00 } },
    { 0x7422, 1, { 0xfe, 0x50, 0x5a, 0xec, 0x5c, 0xea, 0x18, 0x00 } },
    { 0x7425, 1, { 0xe4, 0x46, 0x5c, 0xf6, 0x50, 0xec, 0x16, 0x00 } },
    { 0x7432, 1, { 0xd4, 0x76, 0x54, 0xf6, 0x54, 0xf6, 0x14, 0x00 } },
    { 0x7433, 1, { 0xd4, 0x7e, 0x54, 0xfc, 0x7e, 0xd4, 0x14, 0x00 } },
    { 0x7434, 1, { 0xee, 0x44, 0xee, 0x38, 0xc6, 0x38, 0x08, 0x00 } },
    { 0x7435, 1, { 0xee, 0x44, 0xee, 0x48, 0x6e, 0x48, 0xee, 0x00 } },
    { 0x7436, 1, { 0xee, 0x44, 0xfe, 0x54, 0x7c, 0x42, 0x3e, 0x00 } },
    { 0x743a, 1, { 0xe4, 0x4e, 0x64, 0xce, 0x64, 0xe8, 0x2e, 0x00 } },
    { 0x743f, 1, { 0xfe, 0x6a, 0x7e, 0xdc, 0x5c, 0xfe, 0x08, 0x00 } },
    { 0x7441, 1, { 0xfe, 0x62, 0x6e, 0xd4, 0x5c, 0xd4, 0x1c, 0x00 } },
    { 0x7455, 1, { 0xf6, 0x72, 0x66, 0xfe, 0x6a, 0xf4, 0x2a, 0x00 } },
    { 0x7459, 1, { 0xea, 0x54, 0x6a, 0xde, 0x76, 0xda, 0x1e, 0x00 } },
    { 0x745a, 1, { 0xd6, 0x7e, 0x56, 0xfe, 0x6e, 0xfe, 0x0a, 0x00 } },
    { 0x745b, 1, { 0xd4, 0x7e, 0x54, 0xea, 0x7e, 0xc8, 0x36, 0x00 } },
    { 0x745c, 1, { 0xd8, 0x54, 0x6e, 0xc0, 0x5a, 0xdc, 0x1a, 0x00 } },
    { 0x745e, 1, { 0xea, 0x7e, 0x40, 0xfe, 0x50, 0xfe, 0x2a, 0x00 } },
    { 0x745f, 1, { 0xee, 0x44, 0xee, 0x28, 0xb2, 0x20, 0xde, 0x00 } },
    { 0x7460, 1, { 0xce, 0x76, 0x66, 0xfa, 0x5c, 0xdc, 0x1c, 0x00 } },
    { 0x7463, 1, { 0xd4, 0x6a, 0x5c, 0xd4, 0x5c, 0xdc, 0x22, 0x00 } },
    { 0x7464, 1, { 0xec, 0x54, 0x48, 0xde, 0x64, 0xd6, 0x1e, 0x00 } },
    { 0x7469, 1, { 0xaa, 0x44, 0xfe, 0x92, 0x7c, 0x14, 0xfe, 0x00 } },
    { 0x746a, 1, { 0xfe, 0x68, 0x7c, 0xe8, 0x7e, 0xc2, 0x2a, 0x00 } },
    { 0x746f, 1, { 0xd6, 0x7e, 0x6c, 0xfe, 0x66, 0xec, 0x34, 0x00 } },
    { 0x7470, 1, { 0xd0, 0x7e, 0x6a, 0xfe, 0x6a, 0xdc, 0x2e, 0x00 } },
    { 0x7473, 1, { 0xd4, 0x7e, 0x48, 0xfe, 0x5e, 0xd4, 0x2e, 0x00 } },
    { 0x7476, 1, { 0xe6, 0x5a, 0x48, 0xfe, 0x48, 0xea, 0x3e, 0x00 } },
    { 0x747e, 1, { 0xd4, 0x7e, 0x54, 0xfe, 0x7e, 0xc8, 0x3e, 0x00 } },
    { 0x7483, 1, { 0xc8, 0x7e, 0x54, 0xdc, 0x7e, 0xee, 0x3a, 0x00 } },
    { 0x748b, 1, { 0xc8, 0x7e, 0x54, 0xfe, 0x5c, 0xfe, 0x08, 0x00 } },
    { 0x749e, 1, { 0xea, 0x7e, 0x54, 0xfe, 0x5c, 0xc8, 0x36, 0x00 } },
    { 0x74a2, 1, { 0xfe, 0x54, 0x76, 0xf6, 0x7e, 0xea, 0x3e, 0x00 } },
    { 0x74a7, 1, { 0x64, 0x6e, 0xca, 0x64, 0xfe, 0x3c, 0xfe, 0x00 } },
    { 0x74b0, 1, { 0xfe, 0x6a, 0x7e, 0xd4, 0x5c, 0xea, 0x08, 0x00 } },
    { 0x74bd, 1, { 0xfe, 0x54, 0xfe, 0xb6, 0xda, 0x7c, 0xfe, 0x00 } },
    { 0x74ca, 1, { 0xec, 0x56, 0x4e, 0xee, 0x5a, 0xe4, 0x1a, 0x00 } },
    { 0x74cf, 1, { 0xd6, 0x7c, 0x6e, 0xfa, 0x6e, 0xfc, 0x2e, 0x00 } },
    { 0x74d4, 1, { 0xf6, 0x76, 0x6a, 0xd0, 0x7e, 0xd4, 0x3a, 0x00 } },
    { 0x74dc, 1, { 0x0c, 0x70, 0x54, 0x54, 0x54, 0x54, 0xba, 0x00 } },
    { 0x74e0, 1, { 0x42, 0xfc, 0x54, 0xb4, 0x54, 0x3a, 0x6a, 0x00 } },
    { 0x74e2, 1, { 0xf2, 0x7c, 0x74, 0x14, 0xf4, 0x36, 0xaa, 0x00 } },
    { 0x74e3, 1, { 0x54, 0xfe, 0xba, 0x74, 0xfe, 0x74, 0xb4, 0x00 } },
    { 0x74e6, 1, { 0xfe, 0x20, 0x38, 0x28, 0x58, 0x4a, 0xee, 0x00 } },
    { 0x74e7, 1, { 0xf4, 0x44, 0x6e, 0x64, 0x64, 0x64, 0xde, 0x00 } },
    { 0x74e9, 1, { 0xf2, 0x4c, 0x64, 0x6e, 0x64, 0x64, 0xde, 0x00 } },
    { 0x74ee, 1, { 0x28, 0xc6, 0x20, 0xfe, 0x3c, 0x24, 0xf6, 0x00 } },
    { 0x74f0, 1, { 0xf4, 0x4a, 0x60, 0x6e, 0x66, 0x6a, 0xde, 0x00 } },
    { 0x74f1, 1, { 0xf2, 0x4c, 0x66, 0x6c, 0x64, 0x66, 0xde, 0x00 } },
    { 0x74f2, 1, { 0xe4, 0x5e, 0x64, 0x76, 0x7c, 0x66, 0xbe, 0x00 } },
    { 0x74f6, 1, { 0xbe, 0x50, 0xfc, 0x74, 0xfc, 0x74, 0xba, 0x00 } },
    { 0x74f7, 1, { 0x90, 0x1e, 0x2a, 0x94, 0xfe, 0x24, 0xf6, 0x00 } },
    { 0x74f8, 1, { 0xee, 0x44, 0x6a, 0x6e, 0x6a, 0x6e, 0xde, 0x00 } },
    { 0x7503, 1, { 0x14, 0xee, 0x74, 0xaa, 0xfe, 0x24, 0xf6, 0x00 } },
    { 0x7504, 1, { 0xfe, 0x48, 0xec, 0xec, 0xec, 0x4c, 0xfa, 0x00 } },
    { 0x7505, 1, { 0xee, 0x48, 0x6e, 0x6e, 0x74, 0x6e, 0xde, 0x00 } },
    { 0x750c, 1, { 0xfe, 0xb8, 0xbc, 0x8c, 0xdc, 0xdc, 0xfa, 0x00 } },
    { 0x750d, 1, { 0x28, 0xfe, 0x54, 0xfe, 0xbe, 0x24, 0xf6, 0x00 } },
    { 0x750e, 1, { 0x5e, 0xe8, 0x6c, 0x6c, 0xec, 0x2c, 0xba, 0x00 } },
    { 0x7511, 1, { 0xbe, 0x10, 0xfc, 0xf4, 0x1c, 0xd4, 0xfa, 0x00 } },
    { 0x7513, 1, { 0x64, 0x6e, 0xca, 0x64, 0xfe, 0x24, 0xf6, 0x00 } },
    { 0x7515, 1, { 0x10, 0xfe, 0x5c, 0x9e, 0xfe, 0x24, 0xf6, 0x00 } },
    { 0x7518, 1, { 0x44, 0xfe, 0x44, 0x7c, 0x44, 0x44, 0x7c, 0x00 } },
    { 0x751a, 1, { 0x28, 0xfe, 0x28, 0x38, 0xfe, 0x54, 0x7e, 0x00 } },
    { 0x751c, 1, { 0x2a, 0xde, 0xea, 0x4e, 0xea, 0xaa, 0xee, 0x00 } },
    { 0x751e, 1, { 0x54, 0xfe, 0xba, 0x44, 0xfe, 0x44, 0x7c, 0x00 } },
    { 0x751f, 1, { 0x50, 0x7e, 0x90, 0x10, 0x7c, 0x10, 0xfe, 0x00 } },
    { 0x7523, 1, { 0x10, 0xfe, 0x24, 0x7e, 0x5c, 0x48, 0xbe, 0x00 } },
    { 0x7525, 1, { 0xde, 0xf6, 0x5e, 0xf6, 0x5e, 0xea, 0x16, 0x00 } },
    { 0x7526, 1, { 0xec, 0x4e, 0xf4, 0xee, 0xc4, 0x5e, 0xbe, 0x00 } },
    { 0x7528, 1, { 0x7e, 0x52, 0x7e, 0x52, 0x7e, 0x52, 0x96, 0x00 } },
    { 0x752b, 1, { 0x14, 0xfe, 0x10, 0x7c, 0x54, 0x7c, 0x54, 0x00 } },
    { 0x752c, 1, { 0x7e, 0x04, 0x7e, 0x52, 0x7e, 0x52, 0x56, 0x00 } },
    { 0x7530, 1, { 0xfe, 0x92, 0x92, 0xfe, 0x92, 0x92, 0xfe, 0x00 } },
    { 0x7531, 1, { 0x10, 0xfe, 0x92, 0xfe, 0x92, 0x92, 0xfe, 0x00 } },
    { 0x7532, 1, { 0xfe, 0x92, 0xfe, 0x92, 0xfe, 0x10, 0x10, 0x00 } },
    { 0x7533, 1, { 0x10, 0xfe, 0x92, 0xfe, 0x92, 0xfe, 0x10, 0x00 } },
    { 0x7537, 1, { 0x7c, 0x54, 0x7c, 0x54, 0xfe, 0x22, 0xc6, 0x00 } },
    { 0x7538, 1, { 0x40, 0x7e, 0xd6, 0x7e, 0x56, 0x7e, 0x02, 0x00 } },
    { 0x753a, 1, { 0xf0, 0xbe, 0xf4, 0xb4, 0xb4, 0xf4, 0x0c, 0x00 } },
    { 0x753b, 1, { 0xfe, 0x10, 0xba, 0xba, 0xba, 0x82, 0xfe, 0x00 } },
    { 0x753c, 1, { 0x7c, 0x54, 0x7c, 0x54, 0xfe, 0x10, 0x30, 0x00 } },
    { 0x7544, 1, { 0x52, 0x04, 0x7e, 0x52, 0x7e, 0x52, 0x7e, 0x00 } },
    { 0x7546, 1, { 0x44, 0xe4, 0x04, 0xe4, 0xe8, 0xea, 0xfe, 0x00 } },
    { 0x7549, 1, { 0x04, 0xee, 0xe4, 0xfe, 0xe4, 0xe4, 0x1a, 0x00 } },
    { 0x754a, 1, { 0x0a, 0xfe, 0xea, 0xea, 0xfe, 0xea, 0x12, 0x00 } },
    { 0x754b, 1, { 0x08, 0xee, 0xfa, 0xea, 0xea, 0xe4, 0x1a, 0x00 } },
    { 0x754c, 1, { 0x7c, 0x54, 0x7c, 0x54, 0x7c, 0xaa, 0x48, 0x00 } },
    { 0x754d, 1, { 0x04, 0xea, 0xf0, 0xea, 0xea, 0xea, 0x12, 0x00 } },
    { 0x754f, 1, { 0x7c, 0x54, 0x7c, 0x54, 0xfe, 0x48, 0xe6, 0x00 } },
    { 0x7551, 1, { 0x5e, 0x56, 0xf6, 0xde, 0x56, 0x76, 0x9e, 0x00 } },
    { 0x7554, 1, { 0x04, 0xf6, 0xe4, 0xfe, 0xe4, 0xfe, 0x04, 0x00 } },
    { 0x7559, 1, { 0x2e, 0xc6, 0x96, 0xea, 0x7c, 0x54, 0x7c, 0x00 } },
    { 0x755a, 1, { 0x28, 0x74, 0xfe, 0x44, 0xbe, 0x34, 0x3c, 0x00 } },
    { 0x755b, 1, { 0x08, 0xf4, 0xea, 0xe4, 0xea, 0xe4, 0x18, 0x00 } },
    { 0x755c, 1, { 0x10, 0xfe, 0x60, 0x12, 0xfe, 0x54, 0x7c, 0x00 } },
    { 0x755d, 1, { 0x48, 0xee, 0x12, 0xe4, 0xe4, 0xea, 0xf2, 0x00 } },
    { 0x7560, 1, { 0x10, 0x7c, 0x44, 0x7c, 0xfe, 0x92, 0xfe, 0x00 } },
    { 0x7562, 1, { 0x7c, 0x54, 0x7c, 0xfe, 0x54, 0xfe, 0x10, 0x00 } },
    { 0x7564, 1, { 0x08, 0xfc, 0xe8, 0xfe, 0xe4, 0xfe, 0x14, 0x00 } },
    { 0x7565, 1, { 0x06, 0xea, 0xe4, 0xea, 0xf0, 0xee, 0x0e, 0x00 } },
    { 0x7566, 1, { 0x04, 0xee, 0xe4, 0xfe, 0xee, 0xe4, 0x1e, 0x00 } },
    { 0x7567, 1, { 0x7c, 0x54, 0x7c, 0x28, 0x10, 0xee, 0x38, 0x00 } },
    { 0x7569, 1, { 0x08, 0xfe, 0xe8, 0xfa, 0xf4, 0xf4, 0x1a, 0x00 } },
    { 0x756a, 1, { 0xfe, 0x54, 0xfe, 0x38, 0xd6, 0x7c, 0x7c, 0x00 } },
    { 0x756b, 1, { 0x10, 0x7c, 0x16, 0x7c, 0xfe, 0x54, 0xfe, 0x00 } },
    { 0x756d, 1, { 0x04, 0xea, 0xfe, 0xe4, 0xfe, 0xe4, 0x16, 0x00 } },
    { 0x7570, 1, { 0x7c, 0x54, 0x7c, 0x28, 0xfe, 0x00, 0xc6, 0x00 } },
    { 0x7573, 1, { 0x7c, 0x54, 0x7c, 0xfe, 0xba, 0x28, 0xfe, 0x00 } },
    { 0x7574, 1, { 0x08, 0xfc, 0xfe, 0xf4, 0xfe, 0xe4, 0x14, 0x00 } },
    { 0x7576, 1, { 0x54, 0xfe, 0xaa, 0x38, 0x7c, 0x54, 0x7c, 0x00 } },
    { 0x7577, 1, { 0x3e, 0xd4, 0xea, 0xfe, 0xea, 0xd4, 0x2a, 0x00 } },
    { 0x7578, 1, { 0x04, 0xfe, 0xe4, 0xea, 0xfe, 0xe2, 0x0a, 0x00 } },
    { 0x757f, 1, { 0x54, 0x98, 0x54, 0xfc, 0x0a, 0xe4, 0xea, 0x00 } },
    { 0x7582, 1, { 0x38, 0xba, 0x44, 0xfe, 0xba, 0x28, 0xfe, 0x00 } },
    { 0x7586, 1, { 0xfe, 0x2c, 0x6c, 0x5e, 0xec, 0x6c, 0xde, 0x00 } },
    { 0x7587, 1, { 0x08, 0xfc, 0xfe, 0xe8, 0xfe, 0xf4, 0x0c, 0x00 } },
    { 0x7589, 1, { 0x38, 0x38, 0xee, 0xfe, 0xaa, 0x50, 0xfe, 0x00 } },
    { 0x758a, 1, { 0x38, 0x38, 0xee, 0xfe, 0xba, 0x28, 0xfe, 0x00 } },
    { 0x758b, 1, { 0xfe, 0x12, 0x10, 0x5c, 0x50, 0x50, 0xbe, 0x00 } },
    { 0x758e, 1, { 0xe8, 0x3e, 0x5a, 0x7e, 0xc8, 0xdc, 0xea, 0x00 } },
    { 0x758f, 1, { 0xe8, 0x3e, 0x54, 0x7a, 0xd8, 0xda, 0xea, 0x00 } },
    { 0x7591, 1, { 0x9e, 0xe4, 0x9e, 0x6a, 0xec, 0x58, 0xb6, 0x00 } },
    { 0x7594, 1, { 0x08, 0x7e, 0xc0, 0x7e, 0xc8, 0x48, 0x98, 0x00 } },
    { 0x759a, 1, { 0x08, 0x7e, 0xcc, 0x54, 0xc4, 0x48, 0xb6, 0x00 } },
    { 0x759d, 1, { 0x08, 0x7e, 0xc0, 0x48, 0xea, 0x6a, 0xbe, 0x00 } },
    { 0x75a3, 1, { 0x08, 0x7e, 0xc8, 0x7e, 0xcc, 0x4c, 0xb6, 0x00 } },
    { 0x75a5, 1, { 0x08, 0x7e, 0xc8, 0x54, 0xf6, 0x54, 0xa4, 0x00 } },
    { 0x75ab, 1, { 0x08, 0x7e, 0xdc, 0x54, 0xee, 0x4c, 0xb6, 0x00 } },
    { 0x75b1, 1, { 0x08, 0x7e, 0xd0, 0x5e, 0xee, 0x48, 0x8e, 0x00 } },
    { 0x75b2, 1, { 0x08, 0x7e, 0xc4, 0x5e, 0xda, 0x54, 0xaa, 0x00 } },
    { 0x75b3, 1, { 0x08, 0x7e, 0xd4, 0x7e, 0xd4, 0x54, 0x9c, 0x00 } },
    { 0x75b5, 1, { 0x08, 0x7e, 0xd4, 0x5e, 0xf4, 0x7c, 0xb6, 0x00 } },
    { 0x75b8, 1, { 0x08, 0x7e, 0xdc, 0x54, 0xdc, 0x40, 0xbe, 0x00 } },
    { 0x75b9, 1, { 0x08, 0x7e, 0xc8, 0x54, 0xea, 0x44, 0x98, 0x00 } },
    { 0x75bc, 1, { 0x08, 0x7e, 0xcc, 0x54, 0xcc, 0x72, 0x88, 0x00 } },
    { 0x75bd, 1, { 0x08, 0x7e, 0xdc, 0x54, 0xdc, 0x54, 0xbe, 0x00 } },
    { 0x75be, 1, { 0x08, 0x7e, 0xd0, 0x5c, 0xfe, 0x48, 0xb6, 0x00 } },
    { 0x75c2, 1, { 0x08, 0x7e, 0xd0, 0x7e, 0xda, 0x5a, 0xae, 0x00 } },
    { 0x75c3, 1, { 0x08, 0x7e, 0xc8, 0x7e, 0xd0, 0x4a, 0xbe, 0x00 } },
    { 0x75c5, 1, { 0x08, 0x7e, 0xdc, 0x7e, 0xea, 0x76, 0xa2, 0x00 } },
    { 0x75c7, 1, { 0x08, 0x7e, 0xde, 0x44, 0xd6, 0x54, 0xbe, 0x00 } },
    { 0x75ca, 1, { 0x08, 0x7e, 0xc8, 0x54, 0xfe, 0x48, 0xbe, 0x00 } },
    { 0x75cd, 1, { 0x08, 0x7e, 0xfc, 0x58, 0xde, 0x4a, 0xb6, 0x00 } },
    { 0x75d2, 1, { 0x08, 0x7e, 0xd4, 0x7e, 0xc8, 0x7e, 0x88, 0x00 } },
    { 0x75d4, 1, { 0x08, 0x7e, 0xdc, 0x48, 0xfe, 0x54, 0x8c, 0x00 } },
    { 0x75d5, 1, { 0x08, 0x7e, 0xdc, 0x54, 0xdc, 0x54, 0x9a, 0x00 } },
    { 0x75d8, 1, { 0x08, 0x7e, 0xc0, 0x5e, 0xd2, 0x4c, 0x9e, 0x00 } },
    { 0x75d9, 1, { 0x08, 0x7e, 0xca, 0x54, 0xfe, 0x48, 0xbe, 0x00 } },
    { 0x75db, 1, { 0x08, 0x7e, 0xc4, 0x7e, 0xea, 0x7e, 0xaa, 0x00 } },
    { 0x75de, 1, { 0x08, 0x7e, 0xde, 0x4c, 0xd6, 0x6c, 0x8c, 0x00 } },
    { 0x75e2, 1, { 0x08, 0x7e, 0xc8, 0x76, 0xd6, 0x7a, 0x96, 0x00 } },
    { 0x75e3, 1, { 0x08, 0x7e, 0xdc, 0x48, 0xdc, 0x72, 0xae, 0x00 } },
    { 0x75e9, 1, { 0x08, 0x7e, 0xdc, 0x7e, 0xd4, 0x48, 0xb6, 0x00 } },
    { 0x75f0, 1, { 0x08, 0x7e, 0xea, 0x48, 0xf6, 0x48, 0xb6, 0x00 } },
    { 0x75f2, 1, { 0x08, 0x7e, 0xd4, 0x7e, 0xfe, 0x7e, 0x94, 0x00 } },
    { 0x75f3, 1, { 0x08, 0x7e, 0xd4, 0x7e, 0xd4, 0x7e, 0x94, 0x00 } },
    { 0x75f4, 1, { 0x08, 0x7e, 0xd0, 0x5e, 0xf6, 0x56, 0xa8, 0x00 } },
    { 0x75fa, 1, { 0x08, 0x7e, 0xda, 0x5e, 0xcc, 0x5e, 0x84, 0x00 } },
    { 0x75fc, 1, { 0x08, 0x7e, 0xea, 0x7e, 0xea, 0x76, 0xbe, 0x00 } },
    { 0x75fe, 1, { 0x08, 0x7e, 0xf2, 0x6e, 0xfe, 0x72, 0xa6, 0x00 } },
    { 0x75ff, 1, { 0x08, 0x7e, 0xdc, 0x6a, 0xfe, 0x54, 0xba, 0x00 } },
    { 0x7601, 1, { 0x08, 0x7e, 0xfe, 0x54, 0xea, 0x7e, 0x88, 0x00 } },
    { 0x7609, 1, { 0x08, 0x7e, 0xc8, 0x54, 0xfa, 0x5c, 0x9a, 0x00 } },
    { 0x760b, 1, { 0x08, 0x7e, 0xe4, 0x7c, 0xfc, 0x6c, 0xda, 0x00 } },
    { 0x760d, 1, { 0x08, 0x7e, 0xd4, 0x5c, 0xfe, 0x56, 0xaa, 0x00 } },
    { 0x761f, 1, { 0x08, 0x7e, 0xd6, 0x5a, 0xde, 0x4c, 0x9e, 0x00 } },
    { 0x7620, 1, { 0x08, 0x7e, 0xf6, 0x48, 0xf6, 0x5c, 0x94, 0x00 } },
    { 0x7621, 1, { 0x08, 0x7e, 0xc8, 0x54, 0xfa, 0x5c, 0xac, 0x00 } },
    { 0x7622, 1, { 0x08, 0x7e, 0xd0, 0x7e, 0xfa, 0x74, 0xba, 0x00 } },
    { 0x7624, 1, { 0x08, 0x7e, 0xd6, 0x66, 0xfa, 0x5c, 0x9c, 0x00 } },
    { 0x7627, 1, { 0x08, 0x7e, 0xcc, 0x58, 0xd6, 0x5c, 0xa6, 0x00 } },
    { 0x7630, 1, { 0x08, 0x7e, 0xdc, 0x5c, 0xfe, 0x48, 0xaa, 0x00 } },
    { 0x7634, 1, { 0x08, 0x7e, 0xd4, 0x7e, 0xdc, 0x7e, 0x88, 0x00 } },
    { 0x763b, 1, { 0x08, 0x7e, 0xdc, 0x7e, 0xfe, 0x54, 0xba, 0x00 } },
    { 0x7642, 1, { 0x08, 0x7e, 0xd4, 0x7e, 0xd4, 0x48, 0xaa, 0x00 } },
    { 0x7646, 1, { 0x08, 0x7e, 0xea, 0x54, 0xfe, 0x6e, 0x94, 0x00 } },
    { 0x7647, 1, { 0x08, 0x7e, 0xf6, 0x62, 0xee, 0x6e, 0xb6, 0x00 } },
    { 0x7648, 1, { 0x08, 0x7e, 0xfa, 0x5c, 0xea, 0x54, 0xaa, 0x00 } },
    { 0x764c, 1, { 0x08, 0x7e, 0xdc, 0x76, 0xf6, 0x6a, 0xbe, 0x00 } },
    { 0x7652, 1, { 0x08, 0x7e, 0xc8, 0x76, 0xf4, 0x52, 0xae, 0x00 } },
    { 0x7656, 1, { 0x08, 0x7e, 0xf4, 0x7e, 0xea, 0x7e, 0xb4, 0x00 } },
    { 0x7658, 1, { 0x08, 0x7e, 0xd4, 0x7e, 0xdc, 0x7e, 0xae, 0x00 } },
    { 0x765c, 1, { 0x08, 0x7e, 0xf0, 0x6e, 0xfa, 0x44, 0xaa, 0x00 } },
    { 0x7661, 1, { 0x08, 0x7e, 0xe6, 0x7a, 0xfe, 0x54, 0xaa, 0x00 } },
    { 0x7662, 1, { 0x08, 0x7e, 0xd4, 0x7e, 0xdc, 0x7a, 0x94, 0x00 } },
    { 0x7667, 1, { 0x08, 0x7e, 0xde, 0x5a, 0xd0, 0x54, 0xae, 0x00 } },
    { 0x7668, 1, { 0x08, 0x7e, 0xdc, 0x6a, 0xdc, 0x78, 0x9e, 0x00 } },
    { 0x7669, 1, { 0x08, 0x7e, 0xf2, 0x76, 0xe6, 0x70, 0xaa, 0x00 } },
    { 0x766a, 1, { 0x08, 0x7e, 0xf4, 0x5e, 0xf6, 0x70, 0x9a, 0x00 } },
    { 0x766c, 1, { 0x08, 0x7e, 0xd0, 0x7a, 0xf4, 0x4e, 0xb4, 0x00 } },
    { 0x7670, 1, { 0x08, 0x7e, 0xd6, 0x6c, 0xd6, 0x74, 0xbe, 0x00 } },
    { 0x7672, 1, { 0x08, 0x7e, 0xe6, 0x76, 0xf6, 0x40, 0xaa, 0x00 } },
    { 0x7676, 1, { 0x00, 0x74, 0xaa, 0x44, 0x82, 0x00, 0x00, 0x00 } },
    { 0x7678, 1, { 0x74, 0xaa, 0x44, 0xba, 0x7c, 0x10, 0xee, 0x00 } },
    { 0x767a, 1, { 0x74, 0xaa, 0x44, 0xba, 0x7c, 0x28, 0xce, 0x00 } },
    { 0x767b, 1, { 0x74, 0xaa, 0x44, 0xba, 0x28, 0x10, 0xfe, 0x00 } },
    { 0x767c, 1, { 0x74, 0xaa, 0x44, 0xae, 0x4a, 0x24, 0x6a, 0x00 } },
    { 0x767d, 1, { 0x10, 0x7e, 0x42, 0x7e, 0x42, 0x42, 0x7e, 0x00 } },
    { 0x767e, 1, { 0xfe, 0x10, 0x7c, 0x44, 0x7c, 0x44, 0x7c, 0x00 } },
    { 0x7680, 1, { 0x10, 0x7c, 0x44, 0x7c, 0x70, 0x42, 0x3e, 0x00 } },
    { 0x7683, 1, { 0x10, 0x7c, 0x44, 0x7c, 0x7c, 0x2a, 0xce, 0x00 } },
    { 0x7684, 1, { 0x48, 0xee, 0xb2, 0xea, 0xa6, 0xe2, 0x06, 0x00 } },
    { 0x7686, 1, { 0x48, 0x6e, 0x48, 0xee, 0x10, 0x7c, 0x7c, 0x00 } },
    { 0x7687, 1, { 0x10, 0x7c, 0x44, 0x7c, 0xfe, 0x10, 0xfe, 0x00 } },
    { 0x7688, 1, { 0x5e, 0xf0, 0xbe, 0xfa, 0xba, 0xe4, 0x1a, 0x00 } },
    { 0x768b, 1, { 0x10, 0x7c, 0x44, 0xfe, 0x54, 0xba, 0x10, 0x00 } },
    { 0x768e, 1, { 0x44, 0xfe, 0xaa, 0xf0, 0xaa, 0xe4, 0x1a, 0x00 } },
    { 0x7690, 1, { 0x10, 0x7c, 0x7c, 0xd6, 0x10, 0xfe, 0x10, 0x00 } },
    { 0x7693, 1, { 0x4c, 0xee, 0xb4, 0xfe, 0xa0, 0xee, 0x0e, 0x00 } },
    { 0x7696, 1, { 0x44, 0xfe, 0xb6, 0xe0, 0xbe, 0xec, 0x16, 0x00 } },
    { 0x7699, 1, { 0x2e, 0xf8, 0x6e, 0xb4, 0x10, 0x7c, 0x7c, 0x00 } },
    { 0x769a, 1, { 0x56, 0xfe, 0xa0, 0xfe, 0xb2, 0xec, 0x1e, 0x00 } },
    { 0x76ae, 1, { 0x08, 0x7e, 0x4a, 0x7c, 0x54, 0x48, 0xb6, 0x00 } },
    { 0x76b0, 1, { 0x48, 0xee, 0xd2, 0xee, 0xae, 0xc8, 0xae, 0x00 } },
    { 0x76b4, 1, { 0x54, 0xfe, 0x5c, 0x8e, 0x3a, 0x5c, 0xaa, 0x00 } },
    { 0x76b7, 1, { 0x44, 0xfe, 0x56, 0xbe, 0xda, 0x74, 0xda, 0x00 } },
    { 0x76b8, 1, { 0xf4, 0xbe, 0xfc, 0x6e, 0x6a, 0xfc, 0x2a, 0x00 } },
    { 0x76b9, 1, { 0x5e, 0xf6, 0xde, 0xec, 0xac, 0xde, 0xa4, 0x00 } },
    { 0x76ba, 1, { 0x44, 0x7e, 0xb6, 0x5e, 0x7a, 0xb4, 0x5a, 0x00 } },
    { 0x76bf, 1, { 0x00, 0x7c, 0x54, 0x54, 0x54, 0x54, 0xfe, 0x00 } },
    { 0x76c2, 1, { 0x7c, 0x10, 0xfe, 0x30, 0x7c, 0x54, 0xfe, 0x00 } },
    { 0x76c3, 1, { 0xfe, 0x10, 0x34, 0xd2, 0x7c, 0x54, 0xfe, 0x00 } },
    { 0x76c6, 1, { 0x28, 0x44, 0xfa, 0x28, 0x7c, 0x54, 0xfe, 0x00 } },
    { 0x76c8, 1, { 0xf8, 0x2e, 0x52, 0xaa, 0x7c, 0x54, 0xfe, 0x00 } },
    { 0x76ca, 1, { 0x44, 0xfe, 0x44, 0x82, 0x7c, 0x54, 0xfe, 0x00 } },
    { 0x76cd, 1, { 0x10, 0x7c, 0xfe, 0x24, 0xfa, 0x7c, 0xfe, 0x00 } },
    { 0x76d2, 1, { 0x10, 0x28, 0xfe, 0x38, 0x7c, 0x54, 0xfe, 0x00 } },
    { 0x76d6, 1, { 0x44, 0xfe, 0x10, 0xfe, 0x7c, 0x54, 0xfe, 0x00 } },
    { 0x76d7, 1, { 0x90, 0x1e, 0x2a, 0x94, 0x7c, 0x54, 0xfe, 0x00 } },
    { 0x76db, 1, { 0x04, 0x7e, 0x64, 0xaa, 0x7c, 0x54, 0xfe, 0x00 } },
    { 0x76dc, 1, { 0x90, 0x1e, 0xaa, 0x14, 0xbc, 0x34, 0xfe, 0x00 } },
    { 0x76de, 1, { 0x14, 0xfc, 0x32, 0xcc, 0x32, 0x7c, 0xfe, 0x00 } },
    { 0x76df, 1, { 0xee, 0xaa, 0xee, 0x12, 0x7c, 0x54, 0xfe, 0x00 } },
    { 0x76e1, 1, { 0x10, 0x7c, 0x16, 0x7c, 0xaa, 0x7c, 0xfe, 0x00 } },
    { 0x76e3, 1, { 0xe8, 0xce, 0xd0, 0xe6, 0x7c, 0x54, 0xfe, 0x00 } },
    { 0x76e4, 1, { 0x6e, 0x6a, 0xf4, 0xaa, 0x7c, 0x54, 0xfe, 0x00 } },
    { 0x76e5, 1, { 0x56, 0xba, 0xd6, 0xba, 0xd6, 0x7c, 0xfe, 0x00 } },
    { 0x76e7, 1, { 0x08, 0x0e, 0x78, 0x4e, 0x5c, 0x5c, 0xbe, 0x00 } },
    { 0x76ea, 1, { 0x9c, 0x14, 0xbe, 0x16, 0xaa, 0x7c, 0xfe, 0x00 } },
    { 0x76ee, 1, { 0x7e, 0x42, 0x7e, 0x42, 0x7e, 0x42, 0x7e, 0x00 } },
    { 0x76f2, 1, { 0x10, 0xfe, 0x40, 0x7c, 0x7c, 0x44, 0x7c, 0x00 } },
    { 0x76f4, 1, { 0x10, 0xfe, 0x10, 0xbc, 0xa4, 0xbc, 0xfe, 0x00 } },
    { 0x76f8, 1, { 0x2e, 0xfa, 0x2e, 0x7a, 0x6e, 0xaa, 0x2e, 0x00 } },
    { 0x76fb, 1, { 0xe4, 0xaa, 0xfe, 0xa8, 0xee, 0xa2, 0xe6, 0x00 } },
    { 0x76fe, 1, { 0x06, 0x78, 0x7e, 0x48, 0x5c, 0x5c, 0x9c, 0x00 } },
    { 0x7701, 1, { 0x10, 0x54, 0x92, 0x3c, 0xe4, 0x3c, 0x3c, 0x00 } },
    { 0x7704, 1, { 0xee, 0xa4, 0xf6, 0xb6, 0xfe, 0xa2, 0xe6, 0x00 } },
    { 0x7707, 1, { 0xe8, 0xbc, 0xfa, 0xa8, 0xea, 0xa4, 0xf8, 0x00 } },
    { 0x7708, 1, { 0xe8, 0xbe, 0xfa, 0xa8, 0xec, 0xac, 0xf6, 0x00 } },
    { 0x7709, 1, { 0x7e, 0x4a, 0x7e, 0x52, 0x5e, 0x52, 0x9e, 0x00 } },
    { 0x770b, 1, { 0x0c, 0x70, 0x3c, 0xfe, 0x7c, 0xa4, 0x3c, 0x00 } },
    { 0x770c, 1, { 0x3c, 0xa4, 0xbc, 0xa4, 0xfe, 0x10, 0x92, 0x00 } },
    { 0x771b, 1, { 0xe8, 0xbc, 0xe8, 0xbe, 0xe8, 0xbc, 0xea, 0x00 } },
    { 0x771e, 1, { 0x40, 0x7c, 0x38, 0xb8, 0xfe, 0x00, 0xc6, 0x00 } },
    { 0x771f, 1, { 0x10, 0xfe, 0x38, 0x38, 0xfe, 0x00, 0xc6, 0x00 } },
    { 0x7720, 1, { 0xfe, 0xb2, 0xfe, 0xb4, 0xfe, 0xb4, 0xfa, 0x00 } },
    { 0x7724, 1, { 0xfe, 0xb2, 0xfe, 0xb4, 0xf6, 0xb4, 0xe6, 0x00 } },
    { 0x7725, 1, { 0x24, 0xb6, 0xa4, 0xf6, 0x7c, 0x7c, 0x7c, 0x00 } },
    { 0x7726, 1, { 0xf4, 0xb4, 0xfe, 0xb4, 0xf4, 0xbc, 0xf6, 0x00 } },
    { 0x7729, 1, { 0xe4, 0xbe, 0xe8, 0xba, 0xe4, 0xaa, 0xfe, 0x00 } },
    { 0x7737, 1, { 0x54, 0x92, 0x28, 0xfe, 0x44, 0xba, 0x38, 0x00 } },
    { 0x7738, 1, { 0xe8, 0xb2, 0xfe, 0xae, 0xf4, 0xbe, 0xe4, 0x00 } },
    { 0x773a, 1, { 0xf4, 0xb6, 0xf4, 0xb6, 0xf4, 0xb4, 0xe6, 0x00 } },
    { 0x773c, 1, { 0xfe, 0xb2, 0xfe, 0xb2, 0xfe, 0xb4, 0xfa, 0x00 } },
    { 0x7740, 1, { 0x44, 0xfe, 0x10, 0xfe, 0x5c, 0x5c, 0x9c, 0x00 } },
    { 0x7747, 1, { 0xea, 0xbe, 0xe6, 0xbe, 0xf4, 0xae, 0xf6, 0x00 } },
    { 0x775a, 1, { 0xfe, 0xb4, 0xfe, 0xb4, 0xfe, 0xb4, 0xee, 0x00 } },
    { 0x775b, 1, { 0xe4, 0xae, 0xe4, 0xbe, 0xee, 0xae, 0xea, 0x00 } },
    { 0x7761, 1, { 0xee, 0xa4, 0xfe, 0xac, 0xfe, 0xa4, 0xee, 0x00 } },
    { 0x7763, 1, { 0x2e, 0x3a, 0xf4, 0xaa, 0x7c, 0x44, 0x7c, 0x00 } },
    { 0x7765, 1, { 0xe8, 0xbe, 0xfa, 0xbe, 0xec, 0xbe, 0xe4, 0x00 } },
    { 0x7766, 1, { 0xe8, 0xbc, 0xfe, 0xb4, 0xe6, 0xa8, 0xfe, 0x00 } },
    { 0x7768, 1, { 0xe8, 0xb6, 0xfa, 0xb2, 0xfe, 0xac, 0xf6, 0x00 } },
    { 0x776b, 1, { 0xe4, 0xbe, 0xe6, 0xbc, 0xe6, 0xac, 0xf6, 0x00 } },
    { 0x7779, 1, { 0xe4, 0xae, 0xe4, 0xbe, 0xe8, 0xb6, 0xe6, 0x00 } },
    { 0x777e, 1, { 0x10, 0x7c, 0x54, 0xfe, 0x28, 0xfe, 0x10, 0x00 } },
    { 0x777f, 1, { 0x10, 0x1c, 0xfe, 0xaa, 0x7c, 0xba, 0x38, 0x00 } },
    { 0x778b, 1, { 0xe8, 0xae, 0xec, 0xbc, 0xfe, 0xa0, 0xf2, 0x00 } },
    { 0x778e, 1, { 0xe4, 0xbe, 0xf6, 0xae, 0xe4, 0xbe, 0xee, 0x00 } },
    { 0x7791, 1, { 0xfe, 0xb2, 0xec, 0xac, 0xfe, 0xa0, 0xf2, 0x00 } },
    { 0x779e, 1, { 0xea, 0xbe, 0xea, 0xbe, 0xfe, 0xbe, 0xf6, 0x00 } },
    { 0x77a0, 1, { 0xea, 0xbc, 0xf6, 0xbc, 0xfe, 0xa8, 0xfe, 0x00 } },
    { 0x77a5, 1, { 0x96, 0x6a, 0xf4, 0xaa, 0x7c, 0x7c, 0x7c, 0x00 } },
    { 0x77ac, 1, { 0xfe, 0xb4, 0xfe, 0xa2, 0xf4, 0xbe, 0xe4, 0x00 } },
    { 0x77ad, 1, { 0xe8, 0xbe, 0xf4, 0xbe, 0xf4, 0xa8, 0xea, 0x00 } },
    { 0x77b0, 1, { 0xfc, 0xb6, 0xfe, 0xae, 0xee, 0xbc, 0xea, 0x00 } },
    { 0x77b3, 1, { 0xe4, 0xbe, 0xea, 0xbe, 0xee, 0xa4, 0xfe, 0x00 } },
    { 0x77b6, 1, { 0xe4, 0xbe, 0xf6, 0xbe, 0xec, 0xac, 0xf2, 0x00 } },
    { 0x77b9, 1, { 0xfe, 0xb4, 0xfe, 0xb2, 0xec, 0xb4, 0xea, 0x00 } },
    { 0x77bb, 1, { 0xec, 0xb4, 0xfe, 0xba, 0xf4, 0xbe, 0xec, 0x00 } },
    { 0x77bc, 1, { 0xe8, 0xb4, 0xfe, 0xaa, 0xfe, 0xb4, 0xea, 0x00 } },
    { 0x77bd, 1, { 0x44, 0xee, 0x4a, 0xa4, 0xca, 0x7c, 0x7c, 0x00 } },
    { 0x77bf, 1, { 0x6c, 0x6c, 0x3e, 0x68, 0xbc, 0x28, 0x3e, 0x00 } },
    { 0x77c7, 1, { 0xf4, 0xbe, 0xf4, 0xbe, 0xfa, 0xac, 0xfa, 0x00 } },
    { 0x77cd, 1, { 0x6c, 0x6c, 0x78, 0xbe, 0x28, 0x10, 0xee, 0x00 } },
    { 0x77d7, 1, { 0x10, 0x7c, 0x18, 0x58, 0xfe, 0xcc, 0xee, 0x00 } },
    { 0x77da, 1, { 0xfe, 0xbe, 0xea, 0xbc, 0xfe, 0xae, 0xfa, 0x00 } },
    { 0x77db, 1, { 0x7c, 0x14, 0x08, 0xfe, 0x2a, 0xc8, 0x18, 0x00 } },
    { 0x77dc, 1, { 0xe8, 0x34, 0x4e, 0xe0, 0x7e, 0xa4, 0x68, 0x00 } },
    { 0x77e2, 1, { 0x40, 0x7c, 0x90, 0xfe, 0x10, 0x28, 0xc6, 0x00 } },
    { 0x77e3, 1, { 0x10, 0x24, 0xfa, 0x20, 0x7c, 0x10, 0xee, 0x00 } },
    { 0x77e5, 1, { 0x40, 0x7e, 0xaa, 0x7a, 0x2a, 0x5a, 0x8e, 0x00 } },
    { 0x77e7, 1, { 0x9a, 0xea, 0x5a, 0xf2, 0x5a, 0x6a, 0x9a, 0x00 } },
    { 0x77e9, 1, { 0x4e, 0x78, 0xae, 0x7a, 0x2e, 0x58, 0x8e, 0x00 } },
    { 0x77ed, 1, { 0x9e, 0xe0, 0x5e, 0xf2, 0x5e, 0x6c, 0x9e, 0x00 } },
    { 0x77ee, 1, { 0x9c, 0xfe, 0x5c, 0xea, 0x7e, 0x54, 0xba, 0x00 } },
    { 0x77ef, 1, { 0x9c, 0xfe, 0x54, 0xea, 0x7e, 0x62, 0xaa, 0x00 } },
    { 0x77f3, 1, { 0xfe, 0x20, 0x20, 0x7c, 0xa4, 0x24, 0x3c, 0x00 } },
    { 0x77fc, 1, { 0xe0, 0x5e, 0x44, 0x84, 0x64, 0x64, 0x1e, 0x00 } },
    { 0x7802, 1, { 0xe8, 0x5c, 0x5a, 0x88, 0x6a, 0x64, 0x18, 0x00 } },
    { 0x780c, 1, { 0xe6, 0x56, 0x5e, 0x96, 0x7e, 0x66, 0x0a, 0x00 } },
    { 0x7812, 1, { 0xf4, 0x54, 0x5e, 0x94, 0x74, 0x7c, 0x16, 0x00 } },
    { 0x7814, 1, { 0xfe, 0x4a, 0x4a, 0x9e, 0x6a, 0x6a, 0x12, 0x00 } },
    { 0x7815, 1, { 0xe8, 0x5c, 0x4c, 0x96, 0x68, 0x7e, 0x08, 0x00 } },
    { 0x7820, 1, { 0xee, 0x4a, 0x4e, 0x8a, 0x6e, 0x6a, 0x1e, 0x00 } },
    { 0x7825, 1, { 0xe2, 0x5c, 0x54, 0x9e, 0x74, 0x72, 0x1e, 0x00 } },
    { 0x7826, 1, { 0x24, 0xb6, 0xa4, 0xfe, 0x40, 0xbc, 0x3c, 0x00 } },
    { 0x7827, 1, { 0xe8, 0x48, 0x4e, 0x88, 0x7e, 0x72, 0x1e, 0x00 } },
    { 0x7832, 1, { 0xe8, 0x4e, 0x56, 0x82, 0x6e, 0x68, 0x0e, 0x00 } },
    { 0x7834, 1, { 0xe4, 0x5e, 0x56, 0x9e, 0x7a, 0x74, 0x0a, 0x00 } },
    { 0x783a, 1, { 0xfe, 0x50, 0x5e, 0x94, 0x76, 0x6a, 0x0a, 0x00 } },
    { 0x783f, 1, { 0xe4, 0x5e, 0x50, 0x94, 0x74, 0x6a, 0x0e, 0x00 } },
    { 0x7845, 1, { 0xe4, 0x4e, 0x44, 0x9e, 0x6e, 0x64, 0x1e, 0x00 } },
    { 0x785d, 1, { 0xf6, 0x44, 0x5e, 0x92, 0x7e, 0x72, 0x16, 0x00 } },
    { 0x786b, 1, { 0xe4, 0x5e, 0x48, 0x9e, 0x60, 0x6a, 0x1a, 0x00 } },
    { 0x786c, 1, { 0xfe, 0x4e, 0x4e, 0x84, 0x6c, 0x64, 0x1a, 0x00 } },
    { 0x786f, 1, { 0xfe, 0x52, 0x5e, 0x92, 0x7e, 0x6c, 0x16, 0x00 } },
    { 0x7872, 1, { 0xd4, 0x62, 0x48, 0x94, 0x62, 0x6c, 0x0c, 0x00 } },
    { 0x7874, 1, { 0xd4, 0x7e, 0x44, 0x94, 0x76, 0x74, 0x16, 0x00 } },
    { 0x787c, 1, { 0xfe, 0x6a, 0x7e, 0xaa, 0x7e, 0x6a, 0x16, 0x00 } },
    { 0x7881, 1, { 0x28, 0x7c, 0x28, 0xfe, 0x44, 0xba, 0x58, 0x00 } },
    { 0x7886, 1, { 0x84, 0x1e, 0x94, 0x2a, 0xfe, 0x64, 0xbc, 0x00 } },
    { 0x7887, 1, { 0xe4, 0x5e, 0x56, 0x84, 0x6e, 0x6c, 0x16, 0x00 } },
    { 0x788c, 1, { 0xce, 0x54, 0x7e, 0x88, 0x6a, 0x7c, 0x2a, 0x00 } },
    { 0x788d, 1, { 0xec, 0x4c, 0x5e, 0x84, 0x7e, 0x74, 0x0c, 0x00 } },
    { 0x788e, 1, { 0xc8, 0x7e, 0x54, 0x94, 0x6a, 0x7e, 0x08, 0x00 } },
    { 0x7891, 1, { 0xe8, 0x5e, 0x5a, 0x9e, 0x6c, 0x7e, 0x04, 0x00 } },
    { 0x7893, 1, { 0xf4, 0x5e, 0x54, 0x9e, 0x74, 0x74, 0x1e, 0x00 } },
    { 0x7895, 1, { 0xe8, 0x5e, 0x48, 0x94, 0x7e, 0x64, 0x14, 0x00 } },
    { 0x7897, 1, { 0xe4, 0x5e, 0x52, 0x8e, 0x76, 0x6c, 0x16, 0x00 } },
    { 0x789a, 1, { 0xe4, 0x5e, 0x4a, 0x9e, 0x60, 0x6e, 0x0e, 0x00 } },
    { 0x78a3, 1, { 0xfc, 0x54, 0x5c, 0x9e, 0x72, 0x7a, 0x06, 0x00 } },
    { 0x78a7, 1, { 0xe4, 0x4e, 0xea, 0x4e, 0xfe, 0x64, 0xbc, 0x00 } },
    { 0x78a9, 1, { 0xfe, 0x48, 0x5e, 0x92, 0x7e, 0x60, 0x12, 0x00 } },
    { 0x78aa, 1, { 0xd4, 0x7e, 0x54, 0x94, 0x7e, 0x68, 0x3e, 0x00 } },
    { 0x78af, 1, { 0xea, 0x54, 0x4a, 0x9e, 0x76, 0x7a, 0x1e, 0x00 } },
    { 0x78b5, 1, { 0xe4, 0x46, 0x4c, 0x8c, 0x6c, 0x6c, 0x12, 0x00 } },
    { 0x78ba, 1, { 0xe4, 0x5e, 0x56, 0x8c, 0x7e, 0x6c, 0x0e, 0x00 } },
    { 0x78bc, 1, { 0xfe, 0x54, 0x5e, 0x94, 0x7e, 0x62, 0x16, 0x00 } },
    { 0x78be, 1, { 0xfe, 0x62, 0x7e, 0xac, 0x7e, 0x74, 0x1a, 0x00 } },
    { 0x78c1, 1, { 0xea, 0x5e, 0x4a, 0x94, 0x6a, 0x74, 0x1e, 0x00 } },
    { 0x78c5, 1, { 0xc8, 0x7e, 0x54, 0xbe, 0x6a, 0x6c, 0x14, 0x00 } },
    { 0x78c6, 1, { 0xee, 0x4a, 0x5e, 0x92, 0x6e, 0x6e, 0x0a, 0x00 } },
    { 0x78ca, 1, { 0x7e, 0x3c, 0x54, 0x1c, 0xfe, 0x6e, 0xb6, 0x00 } },
    { 0x78cb, 1, { 0xea, 0x5e, 0x44, 0x9e, 0x6e, 0x74, 0x0e, 0x00 } },
    { 0x78d0, 1, { 0x6e, 0x6a, 0xf4, 0xaa, 0xfe, 0x64, 0xbc, 0x00 } },
    { 0x78d1, 1, { 0xf6, 0x5e, 0x40, 0x9e, 0x72, 0x6c, 0x1e, 0x00 } },
    { 0x78d4, 1, { 0xea, 0x56, 0x4e, 0x92, 0x7e, 0x5c, 0x2a, 0x00 } },
    { 0x78da, 1, { 0xe4, 0x5e, 0x4c, 0x8e, 0x7e, 0x6a, 0x06, 0x00 } },
    { 0x78e7, 1, { 0xe4, 0x5e, 0x44, 0x9e, 0x6c, 0x6c, 0x12, 0x00 } },
    { 0x78e8, 1, { 0x08, 0x7e, 0x54, 0x7e, 0x54, 0x5e, 0xac, 0x00 } },
    { 0x78ec, 1, { 0x2e, 0xfa, 0x64, 0x8a, 0xfe, 0x64, 0xbc, 0x00 } },
    { 0x78ef, 1, { 0xd2, 0x64, 0x52, 0x9c, 0x76, 0x74, 0x2a, 0x00 } },
    { 0x78f4, 1, { 0xfa, 0x4c, 0x52, 0x8e, 0x6a, 0x64, 0x1e, 0x00 } },
    { 0x78fd, 1, { 0xe4, 0x4e, 0x5e, 0x9a, 0x7e, 0x6c, 0x16, 0x00 } },
    { 0x7901, 1, { 0xea, 0x4e, 0x5c, 0x8c, 0x6e, 0x60, 0x16, 0x00 } },
    { 0x7907, 1, { 0xe8, 0x5e, 0x5e, 0x9a, 0x7e, 0x64, 0x1a, 0x00 } },
    { 0x790e, 1, { 0xea, 0x5e, 0x4a, 0x94, 0x6e, 0x6c, 0x16, 0x00 } },
    { 0x7911, 1, { 0xea, 0x5c, 0x76, 0x9c, 0x7e, 0x6a, 0x3e, 0x00 } },
    { 0x7912, 1, { 0xea, 0x5e, 0x44, 0x9e, 0x6a, 0x7c, 0x0a, 0x00 } },
    { 0x7919, 1, { 0xe6, 0x7a, 0x66, 0x9c, 0x7e, 0x54, 0x2a, 0x00 } },
    { 0x7926, 1, { 0xe4, 0x5e, 0x56, 0x9e, 0x76, 0x60, 0x0a, 0x00 } },
    { 0x792a, 1, { 0xfe, 0x54, 0x5e, 0x9e, 0x74, 0x6e, 0x0a, 0x00 } },
    { 0x792b, 1, { 0xda, 0x6c, 0x5a, 0xac, 0x7e, 0x5c, 0x2a, 0x00 } },
    { 0x792c, 1, { 0x54, 0xee, 0x54, 0xee, 0x7c, 0xba, 0x58, 0x00 } },
    { 0x793a, 1, { 0x7c, 0x00, 0xfe, 0x10, 0x54, 0x92, 0x30, 0x00 } },
    { 0x793c, 1, { 0x48, 0xe8, 0x28, 0x48, 0xe8, 0x4a, 0x4e, 0x00 } },
    { 0x793e, 1, { 0x44, 0xe4, 0x2e, 0x44, 0xe4, 0x44, 0x5e, 0x00 } },
    { 0x7940, 1, { 0xfe, 0x12, 0xf2, 0x5e, 0xf0, 0xd2, 0x5e, 0x00 } },
    { 0x7941, 1, { 0x4e, 0xea, 0x2c, 0x4a, 0xea, 0x4c, 0x48, 0x00 } },
    { 0x7947, 1, { 0x42, 0xfc, 0x34, 0x5e, 0xf4, 0x54, 0x5a, 0x00 } },
    { 0x7948, 1, { 0x42, 0xec, 0x28, 0x4e, 0xea, 0x4a, 0x52, 0x00 } },
    { 0x7949, 1, { 0x44, 0xe4, 0x36, 0x54, 0xf4, 0x54, 0x5e, 0x00 } },
    { 0x7950, 1, { 0x48, 0xfe, 0x28, 0x4e, 0xfa, 0x4a, 0x4e, 0x00 } },
    { 0x7953, 1, { 0xea, 0x1e, 0xe8, 0x4a, 0xea, 0xd4, 0x4a, 0x00 } },
    { 0x7955, 1, { 0xd0, 0x0a, 0xd2, 0x74, 0xfa, 0xd0, 0x6e, 0x00 } },
    { 0x7956, 1, { 0x5c, 0xf4, 0x3c, 0x54, 0xfc, 0x54, 0x7e, 0x00 } },
    { 0x7957, 1, { 0xe2, 0x1c, 0xf4, 0x5e, 0xf4, 0xd2, 0x5e, 0x00 } },
    { 0x795a, 1, { 0xe8, 0x0e, 0xf8, 0x4e, 0xe8, 0xce, 0x48, 0x00 } },
    { 0x795d, 1, { 0x5e, 0xf2, 0x32, 0x5e, 0xec, 0x4c, 0x56, 0x00 } },
    { 0x795e, 1, { 0x48, 0xfe, 0x2a, 0x7e, 0xea, 0x7e, 0x48, 0x00 } },
    { 0x795f, 1, { 0x54, 0x7c, 0x92, 0xfe, 0x7c, 0x54, 0xb2, 0x00 } },
    { 0x7960, 1, { 0xde, 0x02, 0xda, 0x42, 0xda, 0xda, 0x46, 0x00 } },
    { 0x7962, 1, { 0x48, 0xee, 0x34, 0x4c, 0xee, 0x56, 0x4c, 0x00 } },
    { 0x7965, 1, { 0x4a, 0xfe, 0x24, 0x4e, 0xe4, 0x5e, 0x44, 0x00 } },
    { 0x7968, 1, { 0xfe, 0x54, 0x7c, 0x00, 0xfe, 0x54, 0xb2, 0x00 } },
    { 0x796d, 1, { 0x76, 0x52, 0xac, 0x44, 0xba, 0x54, 0xb2, 0x00 } },
    { 0x7977, 1, { 0x48, 0xfc, 0x3e, 0x54, 0xfe, 0x64, 0x54, 0x00 } },
    { 0x797a, 1, { 0xd4, 0x3e, 0xd4, 0x5c, 0xfe, 0xc0, 0x62, 0x00 } },
    { 0x797f, 1, { 0xce, 0x14, 0xfe, 0x48, 0xea, 0xdc, 0x6a, 0x00 } },
    { 0x7980, 1, { 0x10, 0xfe, 0x6c, 0x7c, 0xfe, 0x54, 0xb2, 0x00 } },
    { 0x7981, 1, { 0x24, 0xfe, 0x6c, 0xb6, 0xfe, 0x54, 0xb2, 0x00 } },
    { 0x7984, 1, { 0x5c, 0xe4, 0x3e, 0x48, 0xea, 0x5c, 0x6a, 0x00 } },
    { 0x7985, 1, { 0x5a, 0xe4, 0x3e, 0x5e, 0xe4, 0x5e, 0x44, 0x00 } },
    { 0x798a, 1, { 0xd6, 0x3e, 0xfa, 0x50, 0xfe, 0xc8, 0x76, 0x00 } },
    { 0x798d, 1, { 0x4e, 0xea, 0x2a, 0x5e, 0xf2, 0x5a, 0x5a, 0x00 } },
    { 0x798e, 1, { 0x44, 0xe6, 0x2c, 0x4c, 0xec, 0x4c, 0x52, 0x00 } },
    { 0x798f, 1, { 0x5e, 0xec, 0x2c, 0x40, 0xfe, 0x56, 0x5e, 0x00 } },
    { 0x799d, 1, { 0xdc, 0x1c, 0xe6, 0x4c, 0xf4, 0xc8, 0x76, 0x00 } },
    { 0x79a6, 1, { 0x66, 0xbe, 0x56, 0xdc, 0x7c, 0x54, 0xb2, 0x00 } },
    { 0x79a7, 1, { 0xc8, 0x3e, 0xdc, 0x54, 0xfe, 0xd4, 0x5c, 0x00 } },
    { 0x79aa, 1, { 0xf6, 0x36, 0xdc, 0x5c, 0xdc, 0xfe, 0x48, 0x00 } },
    { 0x79ae, 1, { 0xea, 0x1e, 0xfe, 0x5e, 0xf2, 0xcc, 0x5e, 0x00 } },
    { 0x79b0, 1, { 0x5e, 0xec, 0x3e, 0x56, 0xfa, 0x56, 0x5a, 0x00 } },
    { 0x79b3, 1, { 0xc8, 0x3e, 0xf6, 0x5c, 0xfe, 0xf4, 0x5a, 0x00 } },
    { 0x79b9, 1, { 0x0c, 0xf0, 0x7c, 0x54, 0xfe, 0x9a, 0xb6, 0x00 } },
    { 0x79ba, 1, { 0x7c, 0x54, 0x7c, 0x54, 0xfe, 0x9a, 0xb6, 0x00 } },
    { 0x79bd, 1, { 0x10, 0xee, 0x54, 0x6c, 0xfe, 0xaa, 0xb6, 0x00 } },
    { 0x79be, 1, { 0x0c, 0x70, 0xfe, 0x10, 0x38, 0xd6, 0x10, 0x00 } },
    { 0x79bf, 1, { 0x38, 0xfe, 0x38, 0xd6, 0x28, 0x2a, 0xce, 0x00 } },
    { 0x79c0, 1, { 0x38, 0xfe, 0x38, 0xd6, 0x78, 0x2c, 0xc4, 0x00 } },
    { 0x79c1, 1, { 0x74, 0x24, 0xf4, 0x24, 0x78, 0xaa, 0x2e, 0x00 } },
    { 0x79c9, 1, { 0x38, 0xfe, 0x7c, 0x1e, 0x7c, 0x38, 0xd6, 0x00 } },
    { 0x79cb, 1, { 0xc8, 0x48, 0xea, 0x6c, 0xc8, 0xd4, 0x62, 0x00 } },
    { 0x79d1, 1, { 0xe4, 0x54, 0xe4, 0x54, 0xc6, 0xfc, 0x44, 0x00 } },
    { 0x79d2, 1, { 0xc8, 0x5c, 0xda, 0x68, 0xca, 0xc4, 0x58, 0x00 } },
    { 0x79d5, 1, { 0xd4, 0x54, 0xde, 0x54, 0xd4, 0xdc, 0x76, 0x00 } },
    { 0x79d8, 1, { 0xd0, 0x4a, 0xd2, 0x74, 0xfa, 0xd0, 0x6e, 0x00 } },
    { 0x79df, 1, { 0xdc, 0x54, 0xdc, 0x54, 0xdc, 0xd4, 0x7e, 0x00 } },
    { 0x79e1, 1, { 0xea, 0x5e, 0xe8, 0x4a, 0xea, 0xd4, 0x4a, 0x00 } },
    { 0x79e3, 1, { 0xc8, 0x7e, 0xc8, 0x5c, 0xc8, 0xdc, 0x6a, 0x00 } },
    { 0x79e4, 1, { 0xfe, 0x48, 0xea, 0x48, 0xfe, 0xc8, 0x48, 0x00 } },
    { 0x79e6, 1, { 0x10, 0x7c, 0x38, 0xfe, 0x54, 0x38, 0xd6, 0x00 } },
    { 0x79e7, 1, { 0xc8, 0x5c, 0xd4, 0x7e, 0xc8, 0xc8, 0x76, 0x00 } },
    { 0x79e9, 1, { 0xd8, 0x5c, 0xe8, 0x7e, 0xc8, 0xd4, 0x62, 0x00 } },
    { 0x79ec, 1, { 0xfe, 0x50, 0xfe, 0x52, 0xfe, 0xd0, 0x5e, 0x00 } },
    { 0x79f0, 1, { 0xd0, 0x5e, 0xe8, 0x5c, 0xda, 0xea, 0x58, 0x00 } },
    { 0x79fb, 1, { 0xec, 0x54, 0xe8, 0x56, 0xea, 0xc4, 0x58, 0x00 } },
    { 0x7a00, 1, { 0xd4, 0x48, 0xd4, 0x7e, 0xc8, 0xde, 0x6a, 0x00 } },
    { 0x7a08, 1, { 0xdc, 0x54, 0xdc, 0x7e, 0xc8, 0xfe, 0x48, 0x00 } },
    { 0x7a0b, 1, { 0xdc, 0x54, 0xfe, 0x48, 0xdc, 0xc8, 0x7e, 0x00 } },
    { 0x7a0d, 1, { 0xd4, 0x6a, 0xd4, 0x5c, 0xd4, 0xdc, 0x54, 0x00 } },
    { 0x7a0e, 1, { 0xd4, 0x7e, 0xe2, 0x7e, 0xd4, 0xd4, 0x66, 0x00 } },
    { 0x7a14, 1, { 0xc8, 0x54, 0xee, 0x5c, 0xc4, 0xf2, 0x6e, 0x00 } },
    { 0x7a17, 1, { 0xc8, 0x7e, 0xea, 0x7e, 0xd4, 0xfe, 0x44, 0x00 } },
    { 0x7a18, 1, { 0xd4, 0x7e, 0xd4, 0x5c, 0xfe, 0xc0, 0x62, 0x00 } },
    { 0x7a19, 1, { 0xe4, 0x5e, 0xe4, 0x56, 0xf6, 0xd0, 0x5e, 0x00 } },
    { 0x7a1a, 1, { 0xf4, 0x5e, 0xf4, 0x5e, 0xf4, 0xd4, 0x5e, 0x00 } },
    { 0x7a1c, 1, { 0xc8, 0x5c, 0xc8, 0x7e, 0xd4, 0xe8, 0x56, 0x00 } },
    { 0x7a1f, 1, { 0x10, 0xfe, 0x6c, 0x7c, 0xfe, 0x38, 0xd6, 0x00 } },
    { 0x7a20, 1, { 0xfe, 0x6a, 0xfe, 0x6a, 0xf6, 0xfe, 0x62, 0x00 } },
    { 0x7a2e, 1, { 0xc4, 0x58, 0xfe, 0x5c, 0xdc, 0xc8, 0x7e, 0x00 } },
    { 0x7a31, 1, { 0xdc, 0x6a, 0xc8, 0x5c, 0xdc, 0xfe, 0x54, 0x00 } },
    { 0x7a32, 1, { 0xe6, 0x58, 0xea, 0x40, 0xf6, 0xd6, 0x56, 0x00 } },
    { 0x7a37, 1, { 0xdc, 0x5c, 0xe6, 0x4c, 0xf4, 0xc8, 0x76, 0x00 } },
    { 0x7a3b, 1, { 0xdc, 0x6a, 0xc0, 0x56, 0xe2, 0xf6, 0x7e, 0x00 } },
    { 0x7a3c, 1, { 0xc8, 0x7e, 0xe2, 0x5c, 0xda, 0xec, 0x5a, 0x00 } },
    { 0x7a3d, 1, { 0xca, 0x7e, 0xd8, 0x6e, 0xd0, 0xde, 0x5e, 0x00 } },
    { 0x7a3e, 1, { 0x10, 0xfe, 0x38, 0xee, 0xba, 0x38, 0xd6, 0x00 } },
    { 0x7a3f, 1, { 0xc8, 0x7e, 0xd4, 0x5c, 0xfe, 0xe2, 0x6a, 0x00 } },
    { 0x7a40, 1, { 0x2e, 0xfa, 0x20, 0xfe, 0xaa, 0x74, 0xaa, 0x00 } },
    { 0x7a42, 1, { 0xc8, 0x7e, 0xdc, 0x5c, 0xc0, 0xf2, 0x6e, 0x00 } },
    { 0x7a43, 1, { 0xc8, 0x7e, 0xf6, 0x48, 0xd4, 0xee, 0x4c, 0x00 } },
    { 0x7a46, 1, { 0xc8, 0x5c, 0xdc, 0x6a, 0xcc, 0xc2, 0x5c, 0x00 } },
    { 0x7a49, 1, { 0xfe, 0x7e, 0xe4, 0x76, 0xec, 0xfe, 0x44, 0x00 } },
    { 0x7a4d, 1, { 0xc8, 0x5c, 0xc8, 0x7e, 0xdc, 0xdc, 0x62, 0x00 } },
    { 0x7a4e, 1, { 0x8e, 0xe4, 0x8e, 0x6a, 0xfe, 0x70, 0xaa, 0x00 } },
    { 0x7a4f, 1, { 0xc6, 0x78, 0xea, 0x5c, 0xdc, 0xf2, 0x6e, 0x00 } },
    { 0x7a50, 1, { 0xec, 0x54, 0xec, 0x5e, 0xf6, 0xdc, 0x46, 0x00 } },
    { 0x7a57, 1, { 0xc8, 0x7e, 0xdc, 0x5a, 0xc0, 0xf2, 0x6e, 0x00 } },
    { 0x7a61, 1, { 0xc8, 0x7e, 0xd4, 0x6a, 0xfe, 0xf6, 0x7e, 0x00 } },
    { 0x7a62, 1, { 0xc4, 0x56, 0xd4, 0x7e, 0xd6, 0xd4, 0x6a, 0x00 } },
    { 0x7a63, 1, { 0xc8, 0x7e, 0xd4, 0x76, 0xfe, 0xd4, 0x5a, 0x00 } },
    { 0x7a69, 1, { 0xdc, 0x6a, 0xdc, 0x4e, 0xdc, 0xf2, 0x6e, 0x00 } },
    { 0x7a6b, 1, { 0xd4, 0x7e, 0xdc, 0x5e, 0xd4, 0xc8, 0x76, 0x00 } },
    { 0x7a70, 1, { 0xc8, 0x7e, 0xf6, 0x5c, 0xfe, 0xf4, 0x5a, 0x00 } },
    { 0x7a74, 1, { 0x10, 0xfe, 0x82, 0x28, 0x28, 0x44, 0x82, 0x00 } },
    { 0x7a76, 1, { 0x10, 0xfe, 0xaa, 0x4c, 0xf8, 0x2a, 0xce, 0x00 } },
    { 0x7a79, 1, { 0x10, 0xfe, 0xaa, 0x4c, 0x78, 0x7e, 0x02, 0x00 } },
    { 0x7a7a, 1, { 0x10, 0xfe, 0xaa, 0x4c, 0x38, 0x10, 0xfe, 0x00 } },
    { 0x7a7d, 1, { 0x10, 0xfe, 0xaa, 0x4c, 0x7e, 0xfe, 0x24, 0x00 } },
    { 0x7a7f, 1, { 0x10, 0xfe, 0xaa, 0x4c, 0x38, 0xfe, 0x48, 0x00 } },
    { 0x7a81, 1, { 0x10, 0xfe, 0xaa, 0x4c, 0xfe, 0x10, 0xee, 0x00 } },
    { 0x7a83, 1, { 0x10, 0xfe, 0xaa, 0x4c, 0xee, 0x46, 0x6a, 0x00 } },
    { 0x7a84, 1, { 0x10, 0xfe, 0xaa, 0x4c, 0x78, 0x9e, 0x10, 0x00 } },
    { 0x7a88, 1, { 0x10, 0xfe, 0xaa, 0x44, 0x2e, 0x46, 0xea, 0x00 } },
    { 0x7a92, 1, { 0x10, 0xfe, 0xaa, 0x5c, 0x7a, 0x10, 0xfe, 0x00 } },
    { 0x7a93, 1, { 0x10, 0xfe, 0xaa, 0x4c, 0x30, 0xca, 0xba, 0x00 } },
    { 0x7a95, 1, { 0x10, 0xfe, 0xb6, 0x6c, 0xea, 0x28, 0xce, 0x00 } },
    { 0x7a96, 1, { 0x10, 0xfe, 0xb6, 0x3c, 0x50, 0xfe, 0x38, 0x00 } },
    { 0x7a97, 1, { 0x10, 0xfe, 0xb6, 0x7c, 0x5c, 0x6c, 0x7c, 0x00 } },
    { 0x7a98, 1, { 0x10, 0xfe, 0xb6, 0x3c, 0xfe, 0x32, 0xde, 0x00 } },
    { 0x7a9f, 1, { 0x10, 0xfe, 0xb6, 0x7c, 0x7c, 0x6a, 0xbe, 0x00 } },
    { 0x7aa9, 1, { 0x10, 0xfe, 0xb6, 0x7c, 0x4c, 0xfe, 0xba, 0x00 } },
    { 0x7aaa, 1, { 0x10, 0xfe, 0xaa, 0x4c, 0xbe, 0x08, 0xbe, 0x00 } },
    { 0x7aae, 1, { 0x10, 0xfe, 0xb6, 0x74, 0xd6, 0x32, 0xd6, 0x00 } },
    { 0x7aaf, 1, { 0x10, 0xfe, 0xaa, 0x7c, 0x10, 0xfe, 0xaa, 0x00 } },
    { 0x7ab0, 1, { 0x10, 0xfe, 0xb6, 0x68, 0x3c, 0xea, 0x3e, 0x00 } },
    { 0x7ab6, 1, { 0x10, 0xfe, 0xba, 0x6c, 0xfe, 0x28, 0xf6, 0x00 } },
    { 0x7aba, 1, { 0x10, 0xfe, 0xaa, 0x4e, 0xee, 0x4c, 0xb6, 0x00 } },
    { 0x7abf, 1, { 0x10, 0xfe, 0xb6, 0xcc, 0xf6, 0xc8, 0xbe, 0x00 } },
    { 0x7ac3, 1, { 0x10, 0xfe, 0xaa, 0x5c, 0x7c, 0x7c, 0x0e, 0x00 } },
    { 0x7ac4, 1, { 0x10, 0xfe, 0xae, 0x44, 0x7c, 0x54, 0xda, 0x00 } },
    { 0x7ac5, 1, { 0x10, 0xfe, 0xb6, 0x66, 0xea, 0x64, 0xaa, 0x00 } },
    { 0x7ac7, 1, { 0x10, 0xfe, 0xb6, 0x7c, 0x7c, 0x38, 0xc6, 0x00 } },
    { 0x7ac8, 1, { 0x10, 0xfe, 0xaa, 0x5c, 0x6c, 0x6c, 0x3e, 0x00 } },
    { 0x7aca, 1, { 0x10, 0xfe, 0xb6, 0x64, 0xee, 0x7e, 0xaa, 0x00 } },
    { 0x7acb, 1, { 0x10, 0xfe, 0x44, 0x24, 0x28, 0x28, 0xfe, 0x00 } },
    { 0x7acd, 1, { 0x44, 0xe4, 0xbe, 0xa4, 0x44, 0xe4, 0x04, 0x00 } },
    { 0x7acf, 1, { 0x42, 0xec, 0xa4, 0xbe, 0x44, 0xe4, 0x04, 0x00 } },
    { 0x7ad2, 1, { 0x10, 0x7c, 0x28, 0xfe, 0x74, 0x54, 0x74, 0x00 } },
    { 0x7ad3, 1, { 0x46, 0xf8, 0xae, 0xb8, 0x4e, 0xf8, 0x0e, 0x00 } },
    { 0x7ad5, 1, { 0x4a, 0xea, 0xb0, 0xae, 0x4a, 0xea, 0x16, 0x00 } },
    { 0x7ad9, 1, { 0x48, 0xe8, 0xae, 0xa8, 0x5e, 0xf2, 0x1e, 0x00 } },
    { 0x7ada, 1, { 0x44, 0xfe, 0xb2, 0xae, 0x44, 0xe4, 0x0c, 0x00 } },
    { 0x7adc, 1, { 0x10, 0x7c, 0x28, 0xfe, 0x54, 0x7c, 0x0e, 0x00 } },
    { 0x7add, 1, { 0x44, 0xfe, 0xaa, 0xaa, 0x4a, 0xec, 0x1e, 0x00 } },
    { 0x7adf, 1, { 0x10, 0x7c, 0x28, 0xfe, 0x38, 0x3a, 0xce, 0x00 } },
    { 0x7ae0, 1, { 0x10, 0x7c, 0x28, 0xfe, 0x44, 0xfe, 0x10, 0x00 } },
    { 0x7ae1, 1, { 0x5e, 0xe8, 0xbe, 0xb2, 0x5e, 0xf2, 0x1e, 0x00 } },
    { 0x7ae2, 1, { 0x48, 0xf2, 0xbe, 0xa8, 0x5e, 0xe4, 0x1a, 0x00 } },
    { 0x7ae3, 1, { 0x52, 0xfe, 0xb4, 0xa6, 0x5c, 0xe8, 0x16, 0x00 } },
    { 0x7ae5, 1, { 0x10, 0x7c, 0x28, 0xfe, 0x7c, 0x10, 0xfe, 0x00 } },
    { 0x7ae6, 1, { 0x48, 0xfe, 0xba, 0xbe, 0x48, 0xdc, 0x2a, 0x00 } },
    { 0x7aea, 1, { 0xee, 0xca, 0xe4, 0x1a, 0x7c, 0x28, 0xfe, 0x00 } },
    { 0x7aed, 1, { 0x5c, 0xf4, 0xbc, 0xae, 0x72, 0xda, 0x06, 0x00 } },
    { 0x7aef, 1, { 0x6a, 0xfe, 0xa0, 0xbe, 0x50, 0xfe, 0x2a, 0x00 } },
    { 0x7af0, 1, { 0x5e, 0xf0, 0xbe, 0xbe, 0x6e, 0xc4, 0x1e, 0x00 } },
    { 0x7af6, 1, { 0x24, 0xfe, 0x5a, 0xfe, 0x5a, 0x6c, 0xb6, 0x00 } },
    { 0x7af8, 1, { 0x24, 0xfe, 0x5a, 0xfe, 0x7e, 0x6c, 0xb6, 0x00 } },
    { 0x7af9, 1, { 0x48, 0x6e, 0xb4, 0x24, 0x24, 0x24, 0x2c, 0x00 } },
    { 0x7afa, 1, { 0x48, 0x6e, 0xb4, 0x00, 0x7c, 0x00, 0xfe, 0x00 } },
    { 0x7aff, 1, { 0x48, 0x6e, 0xb4, 0x7c, 0x10, 0xfe, 0x10, 0x00 } },
    { 0x7b02, 1, { 0x48, 0x6e, 0xb4, 0x20, 0x7c, 0x24, 0xd6, 0x00 } },
    { 0x7b04, 1, { 0x48, 0x6e, 0xb4, 0x7c, 0x28, 0xfe, 0x48, 0x00 } },
    { 0x7b06, 1, { 0x48, 0x6e, 0xfc, 0x54, 0x7c, 0x42, 0x3e, 0x00 } },
    { 0x7b08, 1, { 0x48, 0x6e, 0xb4, 0x7c, 0x14, 0x28, 0xd6, 0x00 } },
    { 0x7b0a, 1, { 0x48, 0x6e, 0xbc, 0x70, 0x54, 0x54, 0x92, 0x00 } },
    { 0x7b0b, 1, { 0x48, 0x6e, 0xbc, 0x16, 0xfc, 0x20, 0xc0, 0x00 } },
    { 0x7b0f, 1, { 0x48, 0x6e, 0xb4, 0x7e, 0x6a, 0xaa, 0x56, 0x00 } },
    { 0x7b11, 1, { 0x48, 0x6e, 0xb4, 0x10, 0xfe, 0x10, 0xee, 0x00 } },
    { 0x7b18, 1, { 0x48, 0x6e, 0xb4, 0x1c, 0x10, 0x7c, 0x7c, 0x00 } },
    { 0x7b19, 1, { 0x48, 0x6e, 0xb4, 0x7e, 0xbc, 0x10, 0xfe, 0x00 } },
    { 0x7b1b, 1, { 0x48, 0x6e, 0xb4, 0x10, 0x7c, 0x54, 0x7c, 0x00 } },
    { 0x7b1e, 1, { 0x48, 0x6e, 0xb4, 0x20, 0xfe, 0x44, 0x7c, 0x00 } },
    { 0x7b20, 1, { 0x48, 0x6e, 0xb4, 0x10, 0x7c, 0x28, 0xfe, 0x00 } },
    { 0x7b25, 1, { 0x48, 0x6e, 0xb4, 0x7e, 0x02, 0x72, 0x76, 0x00 } },
    { 0x7b26, 1, { 0x48, 0x6e, 0xb4, 0x5e, 0xc4, 0x54, 0x4c, 0x00 } },
    { 0x7b28, 1, { 0x48, 0x6e, 0xb4, 0xfe, 0x54, 0xba, 0x10, 0x00 } },
    { 0x7b2c, 1, { 0x48, 0x6e, 0xb4, 0x7c, 0x50, 0x3e, 0xd2, 0x00 } },
    { 0x7b33, 1, { 0x48, 0x6e, 0xb4, 0x40, 0xfe, 0x5a, 0xbe, 0x00 } },
    { 0x7b35, 1, { 0x48, 0x6e, 0xb4, 0x3c, 0xa4, 0x22, 0x9e, 0x00 } },
    { 0x7b36, 1, { 0x48, 0x6e, 0xb4, 0x20, 0x7c, 0x10, 0xee, 0x00 } },
    { 0x7b39, 1, { 0x48, 0x6e, 0xb4, 0x2c, 0xfe, 0x2c, 0x3e, 0x00 } },
    { 0x7b45, 1, { 0x48, 0x6e, 0xbc, 0x50, 0xfe, 0x28, 0xce, 0x00 } },
    { 0x7b46, 1, { 0x48, 0x6e, 0xb4, 0x7e, 0x14, 0xfe, 0x10, 0x00 } },
    { 0x7b48, 1, { 0x48, 0x6e, 0xb4, 0x78, 0x10, 0xfe, 0x38, 0x00 } },
    { 0x7b49, 1, { 0x48, 0x6e, 0xb4, 0x18, 0xfe, 0x28, 0x18, 0x00 } },
    { 0x7b4b, 1, { 0x48, 0x6e, 0xb4, 0x68, 0x7e, 0x6a, 0xb6, 0x00 } },
    { 0x7b4c, 1, { 0x48, 0x6e, 0xf4, 0x28, 0xfe, 0x10, 0xfe, 0x00 } },
    { 0x7b4d, 1, { 0x48, 0x6e, 0xbe, 0x6a, 0xba, 0x2a, 0x3a, 0x00 } },
    { 0x7b4f, 1, { 0x48, 0x6e, 0xb4, 0x46, 0xdc, 0x44, 0x5a, 0x00 } },
    { 0x7b50, 1, { 0x48, 0x6e, 0xb4, 0x7e, 0x5c, 0x48, 0x7e, 0x00 } },
    { 0x7b51, 1, { 0x48, 0x6e, 0xb4, 0x00, 0xec, 0x4c, 0xf6, 0x00 } },
    { 0x7b52, 1, { 0x48, 0x6e, 0xb4, 0xfe, 0x82, 0xba, 0xba, 0x00 } },
    { 0x7b54, 1, { 0x48, 0x6e, 0xb4, 0x38, 0xc6, 0x38, 0x38, 0x00 } },
    { 0x7b56, 1, { 0x48, 0x6e, 0xb4, 0xfe, 0x92, 0x38, 0xd6, 0x00 } },
    { 0x7b5d, 1, { 0x48, 0x6e, 0xbc, 0x48, 0xfe, 0x1c, 0x30, 0x00 } },
    { 0x7b65, 1, { 0x48, 0x6e, 0xbc, 0x38, 0x10, 0x7c, 0x7c, 0x00 } },
    { 0x7b67, 1, { 0x48, 0x6e, 0xb4, 0x38, 0x38, 0x3a, 0xce, 0x00 } },
    { 0x7b6c, 1, { 0x48, 0x6e, 0xbe, 0x44, 0x76, 0x54, 0xaa, 0x00 } },
    { 0x7b6e, 1, { 0x48, 0x6e, 0xbc, 0x54, 0xba, 0x10, 0xfe, 0x00 } },
    { 0x7b70, 1, { 0x48, 0x6e, 0xb4, 0x4e, 0xd8, 0x4e, 0x48, 0x00 } },
    { 0x7b71, 1, { 0x48, 0x6e, 0xb4, 0x66, 0xea, 0x64, 0x4a, 0x00 } },
    { 0x7b74, 1, { 0x48, 0x6e, 0xbc, 0x54, 0xba, 0x10, 0xee, 0x00 } },
    { 0x7b75, 1, { 0x48, 0x6e, 0xb4, 0x46, 0x94, 0x5e, 0xbe, 0x00 } },
    { 0x7b7a, 1, { 0x48, 0x6e, 0xb4, 0x7e, 0x5c, 0x4a, 0x7e, 0x00 } },
    { 0x7b86, 1, { 0x48, 0x6e, 0xfc, 0x54, 0x6e, 0x48, 0xee, 0x00 } },
    { 0x7b87, 1, { 0x48, 0x6e, 0xb4, 0xfe, 0x92, 0xaa, 0xfe, 0x00 } },
    { 0x7b8b, 1, { 0x48, 0x6e, 0xb4, 0x1a, 0xfc, 0x1a, 0x66, 0x00 } },
    { 0x7b8d, 1, { 0x48, 0x6e, 0xbc, 0x5e, 0xde, 0x54, 0xde, 0x00 } },
    { 0x7b8f, 1, { 0x48, 0x6e, 0xb8, 0x54, 0xfe, 0x1c, 0x30, 0x00 } },
    { 0x7b92, 1, { 0x48, 0x6e, 0xbc, 0xfe, 0x92, 0x7c, 0x54, 0x00 } },
    { 0x7b94, 1, { 0x48, 0x6e, 0xb4, 0x08, 0xbe, 0x22, 0xbe, 0x00 } },
    { 0x7b95, 1, { 0x48, 0x6e, 0xb4, 0x7c, 0x28, 0xfe, 0x44, 0x00 } },
    { 0x7b97, 1, { 0x48, 0x6e, 0xb4, 0x7c, 0x44, 0xfe, 0x48, 0x00 } },
    { 0x7b98, 1, { 0x48, 0x6e, 0xb4, 0xfe, 0xba, 0xd6, 0xfe, 0x00 } },
    { 0x7b99, 1, { 0x48, 0x6e, 0xb4, 0x6e, 0x6a, 0x6c, 0xaa, 0x00 } },
    { 0x7b9a, 1, { 0x48, 0x6e, 0xb4, 0x2a, 0x5a, 0xb2, 0x36, 0x00 } },
    { 0x7b9c, 1, { 0x48, 0x6e, 0xfe, 0xaa, 0x4c, 0x38, 0xfe, 0x00 } },
    { 0x7b9d, 1, { 0x48, 0x6e, 0xb4, 0x54, 0xfe, 0x54, 0xdc, 0x00 } },
    { 0x7b9f, 1, { 0x48, 0x6e, 0xbc, 0x3c, 0x6e, 0x48, 0xee, 0x00 } },
    { 0x7ba1, 1, { 0x48, 0x6e, 0xb4, 0xfe, 0xb2, 0x3c, 0x3c, 0x00 } },
    { 0x7baa, 1, { 0x48, 0x6e, 0xb4, 0x54, 0x7c, 0xfe, 0x10, 0x00 } },
    { 0x7bad, 1, { 0x48, 0x6e, 0xb4, 0xfe, 0x54, 0x74, 0x54, 0x00 } },
    { 0x7bb1, 1, { 0x48, 0x6e, 0xb4, 0x2a, 0xfe, 0x7a, 0xae, 0x00 } },
    { 0x7bb4, 1, { 0x48, 0x6e, 0xb4, 0x7e, 0x46, 0x74, 0xba, 0x00 } },
    { 0x7bb8, 1, { 0x48, 0x6e, 0xb4, 0x18, 0xfe, 0x34, 0xdc, 0x00 } },
    { 0x7bc0, 1, { 0x48, 0x6e, 0xb4, 0xee, 0xea, 0x9a, 0xe8, 0x00 } },
    { 0x7bc1, 1, { 0x48, 0x6e, 0xb8, 0x28, 0x7c, 0x10, 0xfe, 0x00 } },
    { 0x7bc4, 1, { 0x48, 0x6e, 0xb4, 0xfe, 0x6a, 0xf8, 0x2e, 0x00 } },
    { 0x7bc6, 1, { 0x48, 0x6e, 0xbc, 0x28, 0xfe, 0x2c, 0xda, 0x00 } },
    { 0x7bc7, 1, { 0x48, 0x6e, 0xb4, 0xfe, 0x78, 0x5e, 0x9a, 0x00 } },
    { 0x7bc9, 1, { 0x48, 0x6e, 0xb4, 0x4c, 0xee, 0x38, 0xd6, 0x00 } },
    { 0x7bcb, 1, { 0x48, 0x6e, 0xb4, 0x7e, 0x68, 0x54, 0x7e, 0x00 } },
    { 0x7bcc, 1, { 0x48, 0x6e, 0xbc, 0x44, 0xde, 0x48, 0x56, 0x00 } },
    { 0x7bcf, 1, { 0x48, 0x6e, 0xb4, 0x58, 0xfe, 0x54, 0x7a, 0x00 } },
    { 0x7bdd, 1, { 0x48, 0x6e, 0xb4, 0xfe, 0x7c, 0xfe, 0x44, 0x00 } },
    { 0x7be0, 1, { 0x48, 0x6e, 0xb4, 0x48, 0xfe, 0x5c, 0x6a, 0x00 } },
    { 0x7be4, 1, { 0x48, 0x6e, 0xbc, 0x50, 0x7e, 0x02, 0xaa, 0x00 } },
    { 0x7be5, 1, { 0x48, 0x6e, 0xfe, 0x54, 0xfe, 0x38, 0xd6, 0x00 } },
    { 0x7be6, 1, { 0x48, 0x6e, 0xfc, 0x7c, 0x7e, 0x48, 0xee, 0x00 } },
    { 0x7be9, 1, { 0x48, 0x6e, 0xbe, 0xe4, 0x9e, 0xf6, 0xe4, 0x00 } },
    { 0x7bed, 1, { 0x48, 0x6e, 0xb4, 0x28, 0xfe, 0x38, 0x0e, 0x00 } },
    { 0x7bf3, 1, { 0x48, 0x6e, 0xb8, 0x38, 0xfe, 0x7c, 0x10, 0x00 } },
    { 0x7bf6, 1, { 0x48, 0x7e, 0x9c, 0x50, 0xfe, 0x02, 0xaa, 0x00 } },
    { 0x7bf7, 1, { 0x48, 0x6e, 0xb4, 0x0c, 0xde, 0x44, 0xbe, 0x00 } },
    { 0x7c00, 1, { 0x48, 0x6e, 0xb8, 0xfe, 0x7c, 0x7c, 0xc6, 0x00 } },
    { 0x7c07, 1, { 0x48, 0x6e, 0xb4, 0xe8, 0x4e, 0x64, 0xaa, 0x00 } },
    { 0x7c0d, 1, { 0x48, 0x6e, 0xb8, 0x7c, 0xfe, 0x28, 0xf6, 0x00 } },
    { 0x7c11, 1, { 0x48, 0x6e, 0xb8, 0xee, 0x38, 0xe8, 0x36, 0x00 } },
    { 0x7c12, 1, { 0x48, 0x6e, 0xb4, 0x38, 0xfe, 0x5a, 0xb4, 0x00 } },
    { 0x7c13, 1, { 0x48, 0x6e, 0xb4, 0x72, 0x54, 0x72, 0xb4, 0x00 } },
    { 0x7c14, 1, { 0x48, 0x6e, 0xb8, 0xfe, 0x38, 0xe8, 0x36, 0x00 } },
    { 0x7c17, 1, { 0x48, 0x6e, 0xb6, 0x4a, 0xfe, 0x38, 0xd6, 0x00 } },
    { 0x7c1f, 1, { 0x48, 0x6e, 0xfc, 0x7c, 0x28, 0xfe, 0x10, 0x00 } },
    { 0x7c21, 1, { 0x48, 0x6e, 0xb4, 0xee, 0xee, 0xba, 0xba, 0x00 } },
    { 0x7c23, 1, { 0x48, 0x6e, 0xfc, 0x54, 0xfe, 0x7c, 0xc6, 0x00 } },
    { 0x7c27, 1, { 0x48, 0x6e, 0xb4, 0xfe, 0x54, 0x7c, 0xc6, 0x00 } },
    { 0x7c2a, 1, { 0x48, 0x6e, 0xbc, 0x6c, 0xb6, 0x7c, 0x7c, 0x00 } },
    { 0x7c2b, 1, { 0x48, 0x6e, 0xbc, 0x6e, 0x42, 0x6e, 0xaa, 0x00 } },
    { 0x7c37, 1, { 0x48, 0x6e, 0xfc, 0x66, 0x5c, 0x7e, 0x9c, 0x00 } },
    { 0x7c38, 1, { 0x48, 0x6e, 0xb4, 0x5e, 0xfa, 0x14, 0xaa, 0x00 } },
    { 0x7c3d, 1, { 0x48, 0x6e, 0xb8, 0xc6, 0x6c, 0x6c, 0x92, 0x00 } },
    { 0x7c3e, 1, { 0x48, 0x6e, 0xbe, 0x5a, 0x7e, 0x5c, 0xaa, 0x00 } },
    { 0x7c3f, 1, { 0x48, 0x6e, 0xb4, 0x1c, 0xbe, 0x14, 0x8c, 0x00 } },
    { 0x7c40, 1, { 0x48, 0x6e, 0xb8, 0x56, 0xda, 0x4c, 0xcc, 0x00 } },
    { 0x7c43, 1, { 0x48, 0x6e, 0xb4, 0x6e, 0x60, 0x38, 0xfe, 0x00 } },
    { 0x7c4c, 1, { 0x48, 0x6e, 0xfc, 0x38, 0xfe, 0x64, 0x6c, 0x00 } },
    { 0x7c4d, 1, { 0x48, 0x6e, 0xb4, 0x3e, 0xf4, 0x7e, 0xac, 0x00 } },
    { 0x7c4f, 1, { 0x48, 0x6e, 0xbc, 0xec, 0x5e, 0x6c, 0xb2, 0x00 } },
    { 0x7c50, 1, { 0x48, 0x6e, 0xb4, 0xec, 0xba, 0xfc, 0xaa, 0x00 } },
    { 0x7c54, 1, { 0x48, 0x6e, 0xb4, 0x76, 0xfa, 0x54, 0xea, 0x00 } },
    { 0x7c56, 1, { 0x48, 0x6e, 0xb4, 0x68, 0xfe, 0x74, 0xea, 0x00 } },
    { 0x7c58, 1, { 0x48, 0x6e, 0xb4, 0xfe, 0xae, 0xfc, 0xaa, 0x00 } },
    { 0x7c5f, 1, { 0x48, 0x6e, 0xf4, 0x7e, 0x2e, 0x70, 0xaa, 0x00 } },
    { 0x7c60, 1, { 0x48, 0x6e, 0xf4, 0x56, 0xfa, 0x74, 0x56, 0x00 } },
    { 0x7c64, 1, { 0x48, 0x6e, 0xb4, 0x58, 0xfe, 0x74, 0xea, 0x00 } },
    { 0x7c65, 1, { 0x48, 0x6e, 0xb4, 0x28, 0xfe, 0x7c, 0x54, 0x00 } },
    { 0x7c6c, 1, { 0x48, 0x6e, 0xfc, 0x5c, 0xee, 0xbc, 0xee, 0x00 } },
    { 0x7c73, 1, { 0x54, 0x10, 0xfe, 0x10, 0x38, 0xd6, 0x10, 0x00 } },
    { 0x7c75, 1, { 0xa4, 0x44, 0xfe, 0x44, 0xe4, 0xc4, 0x44, 0x00 } },
    { 0x7c7e, 1, { 0xbe, 0x4a, 0xea, 0x5a, 0xee, 0xca, 0x56, 0x00 } },
    { 0x7c81, 1, { 0xa2, 0x4c, 0xe4, 0x5e, 0xe4, 0xc4, 0x44, 0x00 } },
    { 0x7c82, 1, { 0x3c, 0x44, 0x38, 0xd6, 0x7c, 0x38, 0xd6, 0x00 } },
    { 0x7c83, 1, { 0xb4, 0x54, 0xfe, 0x54, 0xf4, 0xdc, 0x56, 0x00 } },
    { 0x7c89, 1, { 0xb4, 0x54, 0xe2, 0x5c, 0xd4, 0xd4, 0x6c, 0x00 } },
    { 0x7c8b, 1, { 0xa8, 0x7c, 0xd4, 0x66, 0xc8, 0xfe, 0x48, 0x00 } },
    { 0x7c8d, 1, { 0xa2, 0x5c, 0xe6, 0x5c, 0xe6, 0xdc, 0x46, 0x00 } },
    { 0x7c90, 1, { 0xae, 0x40, 0xee, 0x4a, 0xee, 0xc8, 0x50, 0x00 } },
    { 0x7c92, 1, { 0xa8, 0x7e, 0xd4, 0x54, 0xd4, 0xd8, 0x7e, 0x00 } },
    { 0x7c95, 1, { 0xa8, 0x5e, 0xf2, 0x5e, 0xf2, 0xd2, 0x5e, 0x00 } },
    { 0x7c97, 1, { 0xbc, 0x54, 0xdc, 0x54, 0xdc, 0xd4, 0x7e, 0x00 } },
    { 0x7c98, 1, { 0xa8, 0x48, 0xee, 0x48, 0xfe, 0xd2, 0x5e, 0x00 } },
    { 0x7c9b, 1, { 0x10, 0x7c, 0x16, 0xfc, 0x56, 0x7a, 0x96, 0x00 } },
    { 0x7c9f, 1, { 0xfe, 0x7c, 0x10, 0x54, 0xfe, 0x38, 0xd6, 0x00 } },
    { 0x7ca1, 1, { 0xbe, 0x52, 0xde, 0x52, 0xde, 0xde, 0x52, 0x00 } },
    { 0x7ca2, 1, { 0x90, 0x1e, 0x2a, 0x94, 0xfe, 0x38, 0xd6, 0x00 } },
    { 0x7ca4, 1, { 0x10, 0x7c, 0x5c, 0x74, 0xfe, 0x04, 0x1c, 0x00 } },
    { 0x7ca5, 1, { 0xd6, 0x7a, 0xd6, 0xbc, 0xd6, 0x7a, 0xd6, 0x00 } },
    { 0x7ca7, 1, { 0xa4, 0x5e, 0xf4, 0x5e, 0xf4, 0xd4, 0x6e, 0x00 } },
    { 0x7ca8, 1, { 0xbe, 0x48, 0xde, 0x52, 0xde, 0xd2, 0x5e, 0x00 } },
    { 0x7cab, 1, { 0xbe, 0x50, 0xfe, 0x6a, 0xea, 0xea, 0x6a, 0x00 } },
    { 0x7cad, 1, { 0xa4, 0x4a, 0xee, 0x40, 0xee, 0xca, 0x4e, 0x00 } },
    { 0x7cae, 1, { 0xa4, 0x5e, 0xf2, 0x5e, 0xfa, 0xd4, 0x5a, 0x00 } },
    { 0x7cb1, 1, { 0xbc, 0x14, 0x96, 0x2c, 0xfe, 0x38, 0xd6, 0x00 } },
    { 0x7cb2, 1, { 0x2e, 0x3a, 0xd4, 0x6a, 0xfe, 0x38, 0xd6, 0x00 } },
    { 0x7cb3, 1, { 0xbe, 0x5c, 0xdc, 0x48, 0xd8, 0xc8, 0x76, 0x00 } },
    { 0x7cb9, 1, { 0xa8, 0x7e, 0xd4, 0x54, 0xea, 0xfe, 0x48, 0x00 } },
    { 0x7cbd, 1, { 0x88, 0x7e, 0xee, 0x40, 0xfe, 0xc8, 0x6a, 0x00 } },
    { 0x7cbe, 1, { 0xa8, 0x5c, 0xc8, 0x7e, 0xd4, 0xdc, 0x54, 0x00 } },
    { 0x7cc0, 1, { 0x94, 0x7e, 0xc4, 0x54, 0xf6, 0xd4, 0x56, 0x00 } },
    { 0x7cc2, 1, { 0x94, 0x7e, 0xd4, 0x54, 0xfe, 0xe8, 0x7e, 0x00 } },
    { 0x7cc5, 1, { 0x9c, 0x7e, 0xda, 0x68, 0xfe, 0xdc, 0x6a, 0x00 } },
    { 0x7cca, 1, { 0x96, 0x7e, 0xd6, 0x7e, 0xee, 0xfe, 0x4a, 0x00 } },
    { 0x7cce, 1, { 0xbe, 0x50, 0xfe, 0x5e, 0xee, 0xc4, 0x5e, 0x00 } },
    { 0x7cd2, 1, { 0x94, 0x7e, 0xd4, 0x7e, 0xe0, 0xde, 0x56, 0x00 } },
    { 0x7cd6, 1, { 0xa4, 0x7e, 0xec, 0x66, 0xfc, 0xea, 0x4e, 0x00 } },
    { 0x7cd8, 1, { 0x88, 0x7e, 0xe2, 0x5c, 0xda, 0xec, 0x5a, 0x00 } },
    { 0x7cdc, 1, { 0x08, 0x7e, 0x7e, 0x54, 0x7e, 0x5c, 0xaa, 0x00 } },
    { 0x7cde, 1, { 0x54, 0xfe, 0x54, 0xba, 0x38, 0xfe, 0x44, 0x00 } },
    { 0x7cdf, 1, { 0x94, 0x7e, 0xd4, 0x7e, 0xfe, 0xd4, 0x5c, 0x00 } },
    { 0x7ce0, 1, { 0x88, 0x7e, 0xee, 0x6c, 0xfa, 0xec, 0x5a, 0x00 } },
    { 0x7ce2, 1, { 0x94, 0x7e, 0xdc, 0x54, 0xfe, 0xc8, 0x76, 0x00 } },
    { 0x7ce7, 1, { 0xbc, 0x54, 0xfe, 0x5c, 0xdc, 0xc8, 0x7e, 0x00 } },
    { 0x7cef, 1, { 0x9c, 0x7e, 0xea, 0x5c, 0xc8, 0xfe, 0x6a, 0x00 } },
    { 0x7cf2, 1, { 0xbe, 0x54, 0xfe, 0x5e, 0xd4, 0xee, 0x4a, 0x00 } },
    { 0x7cf4, 1, { 0x5e, 0x4a, 0xa0, 0x4a, 0xee, 0xdc, 0x4e, 0x00 } },
    { 0x7cf6, 1, { 0xbe, 0xea, 0xe0, 0x4a, 0xee, 0xdc, 0x4e, 0x00 } },
    { 0x7cf8, 1, { 0x10, 0x64, 0x18, 0x24, 0xfa, 0x10, 0x92, 0x00 } },
    { 0x7cfa, 1, { 0x48, 0x88, 0x48, 0xa8, 0x48, 0xea, 0x4e, 0x00 } },
    { 0x7cfb, 1, { 0x7c, 0x10, 0x60, 0x14, 0xfa, 0x10, 0x92, 0x00 } },
    { 0x7cfe, 1, { 0x44, 0x94, 0x54, 0x94, 0x56, 0xfc, 0x44, 0x00 } },
    { 0x7d00, 1, { 0x5e, 0x82, 0x42, 0xbe, 0x50, 0xf2, 0x5e, 0x00 } },
    { 0x7d02, 1, { 0x44, 0xbe, 0x44, 0x94, 0x4c, 0xe4, 0x4c, 0x00 } },
    { 0x7d04, 1, { 0x48, 0x8e, 0x52, 0xaa, 0x46, 0xe2, 0x46, 0x00 } },
    { 0x7d05, 1, { 0x40, 0x9e, 0x44, 0xa4, 0x44, 0xe4, 0x5e, 0x00 } },
    { 0x7d06, 1, { 0x5e, 0x84, 0x44, 0xbe, 0x44, 0xe4, 0x4c, 0x00 } },
    { 0x7d0a, 1, { 0x10, 0xfe, 0x28, 0x10, 0xee, 0x38, 0x92, 0x00 } },
    { 0x7d0b, 1, { 0x48, 0xbe, 0x54, 0x94, 0x48, 0xd4, 0x62, 0x00 } },
    { 0x7d0d, 1, { 0x48, 0xbe, 0x6a, 0xaa, 0x76, 0xe2, 0x66, 0x00 } },
    { 0x7d10, 1, { 0x7c, 0x94, 0x54, 0xbe, 0x54, 0xd4, 0x7e, 0x00 } },
    { 0x7d14, 1, { 0x48, 0xbe, 0x48, 0xaa, 0x7e, 0xc8, 0x4e, 0x00 } },
    { 0x7d15, 1, { 0x54, 0x94, 0x5e, 0x94, 0x54, 0xdc, 0x76, 0x00 } },
    { 0x7d17, 1, { 0x48, 0x9c, 0x5a, 0xa8, 0x4a, 0xe4, 0x58, 0x00 } },
    { 0x7d18, 1, { 0x48, 0xbe, 0x48, 0x92, 0x54, 0xea, 0x5e, 0x00 } },
    { 0x7d19, 1, { 0x42, 0x9c, 0x54, 0xbe, 0x54, 0xf4, 0x5a, 0x00 } },
    { 0x7d1a, 1, { 0x7c, 0x94, 0x56, 0x92, 0x5a, 0xe4, 0x5a, 0x00 } },
    { 0x7d1b, 1, { 0x54, 0x94, 0x62, 0x9c, 0x54, 0xd4, 0x6c, 0x00 } },
    { 0x7d1c, 1, { 0x4e, 0x80, 0x5e, 0xa4, 0x44, 0xea, 0x5e, 0x00 } },
    { 0x7d20, 1, { 0x10, 0x7c, 0xfe, 0x24, 0xfa, 0x10, 0x92, 0x00 } },
    { 0x7d21, 1, { 0x44, 0x9e, 0x48, 0xae, 0x4a, 0xea, 0x56, 0x00 } },
    { 0x7d22, 1, { 0x10, 0x7c, 0x10, 0xfe, 0xaa, 0x30, 0x92, 0x00 } },
    { 0x7d2b, 1, { 0x24, 0xb6, 0xa4, 0xf6, 0x7a, 0x10, 0x92, 0x00 } },
    { 0x7d2c, 1, { 0x48, 0xbe, 0x6a, 0xbe, 0x6a, 0xea, 0x7e, 0x00 } },
    { 0x7d2e, 1, { 0x28, 0xf8, 0x7a, 0xae, 0x7c, 0x10, 0x92, 0x00 } },
    { 0x7d2f, 1, { 0x7c, 0x54, 0x7c, 0x24, 0xfa, 0x10, 0x92, 0x00 } },
    { 0x7d30, 1, { 0x5e, 0x96, 0x56, 0xbe, 0x56, 0xf6, 0x5e, 0x00 } },
    { 0x7d32, 1, { 0x6a, 0xaa, 0x7e, 0xaa, 0x6e, 0xe0, 0x7e, 0x00 } },
    { 0x7d33, 1, { 0x48, 0xbe, 0x6a, 0xbe, 0x6a, 0xfe, 0x48, 0x00 } },
    { 0x7d35, 1, { 0x44, 0x9e, 0x52, 0xae, 0x44, 0xe4, 0x4c, 0x00 } },
    { 0x7d39, 1, { 0x5e, 0x8a, 0x52, 0xa6, 0x5e, 0xf2, 0x5e, 0x00 } },
    { 0x7d3a, 1, { 0x54, 0xbe, 0x54, 0x9c, 0x54, 0xd4, 0x5c, 0x00 } },
    { 0x7d3f, 1, { 0x48, 0x88, 0x54, 0xba, 0x40, 0xdc, 0x5c, 0x00 } },
    { 0x7d42, 1, { 0x4c, 0x94, 0x48, 0xb6, 0x48, 0xe0, 0x4c, 0x00 } },
    { 0x7d43, 1, { 0x48, 0xbe, 0x50, 0xb4, 0x48, 0xd4, 0x7a, 0x00 } },
    { 0x7d44, 1, { 0x5c, 0x94, 0x5c, 0xb4, 0x5c, 0xd4, 0x7e, 0x00 } },
    { 0x7d45, 1, { 0x7e, 0xa2, 0x7e, 0xb6, 0x7e, 0xe2, 0x66, 0x00 } },
    { 0x7d46, 1, { 0x54, 0xa2, 0x48, 0xbe, 0x48, 0xfe, 0x48, 0x00 } },
    { 0x7d4b, 1, { 0x44, 0x9e, 0x50, 0x94, 0x54, 0xea, 0x4e, 0x00 } },
    { 0x7d4c, 1, { 0x7c, 0x94, 0x48, 0xb6, 0x5c, 0xc8, 0x7e, 0x00 } },
    { 0x7d4e, 1, { 0x56, 0x80, 0x56, 0xb2, 0x52, 0xf2, 0x56, 0x00 } },
    { 0x7d4f, 1, { 0x48, 0xbc, 0x6c, 0xbc, 0x4a, 0xe4, 0x5a, 0x00 } },
    { 0x7d50, 1, { 0x48, 0xbe, 0x48, 0x9c, 0x40, 0xdc, 0x5c, 0x00 } },
    { 0x7d56, 1, { 0x48, 0xaa, 0x48, 0xbe, 0x54, 0xd4, 0x66, 0x00 } },
    { 0x7d5b, 1, { 0x2c, 0x74, 0xe8, 0x74, 0x7e, 0x48, 0x6a, 0x00 } },
    { 0x7d5e, 1, { 0x48, 0xbe, 0x54, 0xa2, 0x54, 0xc8, 0x76, 0x00 } },
    { 0x7d61, 1, { 0x4c, 0x94, 0x48, 0x94, 0x62, 0xdc, 0x5c, 0x00 } },
    { 0x7d62, 1, { 0x50, 0x9e, 0x76, 0xbe, 0x56, 0xfe, 0x42, 0x00 } },
    { 0x7d63, 1, { 0x54, 0x80, 0x7e, 0x94, 0x7e, 0xd4, 0x64, 0x00 } },
    { 0x7d66, 1, { 0x48, 0x94, 0x6e, 0x80, 0x5c, 0xd4, 0x5c, 0x00 } },
    { 0x7d68, 1, { 0x44, 0xbe, 0x54, 0xbc, 0x56, 0xd4, 0x4a, 0x00 } },
    { 0x7d6e, 1, { 0x2e, 0xfa, 0x5a, 0xee, 0x7c, 0x10, 0x92, 0x00 } },
    { 0x7d71, 1, { 0x48, 0xbe, 0x54, 0xba, 0x54, 0xd4, 0x66, 0x00 } },
    { 0x7d72, 1, { 0x44, 0x88, 0x44, 0xaa, 0x44, 0xee, 0x44, 0x00 } },
    { 0x7d73, 1, { 0x4c, 0x94, 0x48, 0xb6, 0x4c, 0xfe, 0x44, 0x00 } },
    { 0x7d75, 1, { 0x48, 0x94, 0x6e, 0x80, 0x7e, 0xd4, 0x7a, 0x00 } },
    { 0x7d76, 1, { 0x4c, 0x94, 0x5e, 0xba, 0x5e, 0xf0, 0x5e, 0x00 } },
    { 0x7d79, 1, { 0x4c, 0x8c, 0x40, 0xbe, 0x52, 0xfe, 0x52, 0x00 } },
    { 0x7d7d, 1, { 0x5e, 0x92, 0x5e, 0xa8, 0x5e, 0xf2, 0x5e, 0x00 } },
    { 0x7d89, 1, { 0x5c, 0xbe, 0x5c, 0xaa, 0x7c, 0xd6, 0x62, 0x00 } },
    { 0x7d8f, 1, { 0x5c, 0xaa, 0x40, 0x88, 0x7e, 0xd4, 0x7a, 0x00 } },
    { 0x7d93, 1, { 0x5e, 0x8a, 0x54, 0xaa, 0x5e, 0xe4, 0x5e, 0x00 } },
    { 0x7d99, 1, { 0x5a, 0x94, 0x5e, 0xb4, 0x5a, 0xf0, 0x5e, 0x00 } },
    { 0x7d9a, 1, { 0x48, 0xbe, 0x48, 0xbe, 0x62, 0xd4, 0x66, 0x00 } },
    { 0x7d9b, 1, { 0x5e, 0x96, 0x4a, 0x96, 0x40, 0xd2, 0x6e, 0x00 } },
    { 0x7d9c, 1, { 0x48, 0xbe, 0x6e, 0x80, 0x7e, 0xc8, 0x6a, 0x00 } },
    { 0x7d9f, 1, { 0x7e, 0x92, 0x5e, 0x94, 0x5e, 0xe4, 0x5a, 0x00 } },
    { 0x7da2, 1, { 0x7e, 0xaa, 0x7e, 0xaa, 0x76, 0xfe, 0x62, 0x00 } },
    { 0x7da3, 1, { 0x54, 0xaa, 0x7e, 0x94, 0x6a, 0xd0, 0x5c, 0x00 } },
    { 0x7dab, 1, { 0x4a, 0x9e, 0x44, 0xaa, 0x5e, 0xe4, 0x5a, 0x00 } },
    { 0x7dac, 1, { 0x7e, 0x94, 0x7e, 0xa2, 0x5c, 0xc8, 0x76, 0x00 } },
    { 0x7dad, 1, { 0x54, 0x9e, 0x54, 0xbe, 0x54, 0xf4, 0x5e, 0x00 } },
    { 0x7dae, 1, { 0xf6, 0x5a, 0x74, 0x8a, 0x7c, 0x10, 0x92, 0x00 } },
    { 0x7daf, 1, { 0x50, 0x9e, 0x6a, 0x9e, 0x4a, 0xee, 0x7e, 0x00 } },
    { 0x7db0, 1, { 0x44, 0x9e, 0x52, 0xac, 0x4e, 0xea, 0x4e, 0x00 } },
    { 0x7db1, 1, { 0x7e, 0xa2, 0x76, 0xaa, 0x76, 0xfe, 0x62, 0x00 } },
    { 0x7db2, 1, { 0x7e, 0xa2, 0x76, 0xfe, 0x6a, 0xee, 0x62, 0x00 } },
    { 0x7db4, 1, { 0x7e, 0x94, 0x6a, 0xbe, 0x6a, 0xd4, 0x6a, 0x00 } },
    { 0x7db5, 1, { 0x5c, 0xaa, 0x40, 0x88, 0x7e, 0xdc, 0x6a, 0x00 } },
    { 0x7db8, 1, { 0x48, 0x94, 0x6e, 0x80, 0x5e, 0xfe, 0x56, 0x00 } },
    { 0x7dba, 1, { 0x48, 0xbe, 0x48, 0x94, 0x7e, 0xc4, 0x54, 0x00 } },
    { 0x7dbb, 1, { 0x44, 0xbe, 0x6e, 0x84, 0x56, 0xd4, 0x6e, 0x00 } },
    { 0x7dbd, 1, { 0x48, 0x8e, 0x5c, 0x94, 0x5c, 0xfe, 0x48, 0x00 } },
    { 0x7dbe, 1, { 0x48, 0x9c, 0x48, 0xbe, 0x54, 0xe8, 0x56, 0x00 } },
    { 0x7dbf, 1, { 0x48, 0x9c, 0x54, 0x9c, 0x7e, 0xea, 0x48, 0x00 } },
    { 0x7dc7, 1, { 0x4a, 0x94, 0x4a, 0xbe, 0x5e, 0xf6, 0x5e, 0x00 } },
    { 0x7dca, 1, { 0xee, 0xca, 0xe4, 0x2a, 0xfe, 0x10, 0x92, 0x00 } },
    { 0x7dcb, 1, { 0x54, 0xb6, 0x54, 0xb6, 0x54, 0xf6, 0x54, 0x00 } },
    { 0x7dcf, 1, { 0x54, 0xa2, 0x54, 0xba, 0x40, 0xf2, 0x6e, 0x00 } },
    { 0x7dd1, 1, { 0x5c, 0x84, 0x7e, 0x88, 0x6a, 0xdc, 0x6a, 0x00 } },
    { 0x7dd2, 1, { 0x4a, 0x9c, 0x48, 0xbe, 0x50, 0xee, 0x4e, 0x00 } },
    { 0x7dd5, 1, { 0x48, 0xbe, 0x54, 0x88, 0x76, 0xdc, 0x64, 0x00 } },
    { 0x7dd8, 1, { 0x44, 0xbe, 0x64, 0xbc, 0x66, 0xfc, 0x5a, 0x00 } },
    { 0x7dda, 1, { 0x48, 0x9c, 0x54, 0x9c, 0x7a, 0xdc, 0x6a, 0x00 } },
    { 0x7ddc, 1, { 0x2e, 0x74, 0x58, 0x74, 0xfe, 0xae, 0x24, 0x00 } },
    { 0x7ddd, 1, { 0x5c, 0x94, 0x7e, 0x9c, 0x54, 0xfe, 0x44, 0x00 } },
    { 0x7dde, 1, { 0x5e, 0xaa, 0x70, 0xae, 0x7a, 0xe4, 0x6a, 0x00 } },
    { 0x7de0, 1, { 0x48, 0xbe, 0x54, 0xbe, 0x6a, 0xdc, 0x54, 0x00 } },
    { 0x7de1, 1, { 0x5e, 0x92, 0x5e, 0xb4, 0x5a, 0xee, 0x4e, 0x00 } },
    { 0x7de4, 1, { 0x6a, 0xbe, 0x6e, 0xa0, 0x7e, 0xdc, 0x6a, 0x00 } },
    { 0x7de8, 1, { 0x7e, 0x94, 0x5c, 0x90, 0x5e, 0xee, 0x4a, 0x00 } },
    { 0x7de9, 1, { 0x46, 0xb8, 0x6a, 0x9e, 0x4a, 0xd4, 0x6a, 0x00 } },
    { 0x7dec, 1, { 0x5e, 0x88, 0x5e, 0xb6, 0x5e, 0xf6, 0x5e, 0x00 } },
    { 0x7def, 1, { 0x48, 0x9e, 0x4a, 0xbe, 0x54, 0xfe, 0x44, 0x00 } },
    { 0x7df2, 1, { 0x7a, 0xae, 0x7e, 0xaa, 0x78, 0xea, 0x7c, 0x00 } },
    { 0x7df4, 1, { 0x48, 0xbe, 0x5c, 0x9c, 0x48, 0xdc, 0x6a, 0x00 } },
    { 0x7dfb, 1, { 0x7c, 0x96, 0x66, 0xbe, 0x56, 0xfc, 0x4a, 0x00 } },
    { 0x7e01, 1, { 0x5c, 0x84, 0x7e, 0x90, 0x5a, 0xec, 0x5a, 0x00 } },
    { 0x7e04, 1, { 0x5c, 0x94, 0x5e, 0xba, 0x56, 0xdc, 0x46, 0x00 } },
    { 0x7e05, 1, { 0x44, 0xbe, 0x7c, 0xb4, 0x6e, 0xf4, 0x6a, 0x00 } },
    { 0x7e09, 1, { 0x7e, 0xa4, 0x76, 0xbe, 0x5c, 0xd4, 0x5c, 0x00 } },
    { 0x7e0a, 1, { 0x54, 0xa2, 0x5c, 0x94, 0x62, 0xdc, 0x7e, 0x00 } },
    { 0x7e0b, 1, { 0x52, 0x86, 0x56, 0xa4, 0x56, 0xf6, 0x5e, 0x00 } },
    { 0x7e12, 1, { 0x54, 0xbe, 0x48, 0xbe, 0x5e, 0xd4, 0x6e, 0x00 } },
    { 0x7e1b, 1, { 0x4a, 0xbe, 0x5c, 0x9c, 0x7e, 0xd4, 0x4c, 0x00 } },
    { 0x7e1e, 1, { 0x48, 0xbe, 0x54, 0x9c, 0x7e, 0xe2, 0x6a, 0x00 } },
    { 0x7e1f, 1, { 0x5e, 0x9c, 0x5a, 0xac, 0x7e, 0xd4, 0x4c, 0x00 } },
    { 0x7e21, 1, { 0x48, 0xbe, 0x6a, 0xbe, 0x54, 0xfe, 0x48, 0x00 } },
    { 0x7e22, 1, { 0xf4, 0xaa, 0xfe, 0xb4, 0xfa, 0xa8, 0xaa, 0x00 } },
    { 0x7e23, 1, { 0x6e, 0xe4, 0xe8, 0x84, 0xfe, 0x24, 0xb6, 0x00 } },
    { 0x7e26, 1, { 0x5a, 0xae, 0x54, 0xb6, 0x54, 0xdc, 0x56, 0x00 } },
    { 0x7e2b, 1, { 0x56, 0x8a, 0x44, 0xba, 0x5e, 0xd4, 0x6e, 0x00 } },
    { 0x7e2e, 1, { 0x48, 0xbe, 0x62, 0x9e, 0x74, 0xd6, 0x56, 0x00 } },
    { 0x7e31, 1, { 0x54, 0xaa, 0x50, 0xb4, 0x56, 0xdc, 0x56, 0x00 } },
    { 0x7e32, 1, { 0x7e, 0xaa, 0x7e, 0x90, 0x7e, 0xc8, 0x6a, 0x00 } },
    { 0x7e35, 1, { 0x5c, 0x94, 0x7e, 0xbe, 0x54, 0xc8, 0x76, 0x00 } },
    { 0x7e37, 1, { 0x48, 0x9c, 0x76, 0x9c, 0x7e, 0xd4, 0x7a, 0x00 } },
    { 0x7e39, 1, { 0x7e, 0x9c, 0x5c, 0x80, 0x7e, 0xc8, 0x6a, 0x00 } },
    { 0x7e3a, 1, { 0x54, 0x8e, 0x5c, 0xac, 0x5e, 0xf4, 0x5e, 0x00 } },
    { 0x7e3b, 1, { 0x08, 0x7e, 0x7e, 0x54, 0x7a, 0x48, 0xaa, 0x00 } },
    { 0x7e3d, 1, { 0x48, 0x9e, 0x5e, 0xbe, 0x40, 0xf2, 0x6e, 0x00 } },
    { 0x7e3e, 1, { 0x48, 0x9c, 0x48, 0xbe, 0x5c, 0xdc, 0x62, 0x00 } },
    { 0x7e41, 1, { 0x86, 0xfa, 0x74, 0xea, 0x7c, 0x10, 0x92, 0x00 } },
    { 0x7e43, 1, { 0x6a, 0xbe, 0x40, 0xb6, 0x76, 0xf6, 0x5a, 0x00 } },
    { 0x7e46, 1, { 0x76, 0x92, 0x48, 0x94, 0x6a, 0xc4, 0x58, 0x00 } },
    { 0x7e4a, 1, { 0x56, 0xbc, 0x56, 0xbc, 0x56, 0xdc, 0x72, 0x00 } },
    { 0x7e4b, 1, { 0x2e, 0xfa, 0x74, 0xea, 0x7c, 0x10, 0x92, 0x00 } },
    { 0x7e4d, 1, { 0x48, 0xbc, 0x4e, 0xbc, 0x5a, 0xde, 0x6a, 0x00 } },
    { 0x7e54, 1, { 0x56, 0xbc, 0x5e, 0xbc, 0x46, 0xdc, 0x5a, 0x00 } },
    { 0x7e55, 1, { 0x54, 0xbe, 0x48, 0xbe, 0x54, 0xfe, 0x5c, 0x00 } },
    { 0x7e56, 1, { 0x54, 0xbe, 0x5a, 0xba, 0x5a, 0xdc, 0x5a, 0x00 } },
    { 0x7e59, 1, { 0x7e, 0x94, 0x7e, 0x9c, 0x6a, 0xdc, 0x5c, 0x00 } },
    { 0x7e5a, 1, { 0x48, 0xbe, 0x54, 0xbe, 0x54, 0xc8, 0x6a, 0x00 } },
    { 0x7e5d, 1, { 0x76, 0xb6, 0x62, 0xae, 0x6e, 0xf6, 0x62, 0x00 } },
    { 0x7e5e, 1, { 0x48, 0x9c, 0x7e, 0xb6, 0x7e, 0xd4, 0x66, 0x00 } },
    { 0x7e66, 1, { 0x7e, 0x9a, 0x74, 0xae, 0x7e, 0xd4, 0x7e, 0x00 } },
    { 0x7e67, 1, { 0x5c, 0xbe, 0x6a, 0x80, 0x7e, 0xd4, 0x7a, 0x00 } },
    { 0x7e69, 1, { 0x7e, 0xb6, 0x54, 0xb6, 0x76, 0xd4, 0x5e, 0x00 } },
    { 0x7e6a, 1, { 0x48, 0x94, 0x7e, 0xaa, 0x7e, 0xd4, 0x5c, 0x00 } },
    { 0x7e6d, 1, { 0x28, 0xfe, 0x28, 0xfe, 0xb6, 0xde, 0xb6, 0x00 } },
    { 0x7e70, 1, { 0x5c, 0x94, 0x7e, 0xaa, 0x7e, 0xdc, 0x6a, 0x00 } },
    { 0x7e79, 1, { 0x7e, 0xbe, 0x48, 0xbe, 0x54, 0xfe, 0x48, 0x00 } },
    { 0x7e7b, 1, { 0x5c, 0xbe, 0x6a, 0x9c, 0x48, 0xfe, 0x6a, 0x00 } },
    { 0x7e7c, 1, { 0x6a, 0xb4, 0x6a, 0xbe, 0x6a, 0xf4, 0x7e, 0x00 } },
    { 0x7e7d, 1, { 0x48, 0xbe, 0x6a, 0xb4, 0x5c, 0xdc, 0x62, 0x00 } },
    { 0x7e7f, 1, { 0x74, 0xa6, 0x60, 0xb6, 0x40, 0xdc, 0x7e, 0x00 } },
    { 0x7e82, 1, { 0x48, 0x6e, 0xbc, 0x38, 0xe6, 0x38, 0x92, 0x00 } },
    { 0x7e83, 1, { 0x48, 0xbe, 0x54, 0xaa, 0x54, 0xdc, 0x64, 0x00 } },
    { 0x7e88, 1, { 0x56, 0xbc, 0x56, 0xbe, 0x46, 0xf8, 0x5a, 0x00 } },
    { 0x7e89, 1, { 0x54, 0xbe, 0x54, 0xaa, 0x5c, 0xdc, 0x62, 0x00 } },
    { 0x7e8c, 1, { 0x48, 0xbe, 0x76, 0xbe, 0x5c, 0xdc, 0x62, 0x00 } },
    { 0x7e8e, 1, { 0x56, 0x94, 0x7e, 0x94, 0x7e, 0xd4, 0x7a, 0x00 } },
    { 0x7e8f, 1, { 0x48, 0xbe, 0x6c, 0xbe, 0x76, 0xe8, 0x5e, 0x00 } },
    { 0x7e90, 1, { 0x56, 0xbc, 0x6e, 0x86, 0x6e, 0xd0, 0x6a, 0x00 } },
    { 0x7e92, 1, { 0x5e, 0x9c, 0x50, 0x9a, 0x50, 0xe4, 0x5e, 0x00 } },
    { 0x7e93, 1, { 0x76, 0xb6, 0x6a, 0x90, 0x7e, 0xd4, 0x7a, 0x00 } },
    { 0x7e94, 1, { 0x4c, 0x96, 0x4e, 0xac, 0x56, 0xec, 0x56, 0x00 } },
    { 0x7e96, 1, { 0x6e, 0x94, 0x7e, 0x94, 0x7e, 0xd4, 0x7a, 0x00 } },
    { 0x7e9b, 1, { 0x10, 0x7c, 0xfe, 0x7c, 0xea, 0xee, 0x54, 0x00 } },
    { 0x7e9c, 1, { 0x74, 0xa6, 0x76, 0x9c, 0x5c, 0xdc, 0x66, 0x00 } },
    { 0x7f36, 1, { 0x20, 0x3c, 0x50, 0xfe, 0x10, 0x54, 0x7c, 0x00 } },
    { 0x7f38, 1, { 0x40, 0x7e, 0xa4, 0xf4, 0x24, 0xb4, 0xfe, 0x00 } },
    { 0x7f3a, 1, { 0x44, 0x7e, 0xa6, 0xfe, 0x24, 0xb4, 0xfa, 0x00 } },
    { 0x7f45, 1, { 0x84, 0xe6, 0x5c, 0xf6, 0x5e, 0xf4, 0xec, 0x00 } },
    { 0x7f4c, 1, { 0x6c, 0x6c, 0x92, 0x3c, 0xfe, 0x54, 0x7c, 0x00 } },
    { 0x7f4d, 1, { 0x38, 0x38, 0xee, 0xfe, 0xfe, 0x54, 0x7c, 0x00 } },
    { 0x7f4e, 1, { 0x8c, 0xec, 0x5e, 0xf6, 0x4c, 0xd4, 0xfa, 0x00 } },
    { 0x7f50, 1, { 0x94, 0xfe, 0x76, 0xd4, 0x5e, 0xf4, 0xde, 0x00 } },
    { 0x7f51, 1, { 0xfe, 0x82, 0xd6, 0xaa, 0xaa, 0xd6, 0x82, 0x00 } },
    { 0x7f54, 1, { 0xfe, 0xaa, 0xfe, 0x92, 0xfe, 0xa2, 0xba, 0x00 } },
    { 0x7f55, 1, { 0xfe, 0xaa, 0x4c, 0x38, 0x10, 0xfe, 0x10, 0x00 } },
    { 0x7f58, 1, { 0xfe, 0xaa, 0xfe, 0x00, 0xfe, 0x34, 0xd2, 0x00 } },
    { 0x7f5f, 1, { 0xfe, 0xaa, 0xfe, 0x10, 0xfe, 0x44, 0x7c, 0x00 } },
    { 0x7f60, 1, { 0xfe, 0xaa, 0xfe, 0x44, 0x7e, 0x48, 0xe6, 0x00 } },
    { 0x7f67, 1, { 0xfe, 0xaa, 0xfe, 0x24, 0xfe, 0x6c, 0xb6, 0x00 } },
    { 0x7f68, 1, { 0xfe, 0xaa, 0xfe, 0x54, 0xba, 0x38, 0x0e, 0x00 } },
    { 0x7f69, 1, { 0xfe, 0xaa, 0xfe, 0x1c, 0x78, 0xfe, 0x10, 0x00 } },
    { 0x7f6a, 1, { 0xfe, 0xfe, 0x28, 0xee, 0x28, 0xee, 0x48, 0x00 } },
    { 0x7f6b, 1, { 0xfe, 0xaa, 0xfe, 0x48, 0xec, 0x4a, 0xe8, 0x00 } },
    { 0x7f6e, 1, { 0xfe, 0xaa, 0xfe, 0x24, 0xbc, 0xa4, 0xfe, 0x00 } },
    { 0x7f70, 1, { 0xfe, 0xaa, 0xfe, 0x6a, 0x0a, 0xe2, 0xe6, 0x00 } },
    { 0x7f72, 1, { 0xfe, 0xaa, 0xfe, 0x38, 0xfe, 0x34, 0xdc, 0x00 } },
    { 0x7f75, 1, { 0xfe, 0xaa, 0xfe, 0x50, 0x7e, 0x02, 0xaa, 0x00 } },
    { 0x7f77, 1, { 0xfe, 0xaa, 0xfe, 0x54, 0xf6, 0x74, 0x56, 0x00 } },
    { 0x7f78, 1, { 0xfe, 0xaa, 0xfe, 0xc4, 0x3e, 0xd4, 0xcc, 0x00 } },
    { 0x7f79, 1, { 0xfe, 0xaa, 0xfe, 0x54, 0xde, 0xd4, 0x5e, 0x00 } },
    { 0x7f82, 1, { 0xfe, 0xaa, 0xfe, 0x8c, 0x5e, 0xfe, 0x52, 0x00 } },
    { 0x7f83, 1, { 0xfe, 0xaa, 0xfe, 0x38, 0xfe, 0x7e, 0xb4, 0x00 } },
    { 0x7f85, 1, { 0xfe, 0xaa, 0xfe, 0x94, 0x5e, 0xf4, 0x5e, 0x00 } },
    { 0x7f86, 1, { 0xfe, 0xaa, 0xfe, 0x74, 0x56, 0x00, 0xaa, 0x00 } },
    { 0x7f87, 1, { 0xfe, 0xaa, 0xfe, 0xac, 0x5e, 0xe4, 0x54, 0x00 } },
    { 0x7f88, 1, { 0xfe, 0xaa, 0xfe, 0xac, 0x4e, 0xe2, 0x56, 0x00 } },
    { 0x7f8a, 1, { 0x44, 0xfe, 0x10, 0x7c, 0x10, 0xfe, 0x10, 0x00 } },
    { 0x7f8c, 1, { 0x44, 0xfe, 0x7c, 0x10, 0xfe, 0x28, 0xce, 0x00 } },
    { 0x7f8e, 1, { 0x44, 0xfe, 0x7c, 0x10, 0xfe, 0x10, 0xee, 0x00 } },
    { 0x7f94, 1, { 0x44, 0xfe, 0x7c, 0x10, 0xfe, 0x00, 0xaa, 0x00 } },
    { 0x7f9a, 1, { 0xa8, 0x54, 0xee, 0x40, 0xfe, 0x4a, 0x88, 0x00 } },
    { 0x7f9d, 1, { 0xa2, 0x5c, 0xf4, 0x5e, 0xf4, 0x52, 0x9e, 0x00 } },
    { 0x7f9e, 1, { 0x44, 0xfe, 0x10, 0xfe, 0x7c, 0x54, 0xbe, 0x00 } },
    { 0x7fa3, 1, { 0x3c, 0xfe, 0x32, 0xde, 0x38, 0xfe, 0x10, 0x00 } },
    { 0x7fa4, 1, { 0xfa, 0x5e, 0xf4, 0x5e, 0x64, 0xfe, 0x74, 0x00 } },
    { 0x7fa8, 1, { 0x44, 0xfe, 0x10, 0xfe, 0x9c, 0x08, 0xb6, 0x00 } },
    { 0x7fa9, 1, { 0x44, 0xfe, 0x10, 0xfe, 0x2a, 0xfc, 0x2a, 0x00 } },
    { 0x7fae, 1, { 0x44, 0xfe, 0x7c, 0xaa, 0x7c, 0x10, 0xee, 0x00 } },
    { 0x7faf, 1, { 0xbc, 0x54, 0xfc, 0x5e, 0xf2, 0x5a, 0x86, 0x00 } },
    { 0x7fb2, 1, { 0x44, 0xfe, 0x10, 0xfe, 0x6a, 0x3c, 0x6a, 0x00 } },
    { 0x7fb6, 1, { 0xa4, 0x5e, 0xfa, 0x5e, 0xec, 0x4c, 0x9e, 0x00 } },
    { 0x7fb8, 1, { 0x10, 0xfe, 0x40, 0x7c, 0x6e, 0x7e, 0xb6, 0x00 } },
    { 0x7fb9, 1, { 0x44, 0xfe, 0x7c, 0xaa, 0x7c, 0x38, 0xee, 0x00 } },
    { 0x7fbd, 1, { 0xfe, 0x12, 0x5a, 0x12, 0x36, 0xda, 0x36, 0x00 } },
    { 0x7fc1, 1, { 0x28, 0xc6, 0x20, 0xfe, 0x5a, 0x36, 0xda, 0x00 } },
    { 0x7fc5, 1, { 0x5e, 0xea, 0x5e, 0xea, 0xbe, 0x4a, 0xbe, 0x00 } },
    { 0x7fc6, 1, { 0xee, 0x22, 0x78, 0x2a, 0x4e, 0xfe, 0x10, 0x00 } },
    { 0x7fca, 1, { 0x5e, 0xea, 0xbe, 0xaa, 0x5e, 0xea, 0x0a, 0x00 } },
    { 0x7fcc, 1, { 0xfe, 0x5a, 0x36, 0xda, 0x7c, 0x28, 0xfe, 0x00 } },
    { 0x7fd2, 1, { 0xfe, 0x5a, 0x36, 0xda, 0x20, 0x7c, 0x7c, 0x00 } },
    { 0x7fd4, 1, { 0xbe, 0x4a, 0xde, 0x6a, 0xde, 0x6a, 0x8a, 0x00 } },
    { 0x7fd5, 1, { 0x10, 0x28, 0xfe, 0x38, 0xee, 0x66, 0xaa, 0x00 } },
    { 0x7fe0, 1, { 0xfe, 0x5a, 0x36, 0xfe, 0x54, 0xfe, 0x10, 0x00 } },
    { 0x7fe1, 1, { 0x28, 0xee, 0x28, 0xfe, 0x5a, 0xb6, 0x5a, 0x00 } },
    { 0x7fe6, 1, { 0x44, 0xfe, 0x74, 0x54, 0xee, 0x66, 0xaa, 0x00 } },
    { 0x7fe9, 1, { 0xde, 0x0a, 0xde, 0x8a, 0xfe, 0xea, 0xaa, 0x00 } },
    { 0x7feb, 1, { 0xf6, 0x50, 0xfe, 0x54, 0x24, 0x74, 0x7a, 0x00 } },
    { 0x7ff0, 1, { 0xe8, 0x54, 0xe2, 0xbe, 0x4a, 0xde, 0x6a, 0x00 } },
    { 0x7ff3, 1, { 0xfe, 0xca, 0xf4, 0xaa, 0xfe, 0x66, 0xaa, 0x00 } },
    { 0x7ff9, 1, { 0x5e, 0xea, 0xfe, 0xaa, 0xfe, 0x6a, 0xbe, 0x00 } },
    { 0x7ffb, 1, { 0xfe, 0x6a, 0xfe, 0x6a, 0xbe, 0x7e, 0x6a, 0x00 } },
    { 0x7ffc, 1, { 0xfe, 0x5a, 0x36, 0x58, 0xfe, 0x00, 0xc6, 0x00 } },
    { 0x8000, 1, { 0x2e, 0xb6, 0x2e, 0xf4, 0x6e, 0x7c, 0x8e, 0x00 } },
    { 0x8001, 1, { 0x12, 0x7c, 0x18, 0xfe, 0x3c, 0xd0, 0x1e, 0x00 } },
    { 0x8003, 1, { 0x12, 0x7c, 0x18, 0xfe, 0x30, 0xde, 0x02, 0x00 } },
    { 0x8004, 1, { 0x14, 0x78, 0x30, 0xde, 0x3c, 0xf0, 0x1e, 0x00 } },
    { 0x8005, 1, { 0x12, 0x7c, 0x18, 0xfe, 0x20, 0xdc, 0x1c, 0x00 } },
    { 0x8006, 1, { 0x14, 0x78, 0xfe, 0x30, 0xde, 0x3c, 0x3c, 0x00 } },
    { 0x800b, 1, { 0x14, 0x78, 0x30, 0xde, 0x7c, 0x10, 0xfe, 0x00 } },
    { 0x800c, 1, { 0xfe, 0x10, 0xfe, 0xaa, 0xaa, 0xaa, 0xaa, 0x00 } },
    { 0x8010, 1, { 0xfa, 0x46, 0xfa, 0xae, 0xae, 0xaa, 0xaa, 0x00 } },
    { 0x8012, 1, { 0x14, 0xf8, 0x7c, 0x10, 0xfe, 0x38, 0xd6, 0x00 } },
    { 0x8015, 1, { 0x54, 0xfe, 0x54, 0xd4, 0x7e, 0xd4, 0x64, 0x00 } },
    { 0x8017, 1, { 0x44, 0xf8, 0x4e, 0xf8, 0x4e, 0xf8, 0x4e, 0x00 } },
    { 0x8018, 1, { 0x6e, 0xc0, 0x5e, 0xe4, 0x44, 0xea, 0x5e, 0x00 } },
    { 0x8019, 1, { 0x7e, 0xd6, 0x56, 0xfe, 0x50, 0xf2, 0x5e, 0x00 } },
    { 0x801c, 1, { 0x7c, 0xd4, 0x5c, 0xf0, 0x5e, 0xf2, 0x5e, 0x00 } },
    { 0x8021, 1, { 0x64, 0xfc, 0x6e, 0xfe, 0x6e, 0xfa, 0x4a, 0x00 } },
    { 0x8028, 1, { 0x5e, 0xdc, 0x5a, 0xec, 0x7e, 0xd4, 0x4c, 0x00 } },
    { 0x8033, 1, { 0xfe, 0x24, 0x3c, 0x3c, 0x24, 0xfe, 0x04, 0x00 } },
    { 0x8036, 1, { 0xfe, 0x56, 0x74, 0x76, 0x56, 0xf4, 0x14, 0x00 } },
    { 0x803b, 1, { 0xe4, 0x64, 0x76, 0x74, 0x74, 0xf4, 0x3e, 0x00 } },
    { 0x803d, 1, { 0xe8, 0x7e, 0x7a, 0x68, 0x6c, 0xec, 0x36, 0x00 } },
    { 0x803f, 1, { 0xe4, 0x64, 0x76, 0x74, 0x64, 0xe4, 0x3a, 0x00 } },
    { 0x8046, 1, { 0xe8, 0x74, 0x6e, 0x60, 0x7e, 0xea, 0x28, 0x00 } },
    { 0x804a, 1, { 0xe8, 0x76, 0x76, 0x76, 0x7e, 0xec, 0x34, 0x00 } },
    { 0x8052, 1, { 0xe2, 0x6c, 0x7e, 0x64, 0x6e, 0xea, 0x2e, 0x00 } },
    { 0x8056, 1, { 0xfe, 0x6a, 0xfe, 0x10, 0x7c, 0x10, 0xfe, 0x00 } },
    { 0x8058, 1, { 0xe4, 0x6e, 0x6e, 0x7e, 0x6c, 0xe2, 0x26, 0x00 } },
    { 0x805a, 1, { 0xfe, 0x6a, 0xf4, 0x2a, 0x54, 0x38, 0xd6, 0x00 } },
    { 0x805e, 1, { 0xee, 0xee, 0x82, 0xfe, 0xba, 0xfa, 0x8a, 0x00 } },
    { 0x805f, 1, { 0x40, 0x7e, 0xaa, 0x5e, 0x24, 0xfe, 0x04, 0x00 } },
    { 0x8061, 1, { 0xea, 0x72, 0x68, 0x7e, 0x60, 0xfa, 0x36, 0x00 } },
    { 0x8062, 1, { 0xe4, 0x7e, 0x6e, 0x64, 0x76, 0xf4, 0x2e, 0x00 } },
    { 0x8068, 1, { 0xea, 0x74, 0x6a, 0x6c, 0x7e, 0xec, 0x34, 0x00 } },
    { 0x806f, 1, { 0xea, 0x74, 0x6a, 0x74, 0x7e, 0xee, 0x34, 0x00 } },
    { 0x8070, 1, { 0xe8, 0x7e, 0x7e, 0x7e, 0x60, 0xfa, 0x36, 0x00 } },
    { 0x8072, 1, { 0x2e, 0xfa, 0x64, 0x8a, 0x3c, 0xfe, 0x04, 0x00 } },
    { 0x8073, 1, { 0x54, 0xaa, 0x4c, 0xfe, 0x24, 0xfe, 0x04, 0x00 } },
    { 0x8074, 1, { 0xe4, 0x7e, 0x6e, 0x6e, 0x60, 0xfa, 0x36, 0x00 } },
    { 0x8076, 1, { 0x7c, 0x38, 0xfe, 0xee, 0x66, 0xee, 0x22, 0x00 } },
    { 0x8077, 1, { 0xf6, 0x7c, 0x6e, 0x7c, 0x66, 0xf4, 0x3a, 0x00 } },
    { 0x8079, 1, { 0xe4, 0x7e, 0x7a, 0x6c, 0x7e, 0xe4, 0x2c, 0x00 } },
    { 0x807d, 1, { 0xe4, 0x7e, 0x6e, 0xfe, 0x60, 0xfa, 0x36, 0x00 } },
    { 0x807e, 1, { 0x26, 0xfc, 0x52, 0xf6, 0x5c, 0xfe, 0x04, 0x00 } },
    { 0x807f, 1, { 0x10, 0x7c, 0x16, 0xfc, 0x10, 0xfe, 0x10, 0x00 } },
    { 0x8084, 1, { 0x84, 0xee, 0x86, 0x6e, 0xe4, 0x5e, 0xa4, 0x00 } },
    { 0x8085, 1, { 0x10, 0x7c, 0x3e, 0xec, 0x42, 0x6e, 0xaa, 0x00 } },
    { 0x8086, 1, { 0x74, 0x4e, 0x66, 0x4e, 0xf4, 0x5e, 0xf4, 0x00 } },
    { 0x8087, 1, { 0xfe, 0x5a, 0x74, 0x8a, 0x7c, 0xfe, 0x10, 0x00 } },
    { 0x8089, 1, { 0x10, 0xfe, 0x92, 0xaa, 0x92, 0xaa, 0x86, 0x00 } },
    { 0x808b, 1, { 0xe8, 0xbe, 0xea, 0xaa, 0xea, 0xaa, 0xb6, 0x00 } },
    { 0x808c, 1, { 0xfc, 0xb4, 0xf4, 0xb4, 0xf4, 0xb4, 0xa6, 0x00 } },
    { 0x8093, 1, { 0x10, 0xfe, 0x40, 0x7c, 0x44, 0x7c, 0x44, 0x00 } },
    { 0x8096, 1, { 0x52, 0x34, 0x7e, 0x42, 0x7e, 0x42, 0x46, 0x00 } },
    { 0x8098, 1, { 0xe4, 0xbe, 0xe4, 0xb4, 0xec, 0xa4, 0xac, 0x00 } },
    { 0x809a, 1, { 0xe4, 0xa4, 0xee, 0xa4, 0xe4, 0xa4, 0xbe, 0x00 } },
    { 0x809b, 1, { 0xe0, 0xae, 0xe4, 0xa4, 0xe4, 0xa4, 0xbe, 0x00 } },
    { 0x809d, 1, { 0xee, 0xa4, 0xe4, 0xbe, 0xe4, 0xa4, 0xa4, 0x00 } },
    { 0x80a1, 1, { 0xee, 0xaa, 0xe0, 0xae, 0xea, 0xa4, 0xba, 0x00 } },
    { 0x80a2, 1, { 0xe4, 0xbe, 0xe4, 0xae, 0xea, 0xa4, 0xba, 0x00 } },
    { 0x80a5, 1, { 0xfe, 0xaa, 0xea, 0xbe, 0xe0, 0xa2, 0xbe, 0x00 } },
    { 0x80a9, 1, { 0xfe, 0x44, 0x7c, 0x5c, 0x54, 0x5c, 0x94, 0x00 } },
    { 0x80aa, 1, { 0xe4, 0xbe, 0xe8, 0xae, 0xea, 0xaa, 0xb6, 0x00 } },
    { 0x80ac, 1, { 0xea, 0xbe, 0xe8, 0xac, 0xec, 0xac, 0xb6, 0x00 } },
    { 0x80ad, 1, { 0xec, 0xa4, 0xfe, 0xb6, 0xfa, 0xb2, 0xb6, 0x00 } },
    { 0x80af, 1, { 0x10, 0x5c, 0x50, 0xfe, 0x44, 0x7c, 0x44, 0x00 } },
    { 0x80b1, 1, { 0xe8, 0xbe, 0xe8, 0xb2, 0xe4, 0xaa, 0xbe, 0x00 } },
    { 0x80b2, 1, { 0x10, 0xfe, 0x24, 0xfa, 0x44, 0x7c, 0x44, 0x00 } },
    { 0x80b4, 1, { 0x64, 0x18, 0x24, 0xfe, 0x64, 0xbc, 0x24, 0x00 } },
    { 0x80ba, 1, { 0xe4, 0xbe, 0xe4, 0xbe, 0xf6, 0xb6, 0xa4, 0x00 } },
    { 0x80c3, 1, { 0xfe, 0x92, 0xfe, 0x7c, 0x44, 0x7c, 0x44, 0x00 } },
    { 0x80c4, 1, { 0x10, 0xfe, 0x92, 0xfe, 0x44, 0x7c, 0x44, 0x00 } },
    { 0x80c6, 1, { 0xee, 0xaa, 0xee, 0xaa, 0xee, 0xa0, 0xae, 0x00 } },
    { 0x80cc, 1, { 0x28, 0xee, 0x28, 0xfe, 0x44, 0x7c, 0x44, 0x00 } },
    { 0x80ce, 1, { 0xe4, 0xa4, 0xea, 0xbe, 0xe0, 0xae, 0xae, 0x00 } },
    { 0x80d6, 1, { 0xea, 0xb0, 0xe4, 0xbe, 0xe4, 0xbe, 0xa4, 0x00 } },
    { 0x80d9, 1, { 0xe8, 0xae, 0xf8, 0xae, 0xe8, 0xae, 0xa8, 0x00 } },
    { 0x80da, 1, { 0xfe, 0xa4, 0xec, 0xb6, 0xe4, 0xa4, 0xbe, 0x00 } },
    { 0x80db, 1, { 0xfe, 0xb6, 0xfe, 0xb6, 0xfe, 0xa4, 0xa4, 0x00 } },
    { 0x80dd, 1, { 0xe2, 0xbc, 0xf4, 0xbe, 0xf4, 0xb2, 0xbe, 0x00 } },
    { 0x80de, 1, { 0xe8, 0xae, 0xf6, 0xa2, 0xee, 0xa8, 0xae, 0x00 } },
    { 0x80e1, 1, { 0x4e, 0xea, 0x4e, 0xea, 0xae, 0xea, 0x16, 0x00 } },
    { 0x80e4, 1, { 0x54, 0x64, 0x54, 0x7c, 0x6c, 0x7c, 0xae, 0x00 } },
    { 0x80e5, 1, { 0xfe, 0x1a, 0x50, 0xbe, 0x44, 0x7c, 0x44, 0x00 } },
    { 0x80ef, 1, { 0xe4, 0xbe, 0xec, 0xba, 0xec, 0xa2, 0xa6, 0x00 } },
    { 0x80f1, 1, { 0xe4, 0xb6, 0xe4, 0xbe, 0xec, 0xac, 0xb6, 0x00 } },
    { 0x80f4, 1, { 0xfe, 0xb2, 0xfe, 0xb2, 0xfe, 0xbe, 0xb2, 0x00 } },
    { 0x80f8, 1, { 0xe8, 0xae, 0xf6, 0xaa, 0xf6, 0xbe, 0xa2, 0x00 } },
    { 0x80fc, 1, { 0xea, 0xa0, 0xfe, 0xaa, 0xfe, 0xaa, 0xb2, 0x00 } },
    { 0x80fd, 1, { 0x24, 0x56, 0xf4, 0x76, 0x56, 0x74, 0x56, 0x00 } },
    { 0x8102, 1, { 0xea, 0xac, 0xea, 0xae, 0xe0, 0xae, 0xae, 0x00 } },
    { 0x8105, 1, { 0x10, 0x7c, 0x24, 0xfe, 0x56, 0xbc, 0x24, 0x00 } },
    { 0x8106, 1, { 0xec, 0xb4, 0xfe, 0xbe, 0xfa, 0xb8, 0xae, 0x00 } },
    { 0x8107, 1, { 0xe8, 0xbe, 0xea, 0xa0, 0xea, 0xbe, 0xaa, 0x00 } },
    { 0x8108, 1, { 0xe4, 0xb8, 0xe6, 0xb8, 0xf6, 0xb4, 0xb2, 0x00 } },
    { 0x8109, 1, { 0xec, 0xa0, 0xec, 0xbe, 0xec, 0xb6, 0xac, 0x00 } },
    { 0x810a, 1, { 0xd6, 0x10, 0xd6, 0x38, 0xc6, 0x7c, 0x44, 0x00 } },
    { 0x811a, 1, { 0xee, 0xbe, 0xee, 0xbe, 0xee, 0xb4, 0xbc, 0x00 } },
    { 0x811b, 1, { 0xfe, 0xaa, 0xf4, 0xaa, 0xfe, 0xa4, 0xbe, 0x00 } },
    { 0x8123, 1, { 0x7e, 0x7c, 0x68, 0xb6, 0x7c, 0x7c, 0x44, 0x00 } },
    { 0x8129, 1, { 0x2c, 0x74, 0xe8, 0x7e, 0x74, 0x7c, 0x54, 0x00 } },
    { 0x812f, 1, { 0xea, 0xbe, 0xe8, 0xbe, 0xfa, 0xbe, 0xba, 0x00 } },
    { 0x8131, 1, { 0xea, 0xbe, 0xf2, 0xbe, 0xec, 0xac, 0xb6, 0x00 } },
    { 0x8133, 1, { 0xea, 0xa2, 0xf4, 0xaa, 0xf6, 0xb2, 0xbe, 0x00 } },
    { 0x8139, 1, { 0xee, 0xa8, 0xec, 0xa8, 0xfe, 0xac, 0xaa, 0x00 } },
    { 0x813e, 1, { 0xe8, 0xbe, 0xfa, 0xbe, 0xec, 0xbe, 0xa4, 0x00 } },
    { 0x8146, 1, { 0xea, 0xbe, 0xfa, 0xbe, 0xfe, 0xa0, 0xb2, 0x00 } },
    { 0x814b, 1, { 0xe4, 0xbe, 0xe8, 0xae, 0xfa, 0xac, 0xaa, 0x00 } },
    { 0x814e, 1, { 0xee, 0xca, 0xe4, 0x0a, 0x7c, 0x7c, 0x44, 0x00 } },
    { 0x8150, 1, { 0x08, 0x7e, 0x54, 0x6c, 0x7e, 0x6a, 0xb6, 0x00 } },
    { 0x8151, 1, { 0xe4, 0xbe, 0xf0, 0xba, 0xfe, 0xba, 0xaa, 0x00 } },
    { 0x8153, 1, { 0xec, 0xbe, 0xec, 0xbe, 0xec, 0xbe, 0xac, 0x00 } },
    { 0x8154, 1, { 0xe4, 0xbe, 0xfa, 0xa0, 0xee, 0xa4, 0xbe, 0x00 } },
    { 0x8155, 1, { 0xe4, 0xbe, 0xf2, 0xae, 0xf6, 0xac, 0xb6, 0x00 } },
    { 0x815f, 1, { 0xe4, 0xbe, 0xf2, 0xac, 0xfa, 0xa4, 0xbe, 0x00 } },
    { 0x8165, 1, { 0xee, 0xaa, 0xee, 0xb4, 0xee, 0xa4, 0xbe, 0x00 } },
    { 0x8166, 1, { 0xea, 0xb4, 0xea, 0xbe, 0xf6, 0xba, 0xbe, 0x00 } },
    { 0x816b, 1, { 0xe2, 0xac, 0xfe, 0xae, 0xee, 0xa4, 0xbe, 0x00 } },
    { 0x816e, 1, { 0xfe, 0xb6, 0xfe, 0xbe, 0xe0, 0xba, 0xb6, 0x00 } },
    { 0x8170, 1, { 0xfe, 0xac, 0xec, 0xa8, 0xfe, 0xac, 0xba, 0x00 } },
    { 0x8171, 1, { 0xfa, 0xae, 0xea, 0xb6, 0xea, 0xa8, 0xb6, 0x00 } },
    { 0x8174, 1, { 0xe8, 0xb6, 0xfe, 0xb6, 0xfe, 0xa4, 0xba, 0x00 } },
    { 0x8178, 1, { 0xee, 0xaa, 0xfe, 0xa8, 0xee, 0xb6, 0xaa, 0x00 } },
    { 0x8179, 1, { 0xf0, 0xbe, 0xec, 0xac, 0xf4, 0xa8, 0xb6, 0x00 } },
    { 0x817a, 1, { 0xe8, 0xbc, 0xf4, 0xbc, 0xfa, 0xbc, 0xaa, 0x00 } },
    { 0x817f, 1, { 0xf6, 0xa6, 0xe6, 0xb4, 0xfa, 0xb0, 0xbe, 0x00 } },
    { 0x8180, 1, { 0xe8, 0xbe, 0xf4, 0xbe, 0xea, 0xac, 0xb4, 0x00 } },
    { 0x8182, 1, { 0x48, 0xee, 0x7c, 0xaa, 0x7c, 0x7c, 0x44, 0x00 } },
    { 0x8183, 1, { 0xfe, 0xb6, 0xfa, 0xbe, 0xe0, 0xac, 0xbe, 0x00 } },
    { 0x8188, 1, { 0xfe, 0xac, 0xec, 0xbe, 0xf2, 0xbe, 0xb6, 0x00 } },
    { 0x818a, 1, { 0xea, 0xbe, 0xfc, 0xb4, 0xfe, 0xb4, 0xac, 0x00 } },
    { 0x818f, 1, { 0x10, 0xfe, 0x44, 0xfe, 0xba, 0x7c, 0x44, 0x00 } },
    { 0x8193, 1, { 0xe8, 0xae, 0xfc, 0xac, 0xee, 0xb6, 0xaa, 0x00 } },
    { 0x8195, 1, { 0xfe, 0xaa, 0xfe, 0xba, 0xe6, 0xb2, 0xbe, 0x00 } },
    { 0x819a, 1, { 0x08, 0x0e, 0x78, 0x5e, 0x5e, 0x5e, 0x92, 0x00 } },
    { 0x819c, 1, { 0xea, 0xbe, 0xec, 0xac, 0xfe, 0xa4, 0xba, 0x00 } },
    { 0x819d, 1, { 0xe4, 0xbe, 0xec, 0xb6, 0xec, 0xb6, 0xac, 0x00 } },
    { 0x81a0, 1, { 0xfe, 0xaa, 0xe4, 0xaa, 0xf4, 0xa2, 0xac, 0x00 } },
    { 0x81a3, 1, { 0xe4, 0xbe, 0xf6, 0xa8, 0xee, 0xa4, 0xae, 0x00 } },
    { 0x81a4, 1, { 0xec, 0xbe, 0xf6, 0xa0, 0xec, 0xa6, 0xac, 0x00 } },
    { 0x81a8, 1, { 0xea, 0xbc, 0xea, 0xbc, 0xf8, 0xaa, 0xbc, 0x00 } },
    { 0x81a9, 1, { 0xe4, 0xbe, 0xf4, 0xa4, 0xfc, 0xbc, 0xaa, 0x00 } },
    { 0x81b0, 1, { 0xfe, 0xac, 0xfe, 0xac, 0xf6, 0xac, 0xac, 0x00 } },
    { 0x81b3, 1, { 0xea, 0xbe, 0xe4, 0xbe, 0xea, 0xbe, 0xae, 0x00 } },
    { 0x81b5, 1, { 0xf4, 0xbe, 0xf4, 0xb4, 0xea, 0xbe, 0xa8, 0x00 } },
    { 0x81b8, 1, { 0xf4, 0xae, 0xf4, 0xae, 0xe6, 0xb6, 0xbe, 0x00 } },
    { 0x81ba, 1, { 0x08, 0x7e, 0x6c, 0x6e, 0x5e, 0x5e, 0x92, 0x00 } },
    { 0x81bd, 1, { 0xec, 0xb4, 0xfe, 0xb6, 0xfc, 0xbe, 0xac, 0x00 } },
    { 0x81be, 1, { 0xe8, 0xb4, 0xfe, 0xaa, 0xfe, 0xac, 0xac, 0x00 } },
    { 0x81bf, 1, { 0xea, 0xbe, 0xfe, 0xa0, 0xfe, 0xb4, 0xba, 0x00 } },
    { 0x81c0, 1, { 0x7e, 0x7a, 0x54, 0xaa, 0x7c, 0x7c, 0x44, 0x00 } },
    { 0x81c2, 1, { 0x64, 0x6e, 0xca, 0x64, 0x7c, 0x7c, 0x44, 0x00 } },
    { 0x81c6, 1, { 0xe8, 0xbe, 0xf4, 0xbe, 0xec, 0xba, 0xb6, 0x00 } },
    { 0x81c8, 1, { 0xea, 0xbe, 0xec, 0xae, 0xf2, 0xba, 0xa6, 0x00 } },
    { 0x81c9, 1, { 0xe8, 0xb4, 0xfe, 0xaa, 0xfe, 0xb4, 0xaa, 0x00 } },
    { 0x81cd, 1, { 0xe8, 0xbe, 0xf4, 0xaa, 0xf4, 0xbc, 0xa4, 0x00 } },
    { 0x81d1, 1, { 0xec, 0xbe, 0xf6, 0xae, 0xe4, 0xbe, 0xb6, 0x00 } },
    { 0x81d3, 1, { 0xf4, 0xbe, 0xe4, 0xbe, 0xf4, 0xb4, 0xba, 0x00 } },
    { 0x81d8, 1, { 0xea, 0xb4, 0xee, 0xae, 0xfa, 0xb6, 0xba, 0x00 } },
    { 0x81d9, 1, { 0xea, 0xbe, 0xee, 0xaa, 0xfe, 0xa0, 0xb6, 0x00 } },
    { 0x81da, 1, { 0xe4, 0xa6, 0xfc, 0xb6, 0xf0, 0xac, 0xbe, 0x00 } },
    { 0x81df, 1, { 0xf4, 0xbe, 0xf4, 0xbe, 0xec, 0xbc, 0xba, 0x00 } },
    { 0x81e0, 1, { 0x54, 0xb8, 0x54, 0xee, 0xfe, 0x92, 0xaa, 0x00 } },
    { 0x81e3, 1, { 0xfe, 0x90, 0xfc, 0x84, 0xfc, 0x90, 0xfe, 0x00 } },
    { 0x81e5, 1, { 0xf4, 0xa4, 0xf4, 0x94, 0xf4, 0xa4, 0xfa, 0x00 } },
    { 0x81e7, 1, { 0x04, 0xbe, 0xe4, 0x3c, 0xf6, 0xb4, 0x5a, 0x00 } },
    { 0x81e8, 1, { 0xf4, 0xa6, 0xfe, 0x96, 0xf0, 0xae, 0xfe, 0x00 } },
    { 0x81ea, 1, { 0x10, 0x7e, 0x42, 0x7a, 0x5e, 0x42, 0x7e, 0x00 } },
    { 0x81ed, 1, { 0x10, 0x7c, 0x44, 0x7c, 0xfe, 0x10, 0xee, 0x00 } },
    { 0x81f3, 1, { 0xfe, 0x28, 0x74, 0x10, 0x7c, 0x10, 0xfe, 0x00 } },
    { 0x81f4, 1, { 0xf4, 0x26, 0x5a, 0xfa, 0x6a, 0x34, 0xca, 0x00 } },
    { 0x81fa, 1, { 0x10, 0xfe, 0x38, 0xfe, 0xaa, 0x74, 0xfe, 0x00 } },
    { 0x81fb, 1, { 0xe8, 0x5e, 0xac, 0x7e, 0xea, 0x5c, 0xea, 0x00 } },
    { 0x81fc, 1, { 0x20, 0xce, 0x82, 0xee, 0x82, 0x82, 0xfe, 0x00 } },
    { 0x81fe, 1, { 0x56, 0x92, 0xd6, 0x92, 0xd6, 0x28, 0xc6, 0x00 } },
    { 0x8201, 1, { 0x2c, 0x44, 0x6c, 0x7c, 0x28, 0xfe, 0x48, 0x00 } },
    { 0x8202, 1, { 0x10, 0x7c, 0x38, 0xfe, 0x54, 0xa6, 0x3c, 0x00 } },
    { 0x8205, 1, { 0x2c, 0x44, 0x7c, 0x54, 0xfe, 0x22, 0xc6, 0x00 } },
    { 0x8207, 1, { 0x66, 0xba, 0xce, 0xaa, 0xfe, 0x00, 0xc6, 0x00 } },
    { 0x8208, 1, { 0x46, 0xba, 0xee, 0xba, 0xfe, 0x00, 0xc6, 0x00 } },
    { 0x8209, 1, { 0x2c, 0x54, 0x5c, 0xfe, 0x54, 0xba, 0x10, 0x00 } },
    { 0x820a, 1, { 0x28, 0xfe, 0x7c, 0xa8, 0x3e, 0x6c, 0x7c, 0x00 } },
    { 0x820c, 1, { 0x0c, 0x70, 0xfe, 0x10, 0x7c, 0x44, 0x7c, 0x00 } },
    { 0x820d, 1, { 0x10, 0x28, 0xfe, 0x10, 0xfe, 0x44, 0x7c, 0x00 } },
    { 0x820e, 1, { 0x10, 0x28, 0xd6, 0x38, 0xfe, 0x44, 0x7c, 0x00 } },
    { 0x8210, 1, { 0x22, 0xdc, 0xf4, 0x5e, 0xf4, 0xb4, 0xfa, 0x00 } },
    { 0x8212, 1, { 0x5e, 0xaa, 0x44, 0xfe, 0x46, 0xa4, 0xec, 0x00 } },
    { 0x8216, 1, { 0x4a, 0xbe, 0x48, 0xfe, 0x6a, 0xbe, 0xea, 0x00 } },
    { 0x8217, 1, { 0x4a, 0xbe, 0x48, 0xfe, 0x2a, 0xfe, 0xea, 0x00 } },
    { 0x8218, 1, { 0x44, 0xbe, 0x52, 0xec, 0x4e, 0xaa, 0xee, 0x00 } },
    { 0x821b, 1, { 0x44, 0x7e, 0x54, 0xb4, 0x1e, 0x24, 0xc4, 0x00 } },
    { 0x821c, 1, { 0xfe, 0x54, 0xfe, 0xb2, 0x5c, 0x2e, 0xc4, 0x00 } },
    { 0x821e, 1, { 0x80, 0xfe, 0x54, 0xfe, 0x54, 0xbe, 0x44, 0x00 } },
    { 0x821f, 1, { 0x10, 0x7c, 0x54, 0x44, 0xfe, 0x54, 0x94, 0x00 } },
    { 0x8229, 1, { 0x54, 0xf4, 0xa2, 0xa8, 0xe8, 0xb4, 0xba, 0x00 } },
    { 0x822a, 1, { 0x48, 0xfe, 0xa0, 0xbc, 0xf4, 0xb4, 0xa6, 0x00 } },
    { 0x822b, 1, { 0x44, 0xfe, 0xa8, 0xae, 0xea, 0xaa, 0xb6, 0x00 } },
    { 0x822c, 1, { 0x4e, 0xea, 0xa0, 0xae, 0xea, 0xa4, 0xba, 0x00 } },
    { 0x822e, 1, { 0x5e, 0xe0, 0xae, 0xaa, 0xee, 0xa8, 0xb0, 0x00 } },
    { 0x8233, 1, { 0x48, 0xfe, 0xaa, 0xbe, 0xea, 0xaa, 0xbe, 0x00 } },
    { 0x8235, 1, { 0x44, 0xfe, 0xb2, 0xa8, 0xee, 0xa8, 0xae, 0x00 } },
    { 0x8236, 1, { 0x48, 0xfe, 0xb2, 0xbe, 0xf2, 0xb2, 0xbe, 0x00 } },
    { 0x8237, 1, { 0x44, 0xfe, 0xa8, 0xba, 0xe4, 0xaa, 0xbe, 0x00 } },
    { 0x8238, 1, { 0x5e, 0xe2, 0xbe, 0xb6, 0xfe, 0xa2, 0xa6, 0x00 } },
    { 0x8239, 1, { 0x4a, 0xea, 0xaa, 0xb0, 0xee, 0xaa, 0xae, 0x00 } },
    { 0x8240, 1, { 0x5c, 0xea, 0xa0, 0xac, 0xe4, 0xbe, 0xa8, 0x00 } },
    { 0x8247, 1, { 0x72, 0xdc, 0xe4, 0xde, 0xf4, 0xde, 0xee, 0x00 } },
    { 0x8258, 1, { 0x48, 0xf6, 0xb6, 0xbe, 0xea, 0xa4, 0xba, 0x00 } },
    { 0x8259, 1, { 0x44, 0xea, 0xbc, 0xac, 0xe8, 0xb6, 0xa6, 0x00 } },
    { 0x825a, 1, { 0x4a, 0xfe, 0xaa, 0xbe, 0xfe, 0xaa, 0xae, 0x00 } },
    { 0x825d, 1, { 0x4c, 0xfe, 0xb6, 0xa0, 0xec, 0xa6, 0xac, 0x00 } },
    { 0x825f, 1, { 0x44, 0xfe, 0xaa, 0xbe, 0xee, 0xa4, 0xbe, 0x00 } },
    { 0x8262, 1, { 0x48, 0xfe, 0xb4, 0xaa, 0xfe, 0xb6, 0xbe, 0x00 } },
    { 0x8264, 1, { 0x4a, 0xfe, 0xa4, 0xbe, 0xea, 0xbc, 0xaa, 0x00 } },
    { 0x8266, 1, { 0x54, 0xf6, 0xb0, 0xb6, 0xe0, 0xac, 0xbe, 0x00 } },
    { 0x8268, 1, { 0x54, 0xfe, 0xb4, 0xbe, 0xfa, 0xac, 0xba, 0x00 } },
    { 0x826a, 1, { 0x4c, 0xf4, 0xac, 0xac, 0xfa, 0xac, 0xac, 0x00 } },
    { 0x826b, 1, { 0x44, 0xe6, 0xbc, 0xb6, 0xf0, 0xac, 0xbe, 0x00 } },
    { 0x826e, 1, { 0x7c, 0x44, 0x7c, 0x44, 0x7c, 0x48, 0xe6, 0x00 } },
    { 0x826f, 1, { 0x10, 0x7c, 0x44, 0x7c, 0x54, 0x48, 0xe6, 0x00 } },
    { 0x8271, 1, { 0xbe, 0xf2, 0x5e, 0xf2, 0xfe, 0x54, 0xba, 0x00 } },
    { 0x8272, 1, { 0x38, 0xc8, 0x7c, 0x54, 0x7c, 0x42, 0x3e, 0x00 } },
    { 0x8276, 1, { 0x56, 0xfa, 0xf4, 0x9e, 0xee, 0x78, 0xee, 0x00 } },
    { 0x8277, 1, { 0xb6, 0xfa, 0xf4, 0xfe, 0x9e, 0x78, 0xee, 0x00 } },
    { 0x8278, 1, { 0x24, 0xb6, 0xb6, 0xb6, 0xfe, 0x24, 0x44, 0x00 } },
    { 0x827e, 1, { 0x28, 0xfe, 0x28, 0x00, 0x28, 0x10, 0xee, 0x00 } },
    { 0x828b, 1, { 0x28, 0xfe, 0x28, 0x7c, 0x10, 0xfe, 0x30, 0x00 } },
    { 0x828d, 1, { 0x28, 0xfe, 0x28, 0x7e, 0xa2, 0x12, 0x06, 0x00 } },
    { 0x8292, 1, { 0x28, 0xfe, 0x10, 0xfe, 0x40, 0x40, 0x3e, 0x00 } },
    { 0x8299, 1, { 0x28, 0xfe, 0x10, 0x7c, 0xfe, 0x10, 0xee, 0x00 } },
    { 0x829d, 1, { 0x28, 0xfe, 0x10, 0x7c, 0x08, 0x50, 0xbe, 0x00 } },
    { 0x829f, 1, { 0x28, 0xfe, 0x44, 0xbe, 0x28, 0x10, 0xee, 0x00 } },
    { 0x82a5, 1, { 0x28, 0xfe, 0x10, 0x28, 0xee, 0x28, 0x48, 0x00 } },
    { 0x82a6, 1, { 0x28, 0xfe, 0x28, 0xfe, 0x44, 0x7c, 0x80, 0x00 } },
    { 0x82ab, 1, { 0x28, 0xfe, 0x7c, 0x00, 0xfe, 0x28, 0xce, 0x00 } },
    { 0x82ac, 1, { 0x28, 0xfe, 0x28, 0x44, 0xbe, 0x14, 0x6c, 0x00 } },
    { 0x82ad, 1, { 0x28, 0xfe, 0x7c, 0x54, 0x7c, 0x42, 0x3e, 0x00 } },
    { 0x82af, 1, { 0x28, 0xfe, 0x28, 0x20, 0x64, 0x6a, 0xba, 0x00 } },
    { 0x82b1, 1, { 0x28, 0xfe, 0x28, 0x4a, 0xcc, 0x4a, 0x4e, 0x00 } },
    { 0x82b3, 1, { 0x28, 0xfe, 0x10, 0xfe, 0x20, 0x3c, 0xc4, 0x00 } },
    { 0x82b8, 1, { 0x28, 0xfe, 0x28, 0x7c, 0xfe, 0x24, 0xfa, 0x00 } },
    { 0x82b9, 1, { 0x28, 0xfe, 0x2c, 0x70, 0x7e, 0x48, 0x88, 0x00 } },
    { 0x82bb, 1, { 0x40, 0x7e, 0xb2, 0x66, 0x7e, 0xb2, 0x66, 0x00 } },
    { 0x82bd, 1, { 0x28, 0xfe, 0x7c, 0x48, 0xfe, 0x28, 0xd8, 0x00 } },
    { 0x82c5, 1, { 0x28, 0xfe, 0x10, 0xda, 0x2a, 0x52, 0x86, 0x00 } },
    { 0x82d1, 1, { 0x28, 0xfe, 0x28, 0x7e, 0xda, 0x28, 0xce, 0x00 } },
    { 0x82d2, 1, { 0x28, 0xfe, 0x54, 0x7c, 0x54, 0xfe, 0x44, 0x00 } },
    { 0x82d3, 1, { 0x28, 0xfe, 0x10, 0x28, 0xfe, 0x12, 0x10, 0x00 } },
    { 0x82d4, 1, { 0x28, 0xfe, 0x10, 0x24, 0xfa, 0x44, 0x7c, 0x00 } },
    { 0x82d7, 1, { 0x28, 0xfe, 0x28, 0x7c, 0x7c, 0x54, 0x7c, 0x00 } },
    { 0x82d9, 1, { 0x28, 0xfe, 0x10, 0xfe, 0x24, 0x28, 0xfe, 0x00 } },
    { 0x82db, 1, { 0x28, 0xfe, 0x28, 0xfe, 0x74, 0x54, 0x74, 0x00 } },
    { 0x82dc, 1, { 0x28, 0xfe, 0x7c, 0x44, 0x7c, 0x44, 0x7c, 0x00 } },
    { 0x82de, 1, { 0x28, 0xfe, 0x7a, 0xaa, 0x3a, 0x20, 0x3e, 0x00 } },
    { 0x82df, 1, { 0x28, 0xfe, 0x28, 0x7e, 0x82, 0x32, 0x36, 0x00 } },
    { 0x82e1, 1, { 0x28, 0xfe, 0x54, 0x4c, 0x64, 0x8c, 0x32, 0x00 } },
    { 0x82e3, 1, { 0x28, 0xfe, 0x7e, 0x44, 0x7c, 0x40, 0x7e, 0x00 } },
    { 0x82e5, 1, { 0x28, 0xfe, 0x20, 0xfe, 0x40, 0xbc, 0x3c, 0x00 } },
    { 0x82e6, 1, { 0x28, 0xfe, 0x28, 0xfe, 0x10, 0x7c, 0x7c, 0x00 } },
    { 0x82e7, 1, { 0x28, 0xfe, 0x28, 0xfe, 0xba, 0x10, 0x30, 0x00 } },
    { 0x82eb, 1, { 0x28, 0xfe, 0x10, 0x1c, 0x10, 0x7c, 0x7c, 0x00 } },
    { 0x82f1, 1, { 0x28, 0xfe, 0x28, 0x54, 0xfe, 0x10, 0xee, 0x00 } },
    { 0x82f3, 1, { 0x28, 0xfe, 0x18, 0x68, 0x18, 0xe6, 0x10, 0x00 } },
    { 0x82f4, 1, { 0x28, 0xfe, 0x7c, 0x44, 0x7c, 0x44, 0xfe, 0x00 } },
    { 0x82f9, 1, { 0x28, 0xfe, 0x38, 0x54, 0x10, 0xfe, 0x10, 0x00 } },
    { 0x82fa, 1, { 0x28, 0xfe, 0x34, 0xfe, 0x54, 0x7e, 0x0c, 0x00 } },
    { 0x82fb, 1, { 0x28, 0xfe, 0x24, 0x5e, 0xc4, 0x54, 0x4c, 0x00 } },
    { 0x8302, 1, { 0x28, 0xfe, 0x28, 0x7e, 0x4a, 0x44, 0x9a, 0x00 } },
    { 0x8303, 1, { 0x28, 0xfe, 0xbc, 0x24, 0xac, 0x22, 0x9e, 0x00 } },
    { 0x8304, 1, { 0x28, 0xfe, 0x28, 0x40, 0xfe, 0x5a, 0xbe, 0x00 } },
    { 0x8305, 1, { 0x28, 0xfe, 0x7c, 0x08, 0xfe, 0x52, 0xb0, 0x00 } },
    { 0x8306, 1, { 0x28, 0xfe, 0x2e, 0xca, 0xaa, 0xea, 0x48, 0x00 } },
    { 0x8309, 1, { 0x28, 0xfe, 0x10, 0xfe, 0x7c, 0x38, 0xd6, 0x00 } },
    { 0x830e, 1, { 0x28, 0xfe, 0x28, 0x10, 0xee, 0x10, 0x7c, 0x00 } },
    { 0x8316, 1, { 0x28, 0xfe, 0x18, 0x68, 0x10, 0xee, 0x38, 0x00 } },
    { 0x8317, 1, { 0x28, 0xfe, 0x1c, 0x64, 0x1e, 0xf2, 0x1e, 0x00 } },
    { 0x8318, 1, { 0x28, 0xfe, 0x7c, 0x24, 0xfe, 0x5a, 0xb6, 0x00 } },
    { 0x831c, 1, { 0x28, 0xfe, 0x28, 0xfe, 0x6c, 0x44, 0x7c, 0x00 } },
    { 0x8323, 1, { 0x28, 0xfe, 0x1c, 0x54, 0xfe, 0x10, 0xee, 0x00 } },
    { 0x8328, 1, { 0x28, 0xfe, 0x10, 0x9e, 0x2a, 0x08, 0xb6, 0x00 } },
    { 0x832b, 1, { 0x28, 0xfe, 0x88, 0x3e, 0x90, 0x10, 0x9e, 0x00 } },
    { 0x832f, 1, { 0x28, 0xfe, 0x24, 0x5e, 0xc4, 0x44, 0x5a, 0x00 } },
    { 0x8331, 1, { 0x28, 0xfe, 0x3c, 0x50, 0xfe, 0x38, 0xd6, 0x00 } },
    { 0x8332, 1, { 0x28, 0xfe, 0x44, 0x88, 0x44, 0xaa, 0xee, 0x00 } },
    { 0x8334, 1, { 0x28, 0xfe, 0xfe, 0xba, 0xaa, 0xba, 0xfe, 0x00 } },
    { 0x8335, 1, { 0x28, 0xfe, 0x92, 0xba, 0x92, 0xaa, 0xfe, 0x00 } },
    { 0x8336, 1, { 0x28, 0xfe, 0x10, 0x28, 0xfe, 0x10, 0x92, 0x00 } },
    { 0x8338, 1, { 0x28, 0xfe, 0x28, 0xfe, 0x24, 0xfe, 0x04, 0x00 } },
    { 0x8339, 1, { 0x28, 0xfe, 0x20, 0xfe, 0x5a, 0x2a, 0xde, 0x00 } },
    { 0x8340, 1, { 0x28, 0xfe, 0x3e, 0x6a, 0xba, 0x2a, 0x3a, 0x00 } },
    { 0x8345, 1, { 0x28, 0xfe, 0x10, 0x28, 0xfe, 0x44, 0x7c, 0x00 } },
    { 0x8349, 1, { 0x28, 0xfe, 0x7c, 0x44, 0x7c, 0xfe, 0x10, 0x00 } },
    { 0x834a, 1, { 0x28, 0xfe, 0xf0, 0x5a, 0xfa, 0x52, 0x96, 0x00 } },
    { 0x834f, 1, { 0x28, 0xfe, 0x3c, 0x48, 0xfe, 0x48, 0x5c, 0x00 } },
    { 0x8350, 1, { 0x28, 0xfe, 0x2c, 0x44, 0xfe, 0x48, 0x58, 0x00 } },
    { 0x8352, 1, { 0x28, 0xfe, 0x40, 0x7c, 0x00, 0x54, 0x96, 0x00 } },
    { 0x8358, 1, { 0x28, 0xfe, 0x40, 0xc8, 0x7e, 0xc8, 0x5c, 0x00 } },
    { 0x8373, 1, { 0x28, 0xfe, 0x28, 0xfe, 0x44, 0x38, 0xfe, 0x00 } },
    { 0x8375, 1, { 0x28, 0xfe, 0x7c, 0x14, 0x6c, 0xc2, 0xba, 0x00 } },
    { 0x8377, 1, { 0x28, 0xfe, 0x28, 0x5e, 0xc2, 0x5a, 0x5a, 0x00 } },
    { 0x837b, 1, { 0x28, 0xfe, 0xa4, 0x56, 0xb4, 0x24, 0xda, 0x00 } },
    { 0x837c, 1, { 0x28, 0xfe, 0x38, 0xd6, 0x7c, 0x54, 0xb2, 0x00 } },
    { 0x8385, 1, { 0x28, 0xfe, 0x24, 0x5e, 0xca, 0x4c, 0x5e, 0x00 } },
    { 0x8387, 1, { 0x28, 0xfe, 0x74, 0x5e, 0x76, 0x56, 0xea, 0x00 } },
    { 0x8389, 1, { 0x28, 0xfe, 0x70, 0x2a, 0xfa, 0x72, 0xa6, 0x00 } },
    { 0x838a, 1, { 0x28, 0xfe, 0x20, 0xa4, 0xfe, 0x64, 0xae, 0x00 } },
    { 0x838e, 1, { 0x28, 0xfe, 0x88, 0x1c, 0xaa, 0x04, 0x98, 0x00 } },
    { 0x8393, 1, { 0x28, 0xfe, 0x74, 0xbe, 0x54, 0x7e, 0x0c, 0x00 } },
    { 0x8396, 1, { 0x28, 0xfe, 0x4a, 0x94, 0xfe, 0x10, 0xfe, 0x00 } },
    { 0x839a, 1, { 0x28, 0xfe, 0xdc, 0x46, 0x94, 0x5e, 0xbe, 0x00 } },
    { 0x839e, 1, { 0x28, 0xfe, 0xba, 0x00, 0xfe, 0x28, 0xce, 0x00 } },
    { 0x839f, 1, { 0x28, 0xfe, 0x24, 0xda, 0x08, 0x7c, 0x7c, 0x00 } },
    { 0x83a0, 1, { 0x28, 0xfe, 0x38, 0xd6, 0x78, 0x2c, 0xc4, 0x00 } },
    { 0x83a2, 1, { 0x28, 0xfe, 0x54, 0x54, 0xba, 0x10, 0xee, 0x00 } },
    { 0x83a8, 1, { 0x28, 0xfe, 0x7c, 0x44, 0x7c, 0x48, 0xe6, 0x00 } },
    { 0x83aa, 1, { 0x28, 0xfe, 0x6a, 0xfc, 0x2a, 0xe4, 0x2a, 0x00 } },
    { 0x83ab, 1, { 0x28, 0xfe, 0x7c, 0x44, 0xfe, 0x10, 0xee, 0x00 } },
    { 0x83b1, 1, { 0x28, 0xfe, 0x54, 0x10, 0xfe, 0x38, 0xd6, 0x00 } },
    { 0x83b5, 1, { 0x28, 0xfe, 0x7c, 0x54, 0x7c, 0x2a, 0xce, 0x00 } },
    { 0x83bd, 1, { 0x28, 0xfe, 0x28, 0xc6, 0x28, 0xfe, 0x48, 0x00 } },
    { 0x83c1, 1, { 0x28, 0xfe, 0x38, 0xfe, 0x54, 0x7c, 0x44, 0x00 } },
    { 0x83c5, 1, { 0x28, 0xfe, 0x28, 0xfe, 0xb2, 0x3c, 0x3c, 0x00 } },
    { 0x83ca, 1, { 0x28, 0xfe, 0x40, 0x7e, 0xd6, 0x3a, 0x56, 0x00 } },
    { 0x83cc, 1, { 0x28, 0xfe, 0x28, 0xfe, 0xba, 0xd6, 0xfe, 0x00 } },
    { 0x83ce, 1, { 0x28, 0xfe, 0x44, 0x7c, 0x6e, 0x48, 0xee, 0x00 } },
    { 0x83d3, 1, { 0x28, 0xfe, 0x7c, 0x54, 0xfe, 0x38, 0xd6, 0x00 } },
    { 0x83d6, 1, { 0x28, 0xfe, 0x7c, 0x44, 0xfe, 0x82, 0xfe, 0x00 } },
    { 0x83d8, 1, { 0x28, 0xfe, 0x54, 0xe2, 0x48, 0xd4, 0x7a, 0x00 } },
    { 0x83dc, 1, { 0x28, 0xfe, 0x54, 0x08, 0xfe, 0x38, 0xd6, 0x00 } },
    { 0x83df, 1, { 0x28, 0xfe, 0x3c, 0xd4, 0x7c, 0x2a, 0xce, 0x00 } },
    { 0x83e0, 1, { 0x28, 0xfe, 0x84, 0x1e, 0x9a, 0x14, 0xaa, 0x00 } },
    { 0x83e9, 1, { 0x28, 0xfe, 0x7c, 0x28, 0xfe, 0x44, 0x7c, 0x00 } },
    { 0x83eb, 1, { 0x28, 0xfe, 0x7c, 0x54, 0xfe, 0x10, 0xfe, 0x00 } },
    { 0x83ef, 1, { 0x28, 0xfe, 0x54, 0xfe, 0x54, 0xfe, 0x10, 0x00 } },
    { 0x83f0, 1, { 0x28, 0xfe, 0xde, 0x54, 0x94, 0x56, 0xea, 0x00 } },
    { 0x83f1, 1, { 0x28, 0xfe, 0x38, 0xfc, 0x6e, 0x98, 0x66, 0x00 } },
    { 0x83f2, 1, { 0x28, 0xfe, 0x28, 0xee, 0x28, 0xee, 0x48, 0x00 } },
    { 0x83f4, 1, { 0x28, 0xfe, 0x28, 0xd6, 0x7c, 0x7c, 0x0e, 0x00 } },
    { 0x83f7, 1, { 0x28, 0xfe, 0x3c, 0xfe, 0x92, 0x7c, 0x54, 0x00 } },
    { 0x83fb, 1, { 0x28, 0xfe, 0x24, 0xfe, 0x6c, 0xb6, 0x24, 0x00 } },
    { 0x83fd, 1, { 0x28, 0xfe, 0x30, 0x2e, 0xfa, 0x24, 0xaa, 0x00 } },
    { 0x8403, 1, { 0x28, 0xfe, 0x44, 0x44, 0xaa, 0xfe, 0x10, 0x00 } },
    { 0x8404, 1, { 0x28, 0xfe, 0x7e, 0x52, 0xba, 0x56, 0x7e, 0x00 } },
    { 0x8407, 1, { 0x28, 0xfe, 0x3c, 0x20, 0xfe, 0x28, 0x76, 0x00 } },
    { 0x840b, 1, { 0x28, 0xfe, 0x14, 0x7c, 0xfe, 0x28, 0xf6, 0x00 } },
    { 0x840c, 1, { 0x28, 0xfe, 0xaa, 0xee, 0xaa, 0xee, 0x12, 0x00 } },
    { 0x840d, 1, { 0x28, 0xfe, 0xbe, 0x1c, 0xaa, 0x3e, 0x88, 0x00 } },
    { 0x840e, 1, { 0x28, 0xfe, 0x38, 0x54, 0xfe, 0x28, 0xf6, 0x00 } },
    { 0x8413, 1, { 0x28, 0xfe, 0x10, 0xfe, 0xba, 0x28, 0xfe, 0x00 } },
    { 0x8420, 1, { 0x28, 0xfe, 0x7e, 0x5a, 0x7e, 0x5a, 0xb6, 0x00 } },
    { 0x8422, 1, { 0x28, 0xfe, 0x9e, 0x2a, 0x9a, 0x10, 0x9e, 0x00 } },
    { 0x8429, 1, { 0x28, 0xfe, 0x24, 0xd6, 0x54, 0xe4, 0x5a, 0x00 } },
    { 0x842a, 1, { 0x28, 0xfe, 0x24, 0xcc, 0x64, 0xde, 0x44, 0x00 } },
    { 0x842c, 1, { 0x28, 0xfe, 0x54, 0x7c, 0xfe, 0x9a, 0xb6, 0x00 } },
    { 0x8431, 1, { 0x28, 0xfe, 0x28, 0xfe, 0xba, 0x38, 0xfe, 0x00 } },
    { 0x8435, 1, { 0x28, 0xfe, 0x5c, 0x54, 0xfe, 0xaa, 0xba, 0x00 } },
    { 0x8438, 1, { 0x28, 0xfe, 0x56, 0x92, 0xd6, 0x10, 0xee, 0x00 } },
    { 0x843c, 1, { 0x28, 0xfe, 0x6c, 0x38, 0xfe, 0x04, 0x1c, 0x00 } },
    { 0x843d, 1, { 0x28, 0xfe, 0x8c, 0x34, 0x88, 0x36, 0x9c, 0x00 } },
    { 0x8446, 1, { 0x28, 0xfe, 0x54, 0xdc, 0x7e, 0x5c, 0x6a, 0x00 } },
    { 0x8449, 1, { 0x28, 0xfe, 0x5c, 0x40, 0xfe, 0x38, 0xd6, 0x00 } },
    { 0x844e, 1, { 0x28, 0xfe, 0x48, 0xbc, 0x4c, 0xfe, 0x48, 0x00 } },
    { 0x8457, 1, { 0x28, 0xfe, 0x3c, 0x18, 0xfe, 0x34, 0xdc, 0x00 } },
    { 0x845b, 1, { 0x28, 0xfe, 0x44, 0x7c, 0x7e, 0xa2, 0x36, 0x00 } },
    { 0x8461, 1, { 0x28, 0xfe, 0x7e, 0x92, 0x7a, 0x7a, 0x5a, 0x00 } },
    { 0x8462, 1, { 0x28, 0xfe, 0x7c, 0x28, 0xd6, 0x7c, 0xfe, 0x00 } },
    { 0x8463, 1, { 0x28, 0xfe, 0x38, 0xfe, 0x54, 0x7c, 0xfe, 0x00 } },
    { 0x8466, 1, { 0x28, 0xfe, 0x24, 0xfe, 0x48, 0xfe, 0x08, 0x00 } },
    { 0x8469, 1, { 0x28, 0xfe, 0x4e, 0xae, 0xe8, 0xaa, 0xee, 0x00 } },
    { 0x846b, 1, { 0x28, 0xfe, 0x4e, 0xea, 0x4e, 0xaa, 0xf6, 0x00 } },
    { 0x846c, 1, { 0x28, 0xfe, 0x6c, 0xa8, 0x4e, 0xfe, 0x48, 0x00 } },
    { 0x846d, 1, { 0x28, 0xfe, 0xa6, 0xee, 0x8a, 0xe4, 0x8a, 0x00 } },
    { 0x846e, 1, { 0x28, 0xfe, 0x6c, 0x5e, 0x6a, 0xc4, 0x5a, 0x00 } },
    { 0x846f, 1, { 0x28, 0xfe, 0x48, 0x8e, 0x52, 0xea, 0x46, 0x00 } },
    { 0x8471, 1, { 0x28, 0xfe, 0x7c, 0xac, 0x54, 0xca, 0xba, 0x00 } },
    { 0x8475, 1, { 0x28, 0xfe, 0xea, 0x44, 0xba, 0x10, 0xee, 0x00 } },
    { 0x8477, 1, { 0x28, 0xfe, 0x92, 0x7c, 0x54, 0xfe, 0x10, 0x00 } },
    { 0x8479, 1, { 0x28, 0xfe, 0x48, 0xee, 0x5a, 0x68, 0xae, 0x00 } },
    { 0x847a, 1, { 0x28, 0xfe, 0x44, 0xfe, 0x24, 0xfe, 0x04, 0x00 } },
    { 0x8482, 1, { 0x28, 0xfe, 0x24, 0xfe, 0x92, 0x7c, 0x54, 0x00 } },
    { 0x8484, 1, { 0x28, 0xfe, 0xe6, 0x0c, 0xf4, 0x6c, 0xbe, 0x00 } },
    { 0x848b, 1, { 0x28, 0xfe, 0x6a, 0xc4, 0x7e, 0xd4, 0x4c, 0x00 } },
    { 0x8490, 1, { 0x28, 0xfe, 0x10, 0x7c, 0x7c, 0x2a, 0xce, 0x00 } },
    { 0x8494, 1, { 0x28, 0xfe, 0x1c, 0xc8, 0xfe, 0xd4, 0x0c, 0x00 } },
    { 0x8499, 1, { 0x28, 0xfe, 0x28, 0xfe, 0xda, 0x2c, 0xda, 0x00 } },
    { 0x849c, 1, { 0x28, 0xfe, 0x66, 0xee, 0x44, 0xee, 0x44, 0x00 } },
    { 0x849f, 1, { 0x28, 0xfe, 0x4e, 0xf2, 0xae, 0x4e, 0xe2, 0x00 } },
    { 0x84a1, 1, { 0x28, 0xfe, 0x24, 0xfe, 0xa2, 0x3c, 0xc4, 0x00 } },
    { 0x84ad, 1, { 0x28, 0xfe, 0x72, 0xa6, 0x7e, 0xb2, 0x66, 0x00 } },
    { 0x84b2, 1, { 0x28, 0xfe, 0x88, 0x3e, 0xaa, 0x3e, 0xaa, 0x00 } },
    { 0x84b8, 1, { 0x28, 0xfe, 0x32, 0xd4, 0x52, 0xfe, 0xaa, 0x00 } },
    { 0x84b9, 1, { 0x28, 0xfe, 0x7c, 0x2e, 0xf8, 0x6c, 0xaa, 0x00 } },
    { 0x84bb, 1, { 0x28, 0xfe, 0x22, 0xee, 0x88, 0x66, 0xaa, 0x00 } },
    { 0x84bc, 1, { 0x28, 0xfe, 0x44, 0xba, 0x38, 0x5c, 0x9c, 0x00 } },
    { 0x84bf, 1, { 0x28, 0xfe, 0x7c, 0x28, 0xfe, 0xaa, 0xba, 0x00 } },
    { 0x84c1, 1, { 0x28, 0xfe, 0x38, 0xfe, 0x54, 0x38, 0xd6, 0x00 } },
    { 0x84c4, 1, { 0x28, 0xfe, 0x60, 0x12, 0xfe, 0x54, 0x7c, 0x00 } },
    { 0x84c6, 1, { 0x28, 0xfe, 0x54, 0x7e, 0x48, 0x7e, 0xaa, 0x00 } },
    { 0x84c9, 1, { 0x28, 0xfe, 0xaa, 0x54, 0x28, 0xfe, 0x38, 0x00 } },
    { 0x84ca, 1, { 0x28, 0xfe, 0x28, 0xc6, 0xfe, 0x66, 0xaa, 0x00 } },
    { 0x84cb, 1, { 0x28, 0xfe, 0x34, 0xfa, 0x7c, 0x54, 0xfe, 0x00 } },
    { 0x84cd, 1, { 0x28, 0xfe, 0x78, 0x30, 0xde, 0x3c, 0x3c, 0x00 } },
    { 0x84d0, 1, { 0x28, 0xfe, 0x7c, 0x5a, 0x7e, 0xa8, 0x18, 0x00 } },
    { 0x84d1, 1, { 0x28, 0xfe, 0x38, 0xee, 0x38, 0xe8, 0x36, 0x00 } },
    { 0x84d6, 1, { 0x28, 0xfe, 0x6c, 0x54, 0x7e, 0x48, 0xee, 0x00 } },
    { 0x84d9, 1, { 0x28, 0xfe, 0x54, 0x6a, 0x5c, 0x48, 0xbe, 0x00 } },
    { 0x84da, 1, { 0x28, 0xfe, 0x2c, 0x6a, 0xf4, 0x62, 0x4c, 0x00 } },
    { 0x84ec, 1, { 0x28, 0xfe, 0x4c, 0x34, 0xda, 0x48, 0xbe, 0x00 } },
    { 0x84ee, 1, { 0x28, 0xfe, 0x4c, 0x0c, 0xde, 0x44, 0xbe, 0x00 } },
    { 0x84f4, 1, { 0x28, 0xfe, 0x38, 0x34, 0xfe, 0x28, 0x18, 0x00 } },
    { 0x84fc, 1, { 0x28, 0xfe, 0x6c, 0x38, 0xd6, 0x08, 0x30, 0x00 } },
    { 0x84ff, 1, { 0x28, 0xfe, 0x82, 0x5e, 0xc8, 0x5e, 0x5e, 0x00 } },
    { 0x8500, 1, { 0x28, 0xfe, 0x26, 0xfc, 0x56, 0xfe, 0x74, 0x00 } },
    { 0x8506, 1, { 0x28, 0xfe, 0x9c, 0x3e, 0x94, 0x28, 0x96, 0x00 } },
    { 0x8511, 1, { 0x28, 0xfe, 0x54, 0x7e, 0x4a, 0x64, 0x8a, 0x00 } },
    { 0x8513, 1, { 0x28, 0xfe, 0x38, 0x7c, 0x6c, 0x10, 0xee, 0x00 } },
    { 0x8514, 1, { 0x28, 0xfe, 0x42, 0xba, 0x32, 0x7a, 0x7a, 0x00 } },
    { 0x8515, 1, { 0x28, 0xfe, 0x6c, 0xb6, 0xfe, 0x7c, 0x54, 0x00 } },
    { 0x8517, 1, { 0x28, 0xfe, 0x54, 0x7e, 0x5c, 0x40, 0xaa, 0x00 } },
    { 0x8518, 1, { 0x28, 0xfe, 0x24, 0xfa, 0x54, 0x8a, 0x30, 0x00 } },
    { 0x851a, 1, { 0x28, 0xfe, 0x72, 0x7e, 0x4a, 0x72, 0xa6, 0x00 } },
    { 0x851f, 1, { 0x28, 0xfe, 0x48, 0xee, 0x5e, 0x64, 0xaa, 0x00 } },
    { 0x8521, 1, { 0x28, 0xfe, 0x6a, 0x44, 0xba, 0x54, 0xb2, 0x00 } },
    { 0x8526, 1, { 0x28, 0xfe, 0x10, 0x78, 0x7e, 0x02, 0xaa, 0x00 } },
    { 0x852c, 1, { 0x28, 0xfe, 0xe4, 0x3e, 0x50, 0xde, 0xea, 0x00 } },
    { 0x852d, 1, { 0x28, 0xfe, 0xc8, 0x94, 0xfe, 0xd4, 0xba, 0x00 } },
    { 0x8535, 1, { 0x28, 0xfe, 0x28, 0x7c, 0x76, 0x74, 0xba, 0x00 } },
    { 0x853d, 1, { 0x28, 0xfe, 0x94, 0x66, 0xda, 0xb4, 0xda, 0x00 } },
    { 0x8540, 1, { 0x28, 0xfe, 0x24, 0xfe, 0xb6, 0x6c, 0xb6, 0x00 } },
    { 0x8541, 1, { 0x28, 0xfe, 0x1c, 0xee, 0x4a, 0xfe, 0x2c, 0x00 } },
    { 0x8543, 1, { 0x28, 0xfe, 0x54, 0xfe, 0x54, 0xba, 0x38, 0x00 } },
    { 0x8548, 1, { 0x28, 0xfe, 0x54, 0x7c, 0x28, 0xfe, 0x10, 0x00 } },
    { 0x8549, 1, { 0x28, 0xfe, 0x7c, 0xa8, 0x3e, 0x00, 0xaa, 0x00 } },
    { 0x854a, 1, { 0x28, 0xfe, 0x54, 0xca, 0x78, 0xca, 0xb6, 0x00 } },
    { 0x854b, 1, { 0x28, 0xfe, 0x5c, 0xfe, 0x26, 0xb4, 0xfe, 0x00 } },
    { 0x854e, 1, { 0x28, 0xfe, 0x38, 0xee, 0xfe, 0xaa, 0xba, 0x00 } },
    { 0x8555, 1, { 0x28, 0xfe, 0xac, 0x52, 0xbe, 0x36, 0xde, 0x00 } },
    { 0x8557, 1, { 0x28, 0xfe, 0xec, 0xb4, 0x48, 0xf6, 0xdc, 0x00 } },
    { 0x8558, 1, { 0x28, 0xfe, 0x7c, 0xee, 0xfe, 0x28, 0xce, 0x00 } },
    { 0x855a, 1, { 0x28, 0xfe, 0x38, 0x6c, 0xfe, 0x04, 0x1c, 0x00 } },
    { 0x8563, 1, { 0x28, 0xfe, 0x54, 0xfe, 0xb6, 0x5e, 0xe4, 0x00 } },
    { 0x8568, 1, { 0x28, 0xfe, 0x68, 0x5e, 0x76, 0x54, 0xaa, 0x00 } },
    { 0x8569, 1, { 0x28, 0xfe, 0x94, 0x1c, 0x9e, 0x2a, 0x96, 0x00 } },
    { 0x856a, 1, { 0x28, 0xfe, 0x40, 0xfe, 0x54, 0xfe, 0xaa, 0x00 } },
    { 0x856d, 1, { 0x28, 0xfe, 0x3c, 0xee, 0x42, 0x6e, 0xaa, 0x00 } },
    { 0x8577, 1, { 0x28, 0xfe, 0x6e, 0x26, 0xf6, 0x30, 0x6a, 0x00 } },
    { 0x857e, 1, { 0x28, 0xfe, 0x7c, 0xb6, 0x7c, 0x54, 0x7c, 0x00 } },
    { 0x8580, 1, { 0x28, 0xfe, 0xaa, 0x36, 0xbe, 0x1c, 0xbe, 0x00 } },
    { 0x8584, 1, { 0x28, 0xfe, 0x9c, 0x1c, 0xbe, 0x14, 0x8c, 0x00 } },
    { 0x8587, 1, { 0x28, 0xfe, 0x5e, 0x86, 0x7e, 0xd4, 0x6a, 0x00 } },
    { 0x8588, 1, { 0x28, 0xfe, 0x7c, 0xd6, 0x7c, 0x44, 0x7c, 0x00 } },
    { 0x858a, 1, { 0x28, 0xfe, 0x62, 0xaa, 0x6a, 0x02, 0xa6, 0x00 } },
    { 0x8590, 1, { 0x28, 0xfe, 0x2c, 0xde, 0x6a, 0xd4, 0x4a, 0x00 } },
    { 0x8591, 1, { 0x28, 0xfe, 0x7c, 0x38, 0x7c, 0x38, 0xfe, 0x00 } },
    { 0x8594, 1, { 0x28, 0xfe, 0x54, 0xba, 0xfe, 0x6c, 0x7c, 0x00 } },
    { 0x8597, 1, { 0x28, 0xfe, 0xfe, 0xaa, 0xba, 0xd6, 0xfe, 0x00 } },
    { 0x8599, 1, { 0x28, 0xfe, 0x4a, 0x6c, 0xde, 0x4c, 0xae, 0x00 } },
    { 0x859b, 1, { 0x28, 0xfe, 0xe4, 0xfe, 0x8a, 0xfe, 0xe4, 0x00 } },
    { 0x859c, 1, { 0x28, 0xfe, 0x64, 0x7e, 0xca, 0x7e, 0x64, 0x00 } },
    { 0x85a4, 1, { 0x28, 0xfe, 0xf6, 0x54, 0xb6, 0x54, 0xbe, 0x00 } },
    { 0x85a6, 1, { 0x28, 0xfe, 0x54, 0x7c, 0x5e, 0x42, 0xaa, 0x00 } },
    { 0x85a8, 1, { 0x28, 0xfe, 0x54, 0xfe, 0xbe, 0x68, 0xce, 0x00 } },
    { 0x85a9, 1, { 0x28, 0xfe, 0xcc, 0x9e, 0xdc, 0xd4, 0xae, 0x00 } },
    { 0x85aa, 1, { 0x28, 0xfe, 0x5c, 0x28, 0xfe, 0x7a, 0xa2, 0x00 } },
    { 0x85ab, 1, { 0x28, 0xfe, 0x38, 0xfe, 0x54, 0xfe, 0xaa, 0x00 } },
    { 0x85ac, 1, { 0x28, 0xfe, 0xba, 0x6c, 0xfe, 0x38, 0xd6, 0x00 } },
    { 0x85ae, 1, { 0x28, 0xfe, 0xb6, 0x6a, 0xba, 0x54, 0xea, 0x00 } },
    { 0x85af, 1, { 0x28, 0xfe, 0x54, 0x7e, 0x38, 0xfe, 0x5c, 0x00 } },
    { 0x85b9, 1, { 0x28, 0xfe, 0x38, 0xfe, 0xaa, 0x74, 0xfe, 0x00 } },
    { 0x85ba, 1, { 0x28, 0xfe, 0x6c, 0xba, 0x44, 0x7c, 0x84, 0x00 } },
    { 0x85c1, 1, { 0x28, 0xfe, 0x38, 0xee, 0xba, 0x38, 0xd6, 0x00 } },
    { 0x85c9, 1, { 0x28, 0xfe, 0x74, 0x3e, 0xf4, 0x7e, 0xac, 0x00 } },
    { 0x85cd, 1, { 0x28, 0xfe, 0x68, 0x4e, 0x60, 0x38, 0xfe, 0x00 } },
    { 0x85cf, 1, { 0x28, 0xfe, 0x04, 0xbe, 0xfc, 0x74, 0xda, 0x00 } },
    { 0x85d0, 1, { 0x28, 0xfe, 0x24, 0xce, 0x6a, 0xac, 0x76, 0x00 } },
    { 0x85d5, 1, { 0x28, 0xfe, 0x4c, 0xec, 0x5e, 0xf6, 0x5a, 0x00 } },
    { 0x85dc, 1, { 0x28, 0xfe, 0x6a, 0xb6, 0x28, 0xfe, 0x54, 0x00 } },
    { 0x85dd, 1, { 0x28, 0xfe, 0x2c, 0x76, 0xfe, 0x24, 0xfa, 0x00 } },
    { 0x85e4, 1, { 0x28, 0xfe, 0x2a, 0xf4, 0xaa, 0xfc, 0xaa, 0x00 } },
    { 0x85e5, 1, { 0x28, 0xfe, 0x7a, 0xac, 0xfe, 0x38, 0xd6, 0x00 } },
    { 0x85e9, 1, { 0x28, 0xfe, 0x9c, 0x3e, 0x94, 0x2e, 0x8c, 0x00 } },
    { 0x85ea, 1, { 0x28, 0xfe, 0xf6, 0x7a, 0xfa, 0x54, 0xea, 0x00 } },
    { 0x85f7, 1, { 0x28, 0xfe, 0x4c, 0xde, 0x08, 0xde, 0xee, 0x00 } },
    { 0x85f9, 1, { 0x28, 0xfe, 0x5c, 0xd4, 0x1e, 0xf2, 0xda, 0x00 } },
    { 0x85fa, 1, { 0x28, 0xfe, 0xc6, 0xaa, 0xbe, 0xea, 0xbe, 0x00 } },
    { 0x85fb, 1, { 0x28, 0xfe, 0x94, 0x2a, 0xbe, 0x1c, 0xaa, 0x00 } },
    { 0x85fe, 1, { 0x28, 0xfe, 0x7a, 0x76, 0x26, 0x70, 0xaa, 0x00 } },
    { 0x8602, 1, { 0x28, 0xfe, 0x64, 0xda, 0xb6, 0x38, 0xd6, 0x00 } },
    { 0x8606, 1, { 0x28, 0xfe, 0x0c, 0x78, 0x4e, 0x5c, 0xbe, 0x00 } },
    { 0x8607, 1, { 0x28, 0xfe, 0x6c, 0xbe, 0x6c, 0x16, 0xa4, 0x00 } },
    { 0x860a, 1, { 0x28, 0xfe, 0x56, 0x9a, 0x5e, 0xec, 0x5e, 0x00 } },
    { 0x860b, 1, { 0x28, 0xfe, 0x2e, 0xb6, 0xe6, 0x10, 0x6a, 0x00 } },
    { 0x8613, 1, { 0x28, 0xfe, 0x2c, 0xd4, 0x5c, 0xdc, 0x6a, 0x00 } },
    { 0x8616, 1, { 0x28, 0xfe, 0x6a, 0x4e, 0x7c, 0x38, 0xd6, 0x00 } },
    { 0x8617, 1, { 0x28, 0xfe, 0x6a, 0xce, 0x7c, 0x38, 0xd6, 0x00 } },
    { 0x861a, 1, { 0x28, 0xfe, 0x6a, 0xbe, 0x64, 0x7e, 0xa4, 0x00 } },
    { 0x8622, 1, { 0x28, 0xfe, 0xfc, 0x56, 0xfa, 0x74, 0x56, 0x00 } },
    { 0x862d, 1, { 0x28, 0xfe, 0xee, 0x92, 0xfe, 0xba, 0xd6, 0x00 } },
    { 0x862f, 1, { 0x28, 0xfe, 0x94, 0x1e, 0xaa, 0x7c, 0xfe, 0x00 } },
    { 0x8630, 1, { 0x28, 0xfe, 0x4c, 0x9e, 0x5a, 0xe4, 0x5a, 0x00 } },
    { 0x863f, 1, { 0x28, 0xfe, 0xfe, 0x94, 0x5e, 0xf4, 0x5e, 0x00 } },
    { 0x864d, 1, { 0x10, 0x1c, 0x7e, 0x52, 0x7c, 0x52, 0x9e, 0x00 } },
    { 0x864e, 1, { 0x08, 0x0e, 0x78, 0x4e, 0x40, 0x54, 0xa6, 0x00 } },
    { 0x8650, 1, { 0x08, 0x0e, 0x78, 0x4e, 0x5e, 0x50, 0x9e, 0x00 } },
    { 0x8654, 1, { 0x08, 0x0e, 0x78, 0x5e, 0x54, 0x48, 0xb6, 0x00 } },
    { 0x8655, 1, { 0x08, 0x0e, 0x78, 0x5e, 0x6c, 0x54, 0xae, 0x00 } },
    { 0x865a, 1, { 0x08, 0x0e, 0x78, 0x4e, 0x40, 0x54, 0xbe, 0x00 } },
    { 0x865c, 1, { 0x08, 0x0e, 0x78, 0x5e, 0x7e, 0x4a, 0xb6, 0x00 } },
    { 0x865e, 1, { 0x08, 0x0e, 0x78, 0x4e, 0x6c, 0x7e, 0x94, 0x00 } },
    { 0x865f, 1, { 0xc8, 0xce, 0x38, 0xee, 0xa0, 0x6c, 0xd6, 0x00 } },
    { 0x8667, 1, { 0x2e, 0x34, 0xee, 0xb4, 0xf6, 0xe2, 0xf6, 0x00 } },
    { 0x866b, 1, { 0x10, 0x7c, 0x54, 0x54, 0x7c, 0x14, 0xfa, 0x00 } },
    { 0x8671, 1, { 0xfc, 0x24, 0xfc, 0xac, 0xfc, 0x24, 0xfa, 0x00 } },
    { 0x8679, 1, { 0x40, 0xee, 0xa4, 0xe4, 0x44, 0x64, 0xde, 0x00 } },
    { 0x867b, 1, { 0x44, 0xfe, 0xb0, 0xf0, 0x50, 0x70, 0xce, 0x00 } },
    { 0x868a, 1, { 0x48, 0xfe, 0xd4, 0xd4, 0x48, 0x54, 0xe2, 0x00 } },
    { 0x868b, 1, { 0x58, 0xe8, 0xbe, 0xea, 0x76, 0x62, 0xe6, 0x00 } },
    { 0x868c, 1, { 0x44, 0xfe, 0xa4, 0xee, 0x44, 0x7e, 0xc4, 0x00 } },
    { 0x8693, 1, { 0x5a, 0xea, 0xba, 0xf2, 0x5a, 0x6a, 0xda, 0x00 } },
    { 0x8695, 1, { 0xfe, 0x10, 0xee, 0x54, 0x7c, 0x14, 0xfa, 0x00 } },
    { 0x86a3, 1, { 0x54, 0xd4, 0xa2, 0xc8, 0x48, 0x54, 0xfa, 0x00 } },
    { 0x86a4, 1, { 0x7c, 0x24, 0x38, 0xd6, 0x7c, 0x14, 0xfa, 0x00 } },
    { 0x86a9, 1, { 0x54, 0x7c, 0xfe, 0x54, 0x7c, 0x14, 0xfa, 0x00 } },
    { 0x86aa, 1, { 0x44, 0xf4, 0xa4, 0xf4, 0x46, 0x7c, 0xc4, 0x00 } },
    { 0x86ab, 1, { 0x48, 0xee, 0xb2, 0xee, 0x4e, 0x68, 0xce, 0x00 } },
    { 0x86af, 1, { 0x44, 0xd8, 0xd0, 0xde, 0x54, 0x54, 0xfe, 0x00 } },
    { 0x86b0, 1, { 0x44, 0xfe, 0xb6, 0xfe, 0x56, 0x76, 0xde, 0x00 } },
    { 0x86b6, 1, { 0x4a, 0xfe, 0xaa, 0xee, 0x4a, 0x6a, 0xce, 0x00 } },
    { 0x86c4, 1, { 0x44, 0xe4, 0xbe, 0xe4, 0x4e, 0x6a, 0xce, 0x00 } },
    { 0x86c6, 1, { 0x5c, 0xf4, 0xbc, 0xf4, 0x5c, 0x54, 0xfe, 0x00 } },
    { 0x86c7, 1, { 0x44, 0xfe, 0xb2, 0xe8, 0x4e, 0x68, 0xce, 0x00 } },
    { 0x86c9, 1, { 0x48, 0xf4, 0xae, 0xe0, 0x5e, 0x6a, 0xc8, 0x00 } },
    { 0x86cb, 1, { 0xfe, 0x1a, 0x50, 0xbe, 0x38, 0x14, 0xfa, 0x00 } },
    { 0x86cd, 1, { 0x54, 0xfe, 0x92, 0x7c, 0x7c, 0x14, 0xfa, 0x00 } },
    { 0x86ce, 1, { 0x5e, 0xf0, 0xbe, 0xf4, 0x56, 0x6a, 0xca, 0x00 } },
    { 0x86d4, 1, { 0x5e, 0xf2, 0xbe, 0xfa, 0x5e, 0x72, 0xde, 0x00 } },
    { 0x86d9, 1, { 0x44, 0xee, 0xa4, 0xfe, 0x4e, 0x64, 0xde, 0x00 } },
    { 0x86db, 1, { 0x58, 0xdc, 0xe8, 0xfe, 0x48, 0x5c, 0xea, 0x00 } },
    { 0x86de, 1, { 0x42, 0xec, 0xbe, 0xe4, 0x4e, 0x6a, 0xce, 0x00 } },
    { 0x86df, 1, { 0x48, 0xfe, 0xd4, 0xe2, 0x54, 0x48, 0xf6, 0x00 } },
    { 0x86e4, 1, { 0x44, 0xea, 0xb6, 0xe0, 0x4e, 0x6a, 0xce, 0x00 } },
    { 0x86e9, 1, { 0xec, 0x4c, 0xf6, 0x38, 0x38, 0x14, 0xfa, 0x00 } },
    { 0x86ec, 1, { 0x28, 0x7c, 0xfe, 0x7c, 0xba, 0x14, 0xfa, 0x00 } },
    { 0x86ed, 1, { 0x5e, 0xe8, 0xbe, 0xe4, 0x4e, 0x64, 0xde, 0x00 } },
    { 0x86ee, 1, { 0x10, 0xfe, 0x28, 0xba, 0x38, 0x14, 0xfa, 0x00 } },
    { 0x86ef, 1, { 0x4a, 0xdc, 0xc8, 0xfe, 0x54, 0x68, 0xce, 0x00 } },
    { 0x86f8, 1, { 0x56, 0xe4, 0xbe, 0xf2, 0x5e, 0x72, 0xd6, 0x00 } },
    { 0x86f9, 1, { 0x5e, 0xe4, 0xbe, 0xf6, 0x5e, 0x76, 0xd6, 0x00 } },
    { 0x86fb, 1, { 0x54, 0xe2, 0xbe, 0xf2, 0x5e, 0x6c, 0xd6, 0x00 } },
    { 0x86fe, 1, { 0x4e, 0xf4, 0xbe, 0xd4, 0x56, 0x7c, 0xd2, 0x00 } },
    { 0x8700, 1, { 0xfe, 0xaa, 0x7e, 0xba, 0x3a, 0x16, 0xfa, 0x00 } },
    { 0x8702, 1, { 0x4c, 0xf4, 0xa8, 0xf6, 0x48, 0x7e, 0xc8, 0x00 } },
    { 0x8703, 1, { 0x7e, 0x7c, 0x68, 0xb6, 0x38, 0x3c, 0xfa, 0x00 } },
    { 0x8706, 1, { 0x5e, 0xf2, 0xbe, 0xf2, 0x5e, 0x6c, 0xd6, 0x00 } },
    { 0x8708, 1, { 0x46, 0xf6, 0xbc, 0xe4, 0x5e, 0x68, 0xd6, 0x00 } },
    { 0x8709, 1, { 0x5c, 0xea, 0xa0, 0xec, 0x44, 0x7e, 0xc8, 0x00 } },
    { 0x870a, 1, { 0x7a, 0xd6, 0xfe, 0xd6, 0x7a, 0x72, 0xd6, 0x00 } },
    { 0x870d, 1, { 0x48, 0xd4, 0xbe, 0xc8, 0x7e, 0x48, 0xea, 0x00 } },
    { 0x8711, 1, { 0xc2, 0x5c, 0x86, 0x54, 0xfe, 0x3c, 0xfa, 0x00 } },
    { 0x8712, 1, { 0x72, 0xdc, 0xe6, 0xd4, 0x7e, 0x50, 0xee, 0x00 } },
    { 0x8718, 1, { 0x60, 0xfe, 0xd6, 0xfe, 0x56, 0x56, 0xe8, 0x00 } },
    { 0x871a, 1, { 0x28, 0xee, 0x28, 0xee, 0x78, 0x3c, 0xfa, 0x00 } },
    { 0x871c, 1, { 0x10, 0xfe, 0xaa, 0x7c, 0xb8, 0x14, 0xfa, 0x00 } },
    { 0x8725, 1, { 0x52, 0xfc, 0xd8, 0xfe, 0x7a, 0x5a, 0xd2, 0x00 } },
    { 0x8729, 1, { 0x7e, 0xea, 0xbe, 0xea, 0x76, 0x7e, 0xe2, 0x00 } },
    { 0x8734, 1, { 0x5e, 0xf2, 0xbe, 0xe8, 0x4e, 0x56, 0xea, 0x00 } },
    { 0x8737, 1, { 0x54, 0xea, 0xbe, 0xd4, 0x6a, 0x50, 0xdc, 0x00 } },
    { 0x873b, 1, { 0x44, 0xee, 0xa4, 0xfe, 0x4e, 0x6e, 0xca, 0x00 } },
    { 0x873f, 1, { 0x48, 0xfe, 0xa2, 0xde, 0x6a, 0x58, 0xee, 0x00 } },
    { 0x8749, 1, { 0x6a, 0xc4, 0xbe, 0xfe, 0x48, 0x7e, 0xc8, 0x00 } },
    { 0x874b, 1, { 0x6a, 0xc4, 0xbe, 0xea, 0x7e, 0x6a, 0xca, 0x00 } },
    { 0x874c, 1, { 0x7a, 0xd6, 0xba, 0xd6, 0x72, 0x7e, 0xd2, 0x00 } },
    { 0x874e, 1, { 0x5c, 0xd4, 0xdc, 0xde, 0x72, 0x5a, 0xc6, 0x00 } },
    { 0x8753, 1, { 0x78, 0xd4, 0xee, 0xc0, 0x5a, 0x5c, 0xda, 0x00 } },
    { 0x8755, 1, { 0x48, 0xbe, 0x5a, 0xde, 0xc8, 0xaa, 0xde, 0x00 } },
    { 0x8757, 1, { 0x44, 0xee, 0xaa, 0xee, 0x5e, 0x64, 0xde, 0x00 } },
    { 0x8759, 1, { 0x5e, 0xea, 0xae, 0xe8, 0x5e, 0x6e, 0xca, 0x00 } },
    { 0x875f, 1, { 0x7e, 0xea, 0xbe, 0xfe, 0x54, 0x5c, 0xd4, 0x00 } },
    { 0x8760, 1, { 0x5e, 0xec, 0xac, 0xe0, 0x5e, 0x76, 0xde, 0x00 } },
    { 0x8763, 1, { 0x54, 0xfe, 0xd6, 0xda, 0x6c, 0x4e, 0xdc, 0x00 } },
    { 0x8766, 1, { 0x76, 0xf2, 0xa6, 0xfe, 0x6a, 0x74, 0xea, 0x00 } },
    { 0x8768, 1, { 0x7c, 0x14, 0xfc, 0x22, 0x6c, 0x6c, 0xda, 0x00 } },
    { 0x876a, 1, { 0x5c, 0xf4, 0xbe, 0xd0, 0x5e, 0x6a, 0xd6, 0x00 } },
    { 0x876e, 1, { 0x50, 0xfe, 0xac, 0xec, 0x54, 0x48, 0xf6, 0x00 } },
    { 0x8774, 1, { 0x56, 0xfe, 0xd6, 0xfe, 0x6e, 0x7e, 0xca, 0x00 } },
    { 0x8776, 1, { 0x6a, 0xfe, 0xae, 0xe0, 0x7e, 0x5c, 0xea, 0x00 } },
    { 0x8778, 1, { 0x4e, 0xea, 0xaa, 0xfe, 0x52, 0x7a, 0xda, 0x00 } },
    { 0x877f, 1, { 0x4c, 0xec, 0xae, 0xfa, 0x56, 0x5c, 0xe6, 0x00 } },
    { 0x8782, 1, { 0x56, 0xfe, 0xac, 0xfe, 0x66, 0x74, 0xc4, 0x00 } },
    { 0x878d, 1, { 0xf4, 0x6e, 0x6a, 0xfe, 0x94, 0xf6, 0xbe, 0x00 } },
    { 0x879f, 1, { 0x5e, 0xf2, 0xac, 0xec, 0x5e, 0x60, 0xd2, 0x00 } },
    { 0x87a2, 1, { 0xaa, 0x44, 0xfe, 0xba, 0x38, 0x14, 0xfa, 0x00 } },
    { 0x87ab, 1, { 0x66, 0xfa, 0x74, 0xaa, 0x38, 0x3c, 0xfa, 0x00 } },
    { 0x87af, 1, { 0x26, 0x6a, 0xf4, 0x6a, 0xb8, 0x3c, 0xfa, 0x00 } },
    { 0x87b3, 1, { 0x6a, 0xdc, 0xf6, 0xdc, 0x7e, 0x48, 0xfe, 0x00 } },
    { 0x87ba, 1, { 0x7e, 0xea, 0xbe, 0xd0, 0x7e, 0x48, 0xea, 0x00 } },
    { 0x87bb, 1, { 0x48, 0xdc, 0xf6, 0xdc, 0x7e, 0x54, 0xfa, 0x00 } },
    { 0x87bd, 1, { 0x18, 0x68, 0x38, 0xd6, 0x6c, 0x6c, 0xda, 0x00 } },
    { 0x87c0, 1, { 0x48, 0xfe, 0xea, 0xd4, 0x6a, 0x7e, 0xc8, 0x00 } },
    { 0x87c4, 1, { 0x28, 0x7c, 0xec, 0x76, 0x38, 0x3c, 0xfa, 0x00 } },
    { 0x87c6, 1, { 0x54, 0xfe, 0xdc, 0xd4, 0x7e, 0x48, 0xf6, 0x00 } },
    { 0x87c7, 1, { 0x28, 0xfe, 0x38, 0xfc, 0x7e, 0x94, 0x7a, 0x00 } },
    { 0x87cb, 1, { 0x7e, 0xd4, 0xfe, 0xdc, 0x6a, 0x50, 0xee, 0x00 } },
    { 0x87d0, 1, { 0x6a, 0xdc, 0xb6, 0xdc, 0x7e, 0x6a, 0xc8, 0x00 } },
    { 0x87d2, 1, { 0x54, 0xfe, 0xd4, 0xe2, 0x54, 0x7e, 0xd4, 0x00 } },
    { 0x87e0, 1, { 0x7e, 0xd4, 0xfe, 0xdc, 0x6a, 0x5c, 0xdc, 0x00 } },
    { 0x87ef, 1, { 0x48, 0xdc, 0xbe, 0xf6, 0x7e, 0x54, 0xe6, 0x00 } },
    { 0x87f2, 1, { 0x10, 0x7c, 0x7c, 0xfa, 0x6c, 0x6c, 0xda, 0x00 } },
    { 0x87f6, 1, { 0x7e, 0xda, 0xbe, 0xc8, 0x5c, 0x48, 0xfe, 0x00 } },
    { 0x87f7, 1, { 0x6a, 0xdc, 0xb6, 0xdc, 0x7e, 0x6a, 0xfe, 0x00 } },
    { 0x87f9, 1, { 0x6e, 0xa6, 0x6a, 0x7e, 0xbc, 0x14, 0xfa, 0x00 } },
    { 0x87fb, 1, { 0x54, 0xfe, 0xc8, 0xfe, 0x56, 0x7c, 0xd2, 0x00 } },
    { 0x87fe, 1, { 0x4c, 0xd4, 0xbe, 0xf6, 0x6c, 0x7e, 0xcc, 0x00 } },
    { 0x8805, 1, { 0x7e, 0xf6, 0xd4, 0xf6, 0x76, 0x54, 0xde, 0x00 } },
    { 0x880d, 1, { 0x7c, 0xee, 0xfa, 0xdc, 0x6c, 0x74, 0xca, 0x00 } },
    { 0x880e, 1, { 0x54, 0xfe, 0xd4, 0xea, 0x4c, 0x7e, 0xd4, 0x00 } },
    { 0x880f, 1, { 0x5e, 0xea, 0xd8, 0xda, 0x5e, 0x5e, 0xea, 0x00 } },
    { 0x8811, 1, { 0x6a, 0xd4, 0xbe, 0xea, 0x5c, 0x5c, 0xea, 0x00 } },
    { 0x8815, 1, { 0x5c, 0xfe, 0xea, 0xdc, 0x48, 0x7e, 0xea, 0x00 } },
    { 0x8816, 1, { 0x54, 0xfe, 0xdc, 0xde, 0x54, 0x48, 0xf6, 0x00 } },
    { 0x8821, 1, { 0x1c, 0xfe, 0x2c, 0xda, 0x6c, 0x6c, 0xda, 0x00 } },
    { 0x8822, 1, { 0x38, 0xfe, 0x5c, 0x9a, 0x6c, 0x6c, 0xda, 0x00 } },
    { 0x8823, 1, { 0x5e, 0xf4, 0xbe, 0xfe, 0x54, 0x6e, 0xca, 0x00 } },
    { 0x8827, 1, { 0x10, 0xfe, 0x7c, 0xba, 0x6c, 0x6c, 0xda, 0x00 } },
    { 0x8831, 1, { 0x10, 0x7c, 0x7e, 0x6c, 0xda, 0x7c, 0xfe, 0x00 } },
    { 0x8836, 1, { 0xfe, 0x6c, 0xb6, 0x38, 0x6c, 0x6c, 0xda, 0x00 } },
    { 0x8839, 1, { 0x10, 0xfe, 0x54, 0xba, 0x7c, 0x6c, 0xda, 0x00 } },
    { 0x883b, 1, { 0x54, 0xb8, 0x54, 0xee, 0x7c, 0x3c, 0xfa, 0x00 } },
    { 0x8840, 1, { 0x20, 0x7c, 0x54, 0x54, 0x54, 0x54, 0xfe, 0x00 } },
    { 0x8842, 1, { 0x3e, 0x6a, 0x7a, 0x6a, 0x6e, 0x6a, 0xd6, 0x00 } },
    { 0x8844, 1, { 0x3e, 0x6a, 0x6a, 0x7e, 0x6a, 0x6a, 0xde, 0x00 } },
    { 0x8846, 1, { 0x10, 0x7c, 0xfe, 0x50, 0x9a, 0x54, 0x92, 0x00 } },
    { 0x884c, 1, { 0x5c, 0x80, 0x7e, 0xc4, 0x44, 0x44, 0x4c, 0x00 } },
    { 0x884d, 1, { 0x56, 0x80, 0x56, 0xc2, 0x52, 0x52, 0x56, 0x00 } },
    { 0x8852, 1, { 0x56, 0xb8, 0x56, 0xea, 0x52, 0x7a, 0x46, 0x00 } },
    { 0x8853, 1, { 0x56, 0xb8, 0x56, 0xfa, 0x7a, 0x52, 0x56, 0x00 } },
    { 0x8857, 1, { 0x56, 0xb8, 0x56, 0xfa, 0x52, 0x7a, 0x46, 0x00 } },
    { 0x8859, 1, { 0x5e, 0x88, 0x5e, 0xda, 0x42, 0x5a, 0x5a, 0x00 } },
    { 0x885b, 1, { 0x56, 0xb8, 0x5e, 0xea, 0x52, 0x7a, 0x56, 0x00 } },
    { 0x885d, 1, { 0x4e, 0xb0, 0x56, 0xfa, 0x7a, 0x52, 0x7a, 0x00 } },
    { 0x885e, 1, { 0x56, 0xb8, 0x5e, 0xea, 0x7a, 0x7a, 0x56, 0x00 } },
    { 0x8861, 1, { 0x5e, 0xa8, 0x56, 0xfa, 0x7a, 0x52, 0x6a, 0x00 } },
    { 0x8862, 1, { 0x76, 0xb4, 0x42, 0xd6, 0x5e, 0x7a, 0x5e, 0x00 } },
    { 0x8863, 1, { 0x10, 0xfe, 0x10, 0x2a, 0xec, 0x24, 0x72, 0x00 } },
    { 0x8868, 1, { 0x10, 0x7c, 0x10, 0xfc, 0x2a, 0xe4, 0x32, 0x00 } },
    { 0x886b, 1, { 0x42, 0xec, 0x22, 0x4c, 0xe0, 0x62, 0x4c, 0x00 } },
    { 0x8870, 1, { 0x10, 0xfe, 0x38, 0xee, 0x38, 0xe8, 0x36, 0x00 } },
    { 0x8872, 1, { 0x4c, 0xe4, 0x3e, 0x56, 0xfa, 0x72, 0x56, 0x00 } },
    { 0x8875, 1, { 0x5e, 0xf2, 0x32, 0x5e, 0xf2, 0x72, 0x5e, 0x00 } },
    { 0x8877, 1, { 0x10, 0xfe, 0x54, 0x7c, 0x2a, 0xe4, 0x32, 0x00 } },
    { 0x887d, 1, { 0x42, 0xec, 0x24, 0x5e, 0xe4, 0x64, 0x4e, 0x00 } },
    { 0x887e, 1, { 0x10, 0x28, 0xfe, 0x08, 0xfe, 0x68, 0xb6, 0x00 } },
    { 0x887f, 1, { 0x48, 0xf4, 0x2e, 0x40, 0xfe, 0x64, 0x48, 0x00 } },
    { 0x8881, 1, { 0x10, 0x7c, 0xfe, 0x44, 0x7c, 0x68, 0xb6, 0x00 } },
    { 0x8882, 1, { 0x44, 0xee, 0x26, 0x5e, 0xe4, 0x64, 0x5a, 0x00 } },
    { 0x8888, 1, { 0x40, 0xfe, 0x5a, 0xbe, 0xfe, 0x68, 0xb6, 0x00 } },
    { 0x888b, 1, { 0x2a, 0x5e, 0xc4, 0x52, 0xfe, 0x68, 0xb6, 0x00 } },
    { 0x888d, 1, { 0x48, 0xee, 0x32, 0x4e, 0xee, 0x68, 0x4e, 0x00 } },
    { 0x8892, 1, { 0x4e, 0xea, 0x2e, 0x4a, 0xee, 0x60, 0x5e, 0x00 } },
    { 0x8896, 1, { 0x44, 0xfe, 0x36, 0x5e, 0xf6, 0x76, 0x5e, 0x00 } },
    { 0x8897, 1, { 0x48, 0xf4, 0x2a, 0x44, 0xea, 0x64, 0x58, 0x00 } },
    { 0x8899, 1, { 0x48, 0xfe, 0x32, 0x5e, 0xf2, 0x72, 0x5e, 0x00 } },
    { 0x889e, 1, { 0x10, 0xfe, 0x44, 0xba, 0x38, 0xe8, 0x36, 0x00 } },
    { 0x88a2, 1, { 0x4a, 0xf0, 0x24, 0x5e, 0xe4, 0x7e, 0x44, 0x00 } },
    { 0x88a4, 1, { 0x10, 0xfe, 0x78, 0x3e, 0xd2, 0x68, 0xb6, 0x00 } },
    { 0x88ab, 1, { 0x44, 0xfe, 0x36, 0x5e, 0xfa, 0x74, 0x5a, 0x00 } },
    { 0x88ae, 1, { 0x48, 0xee, 0x34, 0x4c, 0xee, 0x76, 0x4c, 0x00 } },
    { 0x88b0, 1, { 0x3c, 0x34, 0xfe, 0x54, 0xfe, 0x68, 0xb6, 0x00 } },
    { 0x88b1, 1, { 0x56, 0xe4, 0x2e, 0x64, 0xe4, 0x64, 0x6a, 0x00 } },
    { 0x88b4, 1, { 0x44, 0xfe, 0x2c, 0x5a, 0xec, 0x62, 0x46, 0x00 } },
    { 0x88b5, 1, { 0x52, 0xec, 0x24, 0x6e, 0xe4, 0x64, 0x6e, 0x00 } },
    { 0x88b7, 1, { 0x44, 0xea, 0x2e, 0x40, 0xee, 0x6a, 0x4e, 0x00 } },
    { 0x88bf, 1, { 0x44, 0xee, 0x24, 0x5e, 0xee, 0x64, 0x5e, 0x00 } },
    { 0x88c1, 1, { 0x28, 0x7a, 0x28, 0xfe, 0x66, 0xd4, 0x6a, 0x00 } },
    { 0x88c2, 1, { 0xf2, 0x6a, 0xaa, 0x42, 0xfe, 0x68, 0xb6, 0x00 } },
    { 0x88c3, 1, { 0x48, 0xee, 0x28, 0x5e, 0xec, 0x6a, 0x48, 0x00 } },
    { 0x88c4, 1, { 0x56, 0xe0, 0x36, 0x52, 0xf2, 0x72, 0x56, 0x00 } },
    { 0x88c5, 1, { 0x48, 0xfe, 0x48, 0xdc, 0xfe, 0x68, 0xb6, 0x00 } },
    { 0x88cf, 1, { 0x10, 0xfe, 0x54, 0x7c, 0xfe, 0x68, 0xb6, 0x00 } },
    { 0x88d4, 1, { 0x10, 0xfe, 0x68, 0xb6, 0xfe, 0xda, 0x9a, 0x00 } },
    { 0x88d5, 1, { 0x54, 0xe2, 0x28, 0x54, 0xe2, 0x6c, 0x4c, 0x00 } },
    { 0x88d8, 1, { 0x14, 0xfe, 0x58, 0xb4, 0xfe, 0x68, 0xb6, 0x00 } },
    { 0x88d9, 1, { 0x5e, 0xea, 0x3e, 0x4a, 0xec, 0x7e, 0x4e, 0x00 } },
    { 0x88dc, 1, { 0x4a, 0xfe, 0x28, 0x5e, 0xfa, 0x7e, 0x5a, 0x00 } },
    { 0x88dd, 1, { 0xa4, 0xfe, 0x64, 0xae, 0xfe, 0x68, 0xb6, 0x00 } },
    { 0x88df, 1, { 0x88, 0x2a, 0x8c, 0x30, 0xfe, 0x68, 0xb6, 0x00 } },
    { 0x88e1, 1, { 0x5e, 0xf6, 0x3e, 0x56, 0xfe, 0x64, 0x5e, 0x00 } },
    { 0x88e8, 1, { 0x48, 0xfe, 0x3a, 0x5e, 0xec, 0x7e, 0x44, 0x00 } },
    { 0x88f2, 1, { 0x5e, 0xe4, 0x3e, 0x56, 0xfe, 0x7e, 0x56, 0x00 } },
    { 0x88f3, 1, { 0x54, 0xfe, 0xaa, 0x38, 0xfe, 0x68, 0xb6, 0x00 } },
    { 0x88f4, 1, { 0x28, 0xee, 0xee, 0x28, 0xfe, 0x68, 0xb6, 0x00 } },
    { 0x88f8, 1, { 0x7e, 0xea, 0x3e, 0x48, 0xfe, 0x5c, 0x6a, 0x00 } },
    { 0x88f9, 1, { 0x10, 0xfe, 0x38, 0x7c, 0xb2, 0x68, 0xb6, 0x00 } },
    { 0x88fc, 1, { 0x5e, 0xf2, 0x3e, 0x48, 0xee, 0x76, 0x4a, 0x00 } },
    { 0x88fd, 1, { 0x62, 0x7a, 0xaa, 0x72, 0xfe, 0x68, 0xb6, 0x00 } },
    { 0x88fe, 1, { 0x5e, 0xfe, 0x34, 0x5e, 0xf4, 0x6a, 0x4e, 0x00 } },
    { 0x8902, 1, { 0x54, 0xfc, 0x34, 0x5e, 0xf4, 0x7c, 0x44, 0x00 } },
    { 0x8904, 1, { 0x48, 0xfe, 0x2c, 0x5c, 0xfe, 0x6c, 0x5a, 0x00 } },
    { 0x8907, 1, { 0x50, 0xfe, 0x2c, 0x4c, 0xf4, 0x68, 0x56, 0x00 } },
    { 0x890a, 1, { 0x5e, 0xea, 0x2e, 0x48, 0xee, 0x7e, 0x4a, 0x00 } },
    { 0x890c, 1, { 0x5e, 0xf6, 0x3e, 0x4c, 0xec, 0x7e, 0x44, 0x00 } },
    { 0x8910, 1, { 0x5c, 0xf4, 0x3c, 0x5e, 0xf2, 0x7a, 0x46, 0x00 } },
    { 0x8912, 1, { 0x10, 0xfe, 0x54, 0xdc, 0x2a, 0xe4, 0x32, 0x00 } },
    { 0x8913, 1, { 0x5c, 0xf4, 0x3c, 0x68, 0xfe, 0x7c, 0x6a, 0x00 } },
    { 0x891d, 1, { 0x5a, 0xe4, 0x3e, 0x5e, 0xe4, 0x7e, 0x44, 0x00 } },
    { 0x891e, 1, { 0x5e, 0xf6, 0x3a, 0x5e, 0xe0, 0x6c, 0x5e, 0x00 } },
    { 0x8925, 1, { 0x5e, 0xfc, 0x3a, 0x6c, 0xfe, 0x74, 0x4c, 0x00 } },
    { 0x892a, 1, { 0x56, 0xe6, 0x36, 0x44, 0xea, 0x70, 0x5e, 0x00 } },
    { 0x892b, 1, { 0x7e, 0xe6, 0x3c, 0x76, 0xf0, 0x6c, 0x56, 0x00 } },
    { 0x8936, 1, { 0x5e, 0xea, 0x3e, 0x4a, 0xe4, 0x6e, 0x4e, 0x00 } },
    { 0x8938, 1, { 0x48, 0xfc, 0x36, 0x5c, 0xfe, 0x54, 0x7a, 0x00 } },
    { 0x893b, 1, { 0x10, 0xfe, 0xfc, 0x6c, 0xf6, 0x68, 0xb6, 0x00 } },
    { 0x8941, 1, { 0x5a, 0xec, 0x3e, 0x56, 0xfe, 0x6c, 0x5e, 0x00 } },
    { 0x8943, 1, { 0x10, 0xfe, 0x54, 0x9c, 0x6a, 0xe4, 0x32, 0x00 } },
    { 0x8944, 1, { 0x10, 0xfe, 0x6c, 0x38, 0xfe, 0x68, 0xb6, 0x00 } },
    { 0x894c, 1, { 0x5a, 0xfa, 0x2c, 0x4c, 0xec, 0x7e, 0x44, 0x00 } },
    { 0x894d, 1, { 0x4a, 0xee, 0x34, 0x5e, 0xfe, 0x5c, 0x6a, 0x00 } },
    { 0x8956, 1, { 0x48, 0xfe, 0x36, 0x5a, 0xfe, 0x64, 0x5a, 0x00 } },
    { 0x895e, 1, { 0x64, 0x6e, 0xca, 0x64, 0xfe, 0x68, 0xb6, 0x00 } },
    { 0x895f, 1, { 0x52, 0xf6, 0x32, 0x5c, 0xfe, 0x48, 0x6a, 0x00 } },
    { 0x8960, 1, { 0x6a, 0xfc, 0x36, 0x5c, 0xfe, 0x6a, 0x7e, 0x00 } },
    { 0x8964, 1, { 0x54, 0xf6, 0x30, 0x56, 0xe0, 0x6c, 0x5e, 0x00 } },
    { 0x8966, 1, { 0x5c, 0xfe, 0x2a, 0x5c, 0xe8, 0x7e, 0x6a, 0x00 } },
    { 0x896a, 1, { 0x4a, 0xfe, 0x2c, 0x5e, 0xf6, 0x74, 0x5a, 0x00 } },
    { 0x896d, 1, { 0x56, 0xfc, 0x36, 0x5e, 0xe6, 0x78, 0x5a, 0x00 } },
    { 0x896f, 1, { 0x56, 0xfe, 0x2e, 0x56, 0xfe, 0x74, 0x5a, 0x00 } },
    { 0x8972, 1, { 0x26, 0xfc, 0x56, 0xfa, 0xfe, 0x68, 0xb6, 0x00 } },
    { 0x8974, 1, { 0x76, 0xf6, 0x2a, 0x7e, 0xea, 0x7e, 0x6a, 0x00 } },
    { 0x8977, 1, { 0x56, 0xea, 0x2e, 0x7e, 0xdc, 0x7e, 0x58, 0x00 } },
    { 0x897e, 1, { 0x00, 0xfe, 0x28, 0xfe, 0xaa, 0xba, 0x82, 0x00 } },
    { 0x897f, 1, { 0xfe, 0x28, 0xfe, 0xaa, 0xce, 0x82, 0xfe, 0x00 } },
    { 0x8981, 1, { 0xfe, 0x54, 0x7c, 0x10, 0xfe, 0x28, 0xf6, 0x00 } },
    { 0x8983, 1, { 0xfe, 0x7c, 0x54, 0x38, 0x28, 0xfe, 0x10, 0x00 } },
    { 0x8986, 1, { 0xfe, 0x54, 0x7c, 0x8c, 0x54, 0xc8, 0x76, 0x00 } },
    { 0x8987, 1, { 0xfe, 0x54, 0x7c, 0xae, 0x4a, 0xee, 0x52, 0x00 } },
    { 0x8988, 1, { 0xfe, 0x7c, 0x54, 0xee, 0xfa, 0x64, 0xaa, 0x00 } },
    { 0x898a, 1, { 0xfe, 0x7c, 0x54, 0xae, 0x4c, 0xe2, 0x56, 0x00 } },
    { 0x898b, 1, { 0x7c, 0x44, 0x7c, 0x44, 0x7c, 0x2a, 0xce, 0x00 } },
    { 0x898f, 1, { 0x5e, 0xf2, 0x5e, 0xf2, 0x5e, 0x6c, 0x96, 0x00 } },
    { 0x8993, 1, { 0x7c, 0x52, 0xbc, 0x24, 0x3c, 0x2a, 0xce, 0x00 } },
    { 0x8996, 1, { 0x5e, 0xf2, 0x3e, 0x52, 0xfe, 0x4c, 0x56, 0x00 } },
    { 0x8997, 1, { 0xee, 0x2a, 0xee, 0x2a, 0xee, 0xec, 0x36, 0x00 } },
    { 0x8998, 1, { 0x5e, 0x52, 0x7e, 0x52, 0xfe, 0xac, 0xf6, 0x00 } },
    { 0x899a, 1, { 0x54, 0xfe, 0xaa, 0x38, 0x28, 0x3a, 0xce, 0x00 } },
    { 0x89a1, 1, { 0xfe, 0x2a, 0x7e, 0x7a, 0xae, 0x34, 0xca, 0x00 } },
    { 0x89a6, 1, { 0xee, 0x5a, 0xbe, 0x0a, 0xde, 0xec, 0xd6, 0x00 } },
    { 0x89a7, 1, { 0xe8, 0xce, 0xe6, 0x38, 0x38, 0x3a, 0xce, 0x00 } },
    { 0x89a9, 1, { 0x2e, 0x7a, 0x2e, 0xfa, 0x4e, 0xb4, 0x3a, 0x00 } },
    { 0x89aa, 1, { 0x2e, 0xfa, 0x5e, 0x2a, 0xfe, 0x74, 0xaa, 0x00 } },
    { 0x89ac, 1, { 0xae, 0xfa, 0x0e, 0xfa, 0x5e, 0x2c, 0xf6, 0x00 } },
    { 0x89af, 1, { 0x5e, 0xfa, 0x5e, 0xfa, 0x7e, 0xf4, 0x5a, 0x00 } },
    { 0x89b2, 1, { 0x5e, 0xfa, 0x5e, 0xfa, 0xfe, 0x2c, 0xf6, 0x00 } },
    { 0x89b3, 1, { 0x4e, 0x7a, 0xae, 0x7a, 0xee, 0x6c, 0x76, 0x00 } },
    { 0x89ba, 1, { 0x2c, 0x54, 0xfe, 0xba, 0x28, 0x3a, 0xce, 0x00 } },
    { 0x89bd, 1, { 0xe8, 0xce, 0xee, 0x38, 0x38, 0x3a, 0xce, 0x00 } },
    { 0x89bf, 1, { 0x2e, 0xfa, 0xde, 0xfa, 0x6e, 0x6c, 0x96, 0x00 } },
    { 0x89c0, 1, { 0x5e, 0xfa, 0xde, 0x6a, 0x7e, 0xec, 0x76, 0x00 } },
    { 0x89d2, 1, { 0x38, 0xc8, 0x7e, 0x52, 0x7e, 0x42, 0x86, 0x00 } },
    { 0x89da, 1, { 0x62, 0xbc, 0x74, 0x74, 0x74, 0x76, 0xaa, 0x00 } },
    { 0x89dc, 1, { 0x24, 0xb6, 0xa4, 0xfe, 0x54, 0x7c, 0x84, 0x00 } },
    { 0x89dd, 1, { 0x62, 0xbc, 0x74, 0x7e, 0x74, 0x72, 0xbe, 0x00 } },
    { 0x89e3, 1, { 0x6e, 0xa6, 0x7a, 0x7e, 0x74, 0x5e, 0xb4, 0x00 } },
    { 0x89e6, 1, { 0x68, 0xbe, 0x6a, 0x7e, 0x68, 0x6a, 0xbe, 0x00 } },
    { 0x89e7, 1, { 0x6a, 0xbe, 0x64, 0x6e, 0x64, 0x7e, 0xa4, 0x00 } },
    { 0x89f4, 1, { 0x68, 0xae, 0x7c, 0x6c, 0x6e, 0x76, 0xaa, 0x00 } },
    { 0x89f8, 1, { 0x7e, 0xb6, 0x6e, 0x72, 0x6e, 0x6e, 0xba, 0x00 } },
    { 0x8a00, 1, { 0x38, 0xfe, 0x00, 0x38, 0x00, 0x7c, 0x7c, 0x00 } },
    { 0x8a02, 1, { 0x5e, 0xe4, 0x04, 0xc4, 0x04, 0xe4, 0xec, 0x00 } },
    { 0x8a03, 1, { 0x48, 0xe8, 0x08, 0xcc, 0x0a, 0xe8, 0xe8, 0x00 } },
    { 0x8a08, 1, { 0x44, 0xe4, 0x1e, 0xc4, 0x04, 0xe4, 0xe4, 0x00 } },
    { 0x8a0a, 1, { 0xbc, 0xd4, 0x1c, 0xb4, 0x14, 0xd4, 0xe6, 0x00 } },
    { 0x8a0c, 1, { 0x40, 0xde, 0x04, 0xc4, 0x04, 0xc4, 0xde, 0x00 } },
    { 0x8a0e, 1, { 0x44, 0xde, 0x04, 0xd4, 0x0c, 0xc4, 0xcc, 0x00 } },
    { 0x8a10, 1, { 0x5c, 0xc8, 0x08, 0xbe, 0x08, 0xc8, 0xc8, 0x00 } },
    { 0x8a13, 1, { 0x52, 0xda, 0x1a, 0xda, 0x1a, 0xd2, 0xe2, 0x00 } },
    { 0x8a16, 1, { 0x50, 0xde, 0x2c, 0xc4, 0x08, 0xd2, 0xce, 0x00 } },
    { 0x8a17, 1, { 0x44, 0xd8, 0x08, 0xbe, 0x08, 0xca, 0xce, 0x00 } },
    { 0x8a18, 1, { 0x5e, 0xe2, 0x02, 0xde, 0x10, 0xd2, 0xde, 0x00 } },
    { 0x8a1b, 1, { 0x4c, 0xd4, 0x36, 0xd4, 0x14, 0xd4, 0xd6, 0x00 } },
    { 0x8a1d, 1, { 0x5e, 0xd4, 0x14, 0xbe, 0x0c, 0xf4, 0xcc, 0x00 } },
    { 0x8a1f, 1, { 0x54, 0xd4, 0x22, 0xc8, 0x08, 0xd4, 0xfa, 0x00 } },
    { 0x8a23, 1, { 0x48, 0xdc, 0x0c, 0xbe, 0x08, 0xc8, 0xf6, 0x00 } },
    { 0x8a25, 1, { 0x58, 0xc8, 0x3e, 0xea, 0x36, 0xe2, 0xe6, 0x00 } },
    { 0x8a2a, 1, { 0x48, 0xfe, 0x10, 0xde, 0x12, 0xd2, 0xe6, 0x00 } },
    { 0x8a2d, 1, { 0x5c, 0xd4, 0x26, 0xdc, 0x14, 0xc8, 0xf6, 0x00 } },
    { 0x8a31, 1, { 0x50, 0xdc, 0x28, 0xc8, 0x3e, 0xc8, 0xc8, 0x00 } },
    { 0x8a33, 1, { 0x5e, 0xd2, 0x1e, 0xd4, 0x14, 0xd2, 0xe2, 0x00 } },
    { 0x8a34, 1, { 0x44, 0xd8, 0x10, 0xde, 0x1c, 0xd6, 0xe4, 0x00 } },
    { 0x8a36, 1, { 0x5e, 0xc2, 0x1e, 0xd6, 0x1e, 0xc2, 0xc6, 0x00 } },
    { 0x8a3a, 1, { 0x48, 0xd4, 0x2a, 0xc4, 0x0a, 0xc4, 0xd8, 0x00 } },
    { 0x8a3b, 1, { 0x50, 0xc8, 0x3e, 0xc8, 0x1c, 0xc8, 0xfe, 0x00 } },
    { 0x8a3c, 1, { 0x5e, 0xe4, 0x04, 0xd6, 0x14, 0xd4, 0xfe, 0x00 } },
    { 0x8a41, 1, { 0x48, 0xc8, 0x3e, 0xc8, 0x1c, 0xd4, 0xdc, 0x00 } },
    { 0x8a46, 1, { 0x42, 0xdc, 0x14, 0xde, 0x14, 0xd2, 0xde, 0x00 } },
    { 0x8a48, 1, { 0xfe, 0xaa, 0xfe, 0x38, 0xfe, 0x44, 0x7c, 0x00 } },
    { 0x8a50, 1, { 0x50, 0xde, 0x28, 0xce, 0x08, 0xce, 0xc8, 0x00 } },
    { 0x8a51, 1, { 0x48, 0xfe, 0x22, 0xd4, 0x18, 0xd2, 0xde, 0x00 } },
    { 0x8a52, 1, { 0x48, 0xc8, 0x14, 0xba, 0x00, 0xdc, 0xdc, 0x00 } },
    { 0x8a54, 1, { 0x5e, 0xea, 0x12, 0xc6, 0x1e, 0xd2, 0xde, 0x00 } },
    { 0x8a55, 1, { 0xbe, 0xc8, 0x2a, 0xc8, 0x3e, 0xc8, 0xc8, 0x00 } },
    { 0x8a5b, 1, { 0x5c, 0xd4, 0x1c, 0xd4, 0x1c, 0xd4, 0xfe, 0x00 } },
    { 0x8a5e, 1, { 0x5e, 0xe2, 0x1a, 0xc2, 0x1a, 0xda, 0xc6, 0x00 } },
    { 0x8a60, 1, { 0x58, 0xc0, 0x18, 0xba, 0x1c, 0xea, 0xd8, 0x00 } },
    { 0x8a62, 1, { 0x50, 0xde, 0x36, 0xde, 0x16, 0xde, 0xc2, 0x00 } },
    { 0x8a63, 1, { 0x52, 0xdc, 0x12, 0xde, 0x00, 0xde, 0xde, 0x00 } },
    { 0x8a66, 1, { 0x4a, 0xc8, 0x3e, 0xc4, 0x3c, 0xd4, 0xfa, 0x00 } },
    { 0x8a69, 1, { 0x48, 0xdc, 0x08, 0xbe, 0x04, 0xfe, 0xd4, 0x00 } },
    { 0x8a6b, 1, { 0x48, 0xfe, 0x26, 0x98, 0x3e, 0xc8, 0xce, 0x00 } },
    { 0x8a6c, 1, { 0x42, 0xdc, 0x10, 0xde, 0x10, 0xd6, 0xe6, 0x00 } },
    { 0x8a6d, 1, { 0x4c, 0xf4, 0x1e, 0xde, 0x1a, 0xd8, 0xee, 0x00 } },
    { 0x8a6e, 1, { 0x48, 0xd4, 0x3e, 0xc8, 0x1c, 0xc8, 0xfe, 0x00 } },
    { 0x8a70, 1, { 0x48, 0xfe, 0x08, 0xdc, 0x00, 0xdc, 0xdc, 0x00 } },
    { 0x8a71, 1, { 0x44, 0xd8, 0x3e, 0xc8, 0x1c, 0xd4, 0xdc, 0x00 } },
    { 0x8a72, 1, { 0x44, 0xde, 0x08, 0xd4, 0x0a, 0xc4, 0xda, 0x00 } },
    { 0x8a73, 1, { 0x94, 0xfe, 0x08, 0xdc, 0x08, 0xfe, 0xc8, 0x00 } },
    { 0x8a7c, 1, { 0x50, 0xfe, 0x10, 0xa4, 0x16, 0xc4, 0xda, 0x00 } },
    { 0x8a82, 1, { 0x54, 0xf6, 0x14, 0xb6, 0x14, 0xd4, 0xe6, 0x00 } },
    { 0x8a84, 1, { 0x4a, 0xfc, 0x1e, 0xc8, 0x3e, 0xdc, 0xea, 0x00 } },
    { 0x8a85, 1, { 0x58, 0xdc, 0x28, 0xbe, 0x08, 0xdc, 0xea, 0x00 } },
    { 0x8a87, 1, { 0x48, 0xfe, 0x14, 0xaa, 0x1c, 0xc2, 0xc6, 0x00 } },
    { 0x8a89, 1, { 0x54, 0xfe, 0x44, 0xba, 0x00, 0x7c, 0x7c, 0x00 } },
    { 0x8a8c, 1, { 0x48, 0xfe, 0x08, 0xdc, 0x00, 0xd2, 0xee, 0x00 } },
    { 0x8a8d, 1, { 0x5e, 0xd6, 0x0a, 0xd6, 0x00, 0xd2, 0xee, 0x00 } },
    { 0x8a91, 1, { 0xae, 0xd4, 0x34, 0x9e, 0x34, 0xd4, 0xee, 0x00 } },
    { 0x8a93, 1, { 0x44, 0xd8, 0x5e, 0xd4, 0x64, 0xfe, 0x38, 0x00 } },
    { 0x8a95, 1, { 0xb2, 0xdc, 0x26, 0x94, 0x3e, 0xd0, 0xee, 0x00 } },
    { 0x8a98, 1, { 0x5c, 0xfe, 0x1c, 0xaa, 0x3c, 0xd6, 0xe2, 0x00 } },
    { 0x8a9a, 1, { 0x54, 0xea, 0x14, 0xdc, 0x14, 0xdc, 0xd4, 0x00 } },
    { 0x8a9e, 1, { 0x5c, 0xc8, 0x3c, 0xd4, 0x3e, 0xd4, 0xdc, 0x00 } },
    { 0x8aa0, 1, { 0x44, 0xfe, 0x24, 0xbc, 0x2e, 0xf4, 0xea, 0x00 } },
    { 0x8aa1, 1, { 0x44, 0xfe, 0x14, 0xbc, 0x16, 0xd4, 0xca, 0x00 } },
    { 0x8aa3, 1, { 0xbe, 0xc8, 0x1c, 0xdc, 0x2a, 0xc8, 0xfe, 0x00 } },
    { 0x8aa4, 1, { 0x46, 0xd6, 0x1c, 0xc4, 0x1e, 0xc0, 0xd2, 0x00 } },
    { 0x8aa5, 1, { 0x58, 0xdc, 0x28, 0xbe, 0x08, 0xdc, 0xdc, 0x00 } },
    { 0x8aa6, 1, { 0x5e, 0xc4, 0x3e, 0xea, 0x3e, 0xea, 0xea, 0x00 } },
    { 0x8aa8, 1, { 0x50, 0xde, 0x2c, 0xcc, 0x36, 0xdc, 0xc4, 0x00 } },
    { 0x8aac, 1, { 0x94, 0xfe, 0x22, 0xbe, 0x14, 0xd4, 0xe6, 0x00 } },
    { 0x8aad, 1, { 0x48, 0xfe, 0x08, 0xbe, 0x22, 0xd4, 0xe6, 0x00 } },
    { 0x8ab0, 1, { 0x54, 0xde, 0x34, 0xde, 0x14, 0xd4, 0xde, 0x00 } },
    { 0x8ab2, 1, { 0xbe, 0xea, 0x3e, 0xc8, 0x3e, 0xdc, 0xea, 0x00 } },
    { 0x8ab9, 1, { 0x54, 0xf6, 0x14, 0xb6, 0x14, 0xf6, 0xd4, 0x00 } },
    { 0x8abc, 1, { 0x44, 0xde, 0x12, 0xcc, 0x0c, 0xcc, 0xde, 0x00 } },
    { 0x8abf, 1, { 0xbe, 0xea, 0x3e, 0xaa, 0x36, 0xfe, 0xe2, 0x00 } },
    { 0x8ac2, 1, { 0x4e, 0xd2, 0x04, 0xd6, 0x12, 0xd6, 0xde, 0x00 } },
    { 0x8ac4, 1, { 0x48, 0xfe, 0x14, 0xdc, 0x04, 0xfe, 0xc8, 0x00 } },
    { 0x8ac7, 1, { 0xaa, 0xd4, 0x22, 0xc8, 0x2a, 0xd4, 0xe2, 0x00 } },
    { 0x8acb, 1, { 0x48, 0xdc, 0x08, 0xbe, 0x14, 0xdc, 0xd4, 0x00 } },
    { 0x8acc, 1, { 0x48, 0xfe, 0x1c, 0xdc, 0x08, 0xdc, 0xea, 0x00 } },
    { 0x8acd, 1, { 0x5c, 0xea, 0x1c, 0xcc, 0x3e, 0xcc, 0xd8, 0x00 } },
    { 0x8acf, 1, { 0xb8, 0xde, 0x1a, 0xda, 0x1c, 0xfa, 0xc8, 0x00 } },
    { 0x8ad2, 1, { 0x48, 0xfe, 0x14, 0xdc, 0x08, 0xea, 0xd8, 0x00 } },
    { 0x8ad6, 1, { 0x48, 0xd4, 0x2e, 0xc0, 0x3e, 0xfe, 0xea, 0x00 } },
    { 0x8ada, 1, { 0x44, 0xfe, 0x2e, 0x84, 0x16, 0xd4, 0xee, 0x00 } },
    { 0x8adb, 1, { 0x50, 0xee, 0x3a, 0xaa, 0x3e, 0xc8, 0xf6, 0x00 } },
    { 0x8adc, 1, { 0xaa, 0xfe, 0x2e, 0xa0, 0x3e, 0xdc, 0xea, 0x00 } },
    { 0x8ade, 1, { 0xbe, 0xd4, 0x1c, 0xd0, 0x1e, 0xde, 0xea, 0x00 } },
    { 0x8ae0, 1, { 0x44, 0xde, 0x16, 0xc0, 0x0c, 0xcc, 0xde, 0x00 } },
    { 0x8ae1, 1, { 0x54, 0xea, 0x0c, 0xc4, 0x1c, 0xdc, 0xfe, 0x00 } },
    { 0x8ae2, 1, { 0xbe, 0xea, 0x3e, 0xdc, 0x1c, 0xfe, 0xc8, 0x00 } },
    { 0x8ae4, 1, { 0x5a, 0xda, 0x0c, 0xde, 0x0c, 0xc2, 0xc6, 0x00 } },
    { 0x8ae6, 1, { 0x48, 0xfe, 0x14, 0xbe, 0x2a, 0xdc, 0xd4, 0x00 } },
    { 0x8ae7, 1, { 0xa4, 0xf6, 0x24, 0xb6, 0x08, 0xdc, 0xdc, 0x00 } },
    { 0x8aeb, 1, { 0x48, 0xfe, 0x1e, 0xde, 0x08, 0xdc, 0xea, 0x00 } },
    { 0x8aed, 1, { 0x48, 0xd4, 0x2e, 0xc0, 0x1a, 0xda, 0xda, 0x00 } },
    { 0x8aee, 1, { 0xa8, 0xce, 0x16, 0xc4, 0x2a, 0xde, 0xde, 0x00 } },
    { 0x8af1, 1, { 0x48, 0xde, 0x0a, 0xbe, 0x14, 0xfe, 0xc4, 0x00 } },
    { 0x8af3, 1, { 0x48, 0xfe, 0x14, 0xbe, 0x00, 0xdc, 0xdc, 0x00 } },
    { 0x8af7, 1, { 0xbe, 0xea, 0x3e, 0xbe, 0x2a, 0xee, 0xda, 0x00 } },
    { 0x8af8, 1, { 0x4a, 0xdc, 0x08, 0xbe, 0x10, 0xee, 0xce, 0x00 } },
    { 0x8afa, 1, { 0x48, 0xfe, 0x14, 0xbe, 0x28, 0xe2, 0xec, 0x00 } },
    { 0x8afe, 1, { 0x94, 0xfe, 0x10, 0xbe, 0x10, 0xee, 0xce, 0x00 } },
    { 0x8b00, 1, { 0x94, 0xfe, 0x14, 0xdc, 0x3e, 0xdc, 0xea, 0x00 } },
    { 0x8b01, 1, { 0x5c, 0xd4, 0x1c, 0xde, 0x32, 0xda, 0xc6, 0x00 } },
    { 0x8b02, 1, { 0xbe, 0xea, 0x3e, 0xbe, 0x14, 0xdc, 0xd4, 0x00 } },
    { 0x8b04, 1, { 0xf6, 0xa4, 0xfe, 0xac, 0xf2, 0xac, 0xac, 0x00 } },
    { 0x8b07, 1, { 0x10, 0xfe, 0xaa, 0x7c, 0xba, 0x7c, 0x7c, 0x00 } },
    { 0x8b0c, 1, { 0x5e, 0xe4, 0x14, 0xde, 0x04, 0xd4, 0xcc, 0x00 } },
    { 0x8b0e, 1, { 0xaa, 0xc4, 0x1e, 0xac, 0x36, 0xe4, 0xfe, 0x00 } },
    { 0x8b10, 1, { 0x48, 0xd2, 0x34, 0xda, 0x2e, 0xdc, 0xfe, 0x00 } },
    { 0x8b14, 1, { 0x44, 0xe6, 0x1c, 0xd6, 0x1e, 0xd8, 0xee, 0x00 } },
    { 0x8b16, 1, { 0x5c, 0xdc, 0x26, 0xcc, 0x14, 0xc8, 0xf6, 0x00 } },
    { 0x8b17, 1, { 0x48, 0xfe, 0x14, 0xbe, 0x2a, 0xcc, 0xd4, 0x00 } },
    { 0x8b19, 1, { 0x94, 0xfe, 0x1c, 0xce, 0x3c, 0xdc, 0xea, 0x00 } },
    { 0x8b1a, 1, { 0x54, 0xe2, 0x1c, 0xd4, 0x22, 0xdc, 0xfe, 0x00 } },
    { 0x8b1b, 1, { 0x94, 0xfe, 0x14, 0xbe, 0x1c, 0xfe, 0xd4, 0x00 } },
    { 0x8b1d, 1, { 0x52, 0xfe, 0x2a, 0xbe, 0x2e, 0xda, 0xea, 0x00 } },
    { 0x8b20, 1, { 0x4c, 0xd4, 0x08, 0xde, 0x24, 0xd6, 0xde, 0x00 } },
    { 0x8b21, 1, { 0x46, 0xda, 0x08, 0xde, 0x08, 0xea, 0xfe, 0x00 } },
    { 0x8b26, 1, { 0x2e, 0xfa, 0x64, 0x8a, 0xfe, 0x44, 0x7c, 0x00 } },
    { 0x8b28, 1, { 0x94, 0xfe, 0x1c, 0xd4, 0x3e, 0xc8, 0xf6, 0x00 } },
    { 0x8b2b, 1, { 0x48, 0xfe, 0x14, 0xbe, 0x2a, 0xf6, 0xfe, 0x00 } },
    { 0x8b2c, 1, { 0xb6, 0xd2, 0x08, 0xd4, 0x2a, 0xc4, 0xd8, 0x00 } },
    { 0x8b33, 1, { 0xbe, 0xec, 0x2c, 0xa0, 0x36, 0xf6, 0xfe, 0x00 } },
    { 0x8b39, 1, { 0x94, 0xfe, 0x14, 0xbe, 0x3e, 0xc8, 0xfe, 0x00 } },
    { 0x8b3e, 1, { 0x5c, 0xd4, 0x3e, 0xbe, 0x14, 0xc8, 0xf6, 0x00 } },
    { 0x8b41, 1, { 0x94, 0xfe, 0x1c, 0xbe, 0x1c, 0xfe, 0xc8, 0x00 } },
    { 0x8b49, 1, { 0xba, 0xd4, 0x22, 0xdc, 0x14, 0xc8, 0xfe, 0x00 } },
    { 0x8b4c, 1, { 0x5c, 0xea, 0x1c, 0xd4, 0x3e, 0xc2, 0xea, 0x00 } },
    { 0x8b4e, 1, { 0x5c, 0xfe, 0x1a, 0xa8, 0x3e, 0xf6, 0xea, 0x00 } },
    { 0x8b4f, 1, { 0x52, 0xe4, 0x12, 0xbc, 0x16, 0xd4, 0xea, 0x00 } },
    { 0x8b56, 1, { 0x54, 0xde, 0x3e, 0x94, 0x2a, 0xdc, 0xdc, 0x00 } },
    { 0x8b58, 1, { 0x56, 0xfc, 0x1e, 0xbc, 0x06, 0xdc, 0xda, 0x00 } },
    { 0x8b5a, 1, { 0xbe, 0xdc, 0x00, 0xdc, 0x14, 0xfe, 0xc8, 0x00 } },
    { 0x8b5b, 1, { 0x94, 0xfe, 0x14, 0xaa, 0x1c, 0xd4, 0xdc, 0x00 } },
    { 0x8b5c, 1, { 0x94, 0xfe, 0x14, 0xb6, 0x14, 0xfe, 0xdc, 0x00 } },
    { 0x8b5f, 1, { 0x5c, 0xd4, 0x3e, 0xaa, 0x3e, 0xdc, 0xea, 0x00 } },
    { 0x8b66, 1, { 0x56, 0xfa, 0x74, 0x9a, 0x30, 0xfe, 0x38, 0x00 } },
    { 0x8b6b, 1, { 0x4c, 0xd4, 0x3e, 0xb6, 0x2c, 0xfe, 0xcc, 0x00 } },
    { 0x8b6c, 1, { 0x64, 0x6e, 0xca, 0x7c, 0x00, 0x7c, 0x7c, 0x00 } },
    { 0x8b6f, 1, { 0xbe, 0xfe, 0x08, 0xbe, 0x14, 0xfe, 0xc8, 0x00 } },
    { 0x8b70, 1, { 0x94, 0xfe, 0x08, 0xbe, 0x16, 0xfc, 0xd2, 0x00 } },
    { 0x8b71, 1, { 0x44, 0xfe, 0x7c, 0xd6, 0x10, 0xd6, 0xd6, 0x00 } },
    { 0x8b72, 1, { 0x48, 0xfe, 0x14, 0xb6, 0x3e, 0xd4, 0xda, 0x00 } },
    { 0x8b74, 1, { 0xa4, 0xde, 0x36, 0x9e, 0x2c, 0xee, 0xfe, 0x00 } },
    { 0x8b77, 1, { 0x94, 0xfe, 0x1c, 0xde, 0x14, 0xc8, 0xf6, 0x00 } },
    { 0x8b7d, 1, { 0x2c, 0x54, 0x5c, 0xfe, 0x44, 0xba, 0x38, 0x00 } },
    { 0x8b80, 1, { 0x48, 0xfe, 0x36, 0xbe, 0x1c, 0xdc, 0xe2, 0x00 } },
    { 0x8b83, 1, { 0x94, 0xfe, 0x14, 0xaa, 0x1c, 0xdc, 0xe2, 0x00 } },
    { 0x8b8a, 1, { 0x54, 0xb8, 0x54, 0x7e, 0xa4, 0x18, 0xe6, 0x00 } },
    { 0x8b8c, 1, { 0x94, 0xfe, 0x1c, 0xd4, 0x3e, 0xc0, 0xea, 0x00 } },
    { 0x8b8e, 1, { 0x52, 0x7c, 0xe6, 0x7c, 0x66, 0x7c, 0x7e, 0x00 } },
    { 0x8b90, 1, { 0x54, 0x76, 0xec, 0x76, 0xfe, 0x44, 0x7c, 0x00 } },
    { 0x8b92, 1, { 0x4c, 0xf6, 0x1e, 0xdc, 0x36, 0xcc, 0xf6, 0x00 } },
    { 0x8b93, 1, { 0x48, 0xfe, 0x36, 0xdc, 0x3e, 0xf4, 0xda, 0x00 } },
    { 0x8b96, 1, { 0xae, 0xd4, 0x3e, 0xd4, 0x3e, 0xd4, 0xfa, 0x00 } },
    { 0x8b99, 1, { 0x94, 0xfe, 0x36, 0xd4, 0x1e, 0xf4, 0xde, 0x00 } },
    { 0x8b9a, 1, { 0xa8, 0xfe, 0x14, 0xaa, 0x1c, 0xdc, 0xe2, 0x00 } },
    { 0x8c37, 1, { 0x28, 0x44, 0x10, 0x28, 0xc6, 0x38, 0x38, 0x00 } },
    { 0x8c3a, 1, { 0x5e, 0x8a, 0x2a, 0x5e, 0x86, 0x7a, 0x76, 0x00 } },
    { 0x8c3f, 1, { 0x6a, 0xd0, 0x24, 0x5a, 0xf0, 0x26, 0xd6, 0x00 } },
    { 0x8c41, 1, { 0x2a, 0xf0, 0xb4, 0x7a, 0x20, 0xf6, 0x76, 0x00 } },
    { 0x8c46, 1, { 0xfe, 0x00, 0x7c, 0x44, 0x7c, 0x28, 0xfe, 0x00 } },
    { 0x8c48, 1, { 0x54, 0x7c, 0x00, 0xfe, 0x44, 0x38, 0xfe, 0x00 } },
    { 0x8c4a, 1, { 0x28, 0x7c, 0x7c, 0xfe, 0x44, 0x38, 0xfe, 0x00 } },
    { 0x8c4c, 1, { 0xe4, 0x1e, 0xf2, 0xae, 0x56, 0xec, 0x16, 0x00 } },
    { 0x8c4e, 1, { 0xee, 0xc4, 0xea, 0xfe, 0x44, 0x38, 0xfe, 0x00 } },
    { 0x8c50, 1, { 0x54, 0x7c, 0x7c, 0xfe, 0x44, 0x38, 0xfe, 0x00 } },
    { 0x8c55, 1, { 0xfe, 0x20, 0x34, 0xd8, 0x2c, 0xca, 0x30, 0x00 } },
    { 0x8c5a, 1, { 0xfe, 0xa8, 0xec, 0xb6, 0xec, 0xb6, 0xac, 0x00 } },
    { 0x8c61, 1, { 0x38, 0xc8, 0x3c, 0x3c, 0xda, 0x2c, 0xda, 0x00 } },
    { 0x8c62, 1, { 0x54, 0x92, 0x38, 0x7c, 0xda, 0x2c, 0xda, 0x00 } },
    { 0x8c6a, 1, { 0x10, 0xfe, 0x44, 0xfe, 0xda, 0x2c, 0xda, 0x00 } },
    { 0x8c6b, 1, { 0xec, 0x34, 0x5c, 0xfc, 0x5a, 0x6c, 0xda, 0x00 } },
    { 0x8c6c, 1, { 0xea, 0x5c, 0xa8, 0x7e, 0xb4, 0x2e, 0xce, 0x00 } },
    { 0x8c78, 1, { 0x08, 0x34, 0x78, 0x14, 0x6c, 0x14, 0x68, 0x00 } },
    { 0x8c79, 1, { 0x28, 0xce, 0x72, 0xaa, 0x66, 0xa2, 0x46, 0x00 } },
    { 0x8c7a, 1, { 0x24, 0xde, 0x64, 0xa6, 0x6c, 0xb4, 0x4c, 0x00 } },
    { 0x8c7c, 1, { 0x34, 0xd4, 0x7e, 0xb4, 0x74, 0xbc, 0x56, 0x00 } },
    { 0x8c82, 1, { 0x2e, 0xc6, 0x6a, 0xa0, 0x6e, 0xaa, 0x4e, 0x00 } },
    { 0x8c85, 1, { 0x34, 0xde, 0x74, 0xbc, 0x7e, 0xb4, 0x54, 0x00 } },
    { 0x8c89, 1, { 0x26, 0xca, 0x64, 0xaa, 0x70, 0xae, 0x4e, 0x00 } },
    { 0x8c8a, 1, { 0x3e, 0xc8, 0x7e, 0xb2, 0x7e, 0xb2, 0x5e, 0x00 } },
    { 0x8c8c, 1, { 0x28, 0xde, 0x72, 0xbe, 0x72, 0xac, 0x56, 0x00 } },
    { 0x8c8d, 1, { 0x3e, 0xd6, 0x7e, 0xb6, 0x7e, 0xa4, 0x5e, 0x00 } },
    { 0x8c8e, 1, { 0x28, 0xd6, 0x7a, 0xb2, 0x7e, 0xac, 0x56, 0x00 } },
    { 0x8c94, 1, { 0x28, 0xde, 0x76, 0xba, 0x7e, 0xb4, 0x5e, 0x00 } },
    { 0x8c98, 1, { 0x2a, 0xde, 0x6e, 0xaa, 0x7e, 0xa4, 0x5a, 0x00 } },
    { 0x8c9d, 1, { 0x7c, 0x44, 0x7c, 0x44, 0x7c, 0x00, 0xc6, 0x00 } },
    { 0x8c9e, 1, { 0x10, 0x1e, 0x7c, 0x44, 0x7c, 0x7c, 0xc6, 0x00 } },
    { 0x8ca0, 1, { 0x38, 0xc8, 0x7c, 0x44, 0x7c, 0x7c, 0xc6, 0x00 } },
    { 0x8ca1, 1, { 0xe4, 0xbe, 0xe4, 0xa6, 0xec, 0x14, 0xac, 0x00 } },
    { 0x8ca2, 1, { 0x7c, 0x10, 0xfe, 0x7c, 0x44, 0x7c, 0xc6, 0x00 } },
    { 0x8ca7, 1, { 0x28, 0x44, 0xfa, 0x28, 0x7c, 0x7c, 0xc6, 0x00 } },
    { 0x8ca8, 1, { 0x28, 0x4e, 0xc8, 0x4e, 0x3c, 0x3c, 0xc6, 0x00 } },
    { 0x8ca9, 1, { 0xee, 0xa8, 0xee, 0xaa, 0xea, 0x14, 0xaa, 0x00 } },
    { 0x8caa, 1, { 0x10, 0x28, 0xfe, 0x08, 0x7c, 0x7c, 0xc6, 0x00 } },
    { 0x8cab, 1, { 0x7c, 0xd6, 0x7c, 0x7c, 0x44, 0x7c, 0xc6, 0x00 } },
    { 0x8cac, 1, { 0x10, 0x7c, 0x10, 0xfe, 0x44, 0x7c, 0xc6, 0x00 } },
    { 0x8cad, 1, { 0x06, 0x78, 0x7e, 0x5c, 0x54, 0x5c, 0xa2, 0x00 } },
    { 0x8cae, 1, { 0x6a, 0x08, 0xfe, 0x68, 0x64, 0x64, 0x92, 0x00 } },
    { 0x8caf, 1, { 0xe4, 0xbe, 0xf2, 0xae, 0xe4, 0x04, 0xac, 0x00 } },
    { 0x8cb0, 1, { 0x54, 0xfe, 0x54, 0x7e, 0x44, 0x7c, 0xc6, 0x00 } },
    { 0x8cb2, 1, { 0x24, 0xb6, 0xa4, 0xfe, 0x44, 0x7c, 0xc6, 0x00 } },
    { 0x8cb3, 1, { 0x0a, 0xfe, 0x68, 0x08, 0x64, 0x64, 0x92, 0x00 } },
    { 0x8cb4, 1, { 0x10, 0x7c, 0x54, 0xfe, 0x44, 0x7c, 0xc6, 0x00 } },
    { 0x8cb6, 1, { 0xee, 0xa4, 0xfe, 0xa2, 0xf4, 0x18, 0xa6, 0x00 } },
    { 0x8cb7, 1, { 0xfe, 0xaa, 0xfe, 0x7c, 0x44, 0x7c, 0xc6, 0x00 } },
    { 0x8cb8, 1, { 0x2a, 0x5e, 0xc4, 0x42, 0x3c, 0x3c, 0xc6, 0x00 } },
    { 0x8cbb, 1, { 0x28, 0xfe, 0x2a, 0xfe, 0xc4, 0x7c, 0xc6, 0x00 } },
    { 0x8cbc, 1, { 0xe8, 0xa8, 0xee, 0xa8, 0xfe, 0x12, 0xbe, 0x00 } },
    { 0x8cbd, 1, { 0xe4, 0xa4, 0xea, 0xbe, 0xe0, 0x0e, 0xae, 0x00 } },
    { 0x8cbf, 1, { 0x2e, 0xc6, 0xea, 0x7c, 0x44, 0x7c, 0xc6, 0x00 } },
    { 0x8cc0, 1, { 0x40, 0xfe, 0x5a, 0xbe, 0x24, 0x3c, 0xc6, 0x00 } },
    { 0x8cc1, 1, { 0x10, 0xfe, 0x54, 0xfe, 0x44, 0x7c, 0xc6, 0x00 } },
    { 0x8cc2, 1, { 0xe6, 0xaa, 0xe4, 0xaa, 0xf0, 0x0e, 0xae, 0x00 } },
    { 0x8cc3, 1, { 0x24, 0x58, 0xfe, 0x48, 0x3c, 0x3c, 0xc6, 0x00 } },
    { 0x8cc4, 1, { 0xe8, 0xbe, 0xe8, 0xae, 0xfa, 0x0e, 0xaa, 0x00 } },
    { 0x8cc7, 1, { 0x90, 0x1e, 0x2a, 0x94, 0x7c, 0x7c, 0xc6, 0x00 } },
    { 0x8cc8, 1, { 0xfe, 0x54, 0x7c, 0x7c, 0x44, 0x7c, 0xc6, 0x00 } },
    { 0x8cca, 1, { 0xc4, 0xfe, 0xd4, 0xfc, 0xd6, 0x04, 0xaa, 0x00 } },
    { 0x8ccd, 1, { 0xe4, 0xbe, 0xf4, 0xbe, 0xf4, 0x14, 0xae, 0x00 } },
    { 0x8cce, 1, { 0xea, 0xbe, 0xe8, 0xbc, 0xea, 0x04, 0xaa, 0x00 } },
    { 0x8cd1, 1, { 0xfe, 0xb0, 0xf6, 0xb0, 0xfe, 0x14, 0xba, 0x00 } },
    { 0x8cd3, 1, { 0x10, 0xfe, 0xba, 0x54, 0x78, 0x38, 0xc6, 0x00 } },
    { 0x8cda, 1, { 0x10, 0xfe, 0x54, 0xaa, 0x7c, 0x7c, 0xc6, 0x00 } },
    { 0x8cdb, 1, { 0x44, 0xee, 0x44, 0xaa, 0x7c, 0x7c, 0xc6, 0x00 } },
    { 0x8cdc, 1, { 0xfe, 0xb2, 0xfe, 0xa8, 0xee, 0x16, 0xaa, 0x00 } },
    { 0x8cde, 1, { 0x54, 0xfe, 0xaa, 0x7c, 0x44, 0x7c, 0xc6, 0x00 } },
    { 0x8ce0, 1, { 0xe4, 0xbe, 0xea, 0xbe, 0xe0, 0x0e, 0xae, 0x00 } },
    { 0x8ce2, 1, { 0xee, 0xca, 0xe4, 0x0a, 0x7c, 0x7c, 0xc6, 0x00 } },
    { 0x8ce3, 1, { 0x10, 0xfe, 0x54, 0x7c, 0x44, 0x7c, 0xc6, 0x00 } },
    { 0x8ce4, 1, { 0xea, 0xbe, 0xe4, 0xaa, 0xfe, 0x04, 0xaa, 0x00 } },
    { 0x8ce6, 1, { 0xf6, 0xc4, 0xfe, 0xd4, 0xdc, 0x34, 0xba, 0x00 } },
    { 0x8cea, 1, { 0x24, 0x48, 0x6e, 0xbc, 0x24, 0x3c, 0xc6, 0x00 } },
    { 0x8ced, 1, { 0xe4, 0xae, 0xe4, 0xbe, 0xe8, 0x16, 0xa6, 0x00 } },
    { 0x8cfa, 1, { 0xd4, 0xfe, 0xdc, 0xce, 0xfc, 0x1c, 0xaa, 0x00 } },
    { 0x8cfb, 1, { 0xea, 0xbe, 0xfc, 0xb4, 0xfe, 0x14, 0xac, 0x00 } },
    { 0x8cfc, 1, { 0xd4, 0xfe, 0xd4, 0xfe, 0xdc, 0x3e, 0x94, 0x00 } },
    { 0x8cfd, 1, { 0x10, 0xfe, 0xaa, 0x7c, 0xc6, 0x7c, 0xc6, 0x00 } },
    { 0x8d04, 1, { 0x28, 0x7c, 0xec, 0x76, 0x3c, 0x3c, 0xc6, 0x00 } },
    { 0x8d05, 1, { 0x26, 0x6a, 0xf4, 0x6a, 0xbc, 0x3c, 0xc6, 0x00 } },
    { 0x8d07, 1, { 0x5a, 0xe4, 0xbe, 0x54, 0xbe, 0x3c, 0xc6, 0x00 } },
    { 0x8d08, 1, { 0xd4, 0xfe, 0xea, 0xfe, 0xdc, 0x14, 0xbc, 0x00 } },
    { 0x8d0a, 1, { 0x6c, 0xfe, 0x6c, 0xb6, 0x7c, 0x7c, 0xc6, 0x00 } },
    { 0x8d0b, 1, { 0x7e, 0x56, 0x6c, 0x6e, 0x5c, 0x5c, 0xa2, 0x00 } },
    { 0x8d0d, 1, { 0xec, 0xb4, 0xfe, 0xb6, 0xfc, 0x1e, 0xac, 0x00 } },
    { 0x8d0f, 1, { 0x10, 0xfe, 0x40, 0x7c, 0x76, 0x76, 0xae, 0x00 } },
    { 0x8d10, 1, { 0xe8, 0xbc, 0xee, 0xbc, 0xea, 0x1c, 0xbe, 0x00 } },
    { 0x8d13, 1, { 0xc4, 0xde, 0xf4, 0xfc, 0xde, 0x34, 0xaa, 0x00 } },
    { 0x8d14, 1, { 0x38, 0x38, 0x44, 0x00, 0x6c, 0x6c, 0x92, 0x00 } },
    { 0x8d16, 1, { 0xe8, 0xbe, 0xf6, 0xbe, 0xfc, 0x1c, 0xa2, 0x00 } },
    { 0x8d64, 1, { 0x10, 0x7c, 0x10, 0xfe, 0x28, 0xaa, 0x58, 0x00 } },
    { 0x8d66, 1, { 0x24, 0x76, 0x2a, 0xfa, 0x5a, 0xd4, 0x5a, 0x00 } },
    { 0x8d67, 1, { 0x2e, 0x7e, 0x28, 0xfe, 0xea, 0x7c, 0xaa, 0x00 } },
    { 0x8d6b, 1, { 0x24, 0x7e, 0x24, 0xfe, 0xec, 0x6e, 0xb4, 0x00 } },
    { 0x8d6d, 1, { 0x24, 0x7e, 0x24, 0xfe, 0xe8, 0x76, 0xa6, 0x00 } },
    { 0x8d70, 1, { 0x10, 0x7c, 0x10, 0xfe, 0x1c, 0x50, 0xbe, 0x00 } },
    { 0x8d71, 1, { 0x10, 0x7c, 0xfe, 0x24, 0x08, 0x50, 0xbe, 0x00 } },
    { 0x8d73, 1, { 0x54, 0xf4, 0x54, 0xf6, 0x5c, 0xc4, 0xbe, 0x00 } },
    { 0x8d74, 1, { 0x24, 0xf4, 0x26, 0xf4, 0x74, 0x60, 0x9e, 0x00 } },
    { 0x8d77, 1, { 0x2e, 0xf2, 0x2e, 0xf8, 0x6e, 0x60, 0x9e, 0x00 } },
    { 0x8d81, 1, { 0x48, 0xd4, 0x6a, 0xd0, 0x44, 0xd8, 0xbe, 0x00 } },
    { 0x8d85, 1, { 0x2e, 0xf6, 0x2a, 0xf0, 0x6e, 0x6a, 0x9e, 0x00 } },
    { 0x8d8a, 1, { 0x44, 0xfe, 0x54, 0xf6, 0x54, 0xda, 0xbe, 0x00 } },
    { 0x8d99, 1, { 0x54, 0xea, 0x5c, 0xf4, 0x5c, 0xd4, 0xbe, 0x00 } },
    { 0x8da3, 1, { 0x58, 0xee, 0x5a, 0xec, 0x5a, 0xc8, 0xbe, 0x00 } },
    { 0x8da8, 1, { 0x48, 0xee, 0x56, 0xe8, 0x4e, 0xd6, 0xbe, 0x00 } },
    { 0x8db3, 1, { 0x7c, 0x44, 0x7c, 0x10, 0x5c, 0x50, 0xbe, 0x00 } },
    { 0x8dba, 1, { 0xe4, 0xae, 0xe4, 0x5e, 0xe4, 0xc4, 0xea, 0x00 } },
    { 0x8dbe, 1, { 0xe4, 0xa4, 0xf6, 0x54, 0xf4, 0xd4, 0xfe, 0x00 } },
    { 0x8dc2, 1, { 0xe4, 0xbe, 0xe4, 0x4e, 0xea, 0xc4, 0xfa, 0x00 } },
    { 0x8dcb, 1, { 0xea, 0xbe, 0xe8, 0x4a, 0xea, 0xd4, 0xea, 0x00 } },
    { 0x8dcc, 1, { 0xec, 0xae, 0xf4, 0x5e, 0xe4, 0xc4, 0xfa, 0x00 } },
    { 0x8dcf, 1, { 0xd0, 0xbe, 0xda, 0x5a, 0xea, 0xce, 0xd8, 0x00 } },
    { 0x8dd6, 1, { 0xfe, 0xa8, 0xe8, 0x4e, 0xfa, 0xca, 0xee, 0x00 } },
    { 0x8dda, 1, { 0xfe, 0xba, 0xda, 0x7e, 0xda, 0xfa, 0xd2, 0x00 } },
    { 0x8ddb, 1, { 0xe4, 0xbe, 0xf6, 0x5e, 0xfa, 0xd4, 0xea, 0x00 } },
    { 0x8ddd, 1, { 0xfe, 0xb0, 0xde, 0x72, 0xde, 0xf0, 0xde, 0x00 } },
    { 0x8ddf, 1, { 0xfe, 0xb2, 0xde, 0x72, 0xde, 0xf4, 0xda, 0x00 } },
    { 0x8de1, 1, { 0xe8, 0xbe, 0xd4, 0x76, 0xf6, 0xd4, 0xec, 0x00 } },
    { 0x8de3, 1, { 0xec, 0xae, 0xf4, 0x5e, 0xec, 0xcc, 0xf6, 0x00 } },
    { 0x8de8, 1, { 0xe4, 0xbe, 0xec, 0x5a, 0xec, 0xc2, 0xe6, 0x00 } },
    { 0x8dea, 1, { 0xec, 0xb4, 0xfe, 0x5e, 0xfa, 0xd8, 0xee, 0x00 } },
    { 0x8deb, 1, { 0xec, 0x4c, 0xf6, 0x38, 0x38, 0x50, 0xbe, 0x00 } },
    { 0x8def, 1, { 0xe6, 0xaa, 0xe4, 0x4a, 0xf0, 0xce, 0xee, 0x00 } },
    { 0x8df3, 1, { 0xf4, 0xb6, 0xf4, 0x56, 0xf4, 0xd4, 0xe6, 0x00 } },
    { 0x8df5, 1, { 0xea, 0xbe, 0xe8, 0x5c, 0xea, 0xe4, 0xda, 0x00 } },
    { 0x8dfc, 1, { 0xfc, 0xb4, 0xfe, 0x52, 0xfa, 0xda, 0xe6, 0x00 } },
    { 0x8dff, 1, { 0xe4, 0xae, 0xe4, 0x5e, 0xe6, 0xd4, 0xee, 0x00 } },
    { 0x8e08, 1, { 0xe8, 0xbe, 0xfa, 0x7e, 0xc8, 0xdc, 0xea, 0x00 } },
    { 0x8e09, 1, { 0xe4, 0xbe, 0xf2, 0x5e, 0xfa, 0xd4, 0xfa, 0x00 } },
    { 0x8e0a, 1, { 0xee, 0xa4, 0xde, 0x76, 0xde, 0xf6, 0xd6, 0x00 } },
    { 0x8e0f, 1, { 0xe8, 0xba, 0xdc, 0x6a, 0xdc, 0xf4, 0xdc, 0x00 } },
    { 0x8e10, 1, { 0xea, 0xbe, 0xe4, 0x4a, 0xfe, 0xc4, 0xea, 0x00 } },
    { 0x8e1d, 1, { 0xfe, 0xea, 0xfe, 0x48, 0xfe, 0xdc, 0xea, 0x00 } },
    { 0x8e1e, 1, { 0xfe, 0xbe, 0xf4, 0x5e, 0xf4, 0xda, 0xee, 0x00 } },
    { 0x8e1f, 1, { 0xe0, 0xbe, 0xd6, 0x7e, 0xd6, 0xd6, 0xe8, 0x00 } },
    { 0x8e2a, 1, { 0xc8, 0xbe, 0xee, 0x40, 0xfe, 0xc8, 0xea, 0x00 } },
    { 0x8e30, 1, { 0xf8, 0xb4, 0xce, 0x60, 0xda, 0xfc, 0xda, 0x00 } },
    { 0x8e34, 1, { 0xee, 0xa4, 0xce, 0x6e, 0xde, 0xea, 0xd6, 0x00 } },
    { 0x8e35, 1, { 0xe4, 0xb8, 0xfe, 0x5c, 0xdc, 0xc8, 0xfe, 0x00 } },
    { 0x8e42, 1, { 0xdc, 0xbe, 0xda, 0x68, 0xfe, 0xdc, 0xea, 0x00 } },
    { 0x8e44, 1, { 0xe8, 0xbe, 0xd4, 0x7e, 0xea, 0xdc, 0xd4, 0x00 } },
    { 0x8e47, 1, { 0x10, 0xfe, 0xaa, 0x7c, 0xba, 0x50, 0xbe, 0x00 } },
    { 0x8e48, 1, { 0xdc, 0xaa, 0xc0, 0x56, 0xe2, 0xf6, 0xfe, 0x00 } },
    { 0x8e49, 1, { 0xd4, 0xbe, 0xc8, 0x7e, 0xde, 0xd4, 0xee, 0x00 } },
    { 0x8e4a, 1, { 0xec, 0xba, 0xc4, 0x6a, 0xde, 0xe4, 0xda, 0x00 } },
    { 0x8e4c, 1, { 0xe4, 0xaa, 0xfc, 0x4c, 0xe8, 0xd6, 0xe6, 0x00 } },
    { 0x8e50, 1, { 0xfa, 0xa4, 0xda, 0x6e, 0xda, 0xce, 0xea, 0x00 } },
    { 0x8e55, 1, { 0xfe, 0xbe, 0xd4, 0x7e, 0xd4, 0xfe, 0xc8, 0x00 } },
    { 0x8e59, 1, { 0x04, 0x7e, 0x54, 0x7c, 0xba, 0x50, 0xbe, 0x00 } },
    { 0x8e5f, 1, { 0xe8, 0xbc, 0xc8, 0x7e, 0xdc, 0xdc, 0xe2, 0x00 } },
    { 0x8e60, 1, { 0xe8, 0xbe, 0xf4, 0x7e, 0xec, 0xc0, 0xea, 0x00 } },
    { 0x8e63, 1, { 0xd4, 0xbe, 0xd4, 0x7e, 0xfe, 0xfe, 0xea, 0x00 } },
    { 0x8e64, 1, { 0xf4, 0xaa, 0xf0, 0x54, 0xf6, 0xdc, 0xf6, 0x00 } },
    { 0x8e72, 1, { 0xd4, 0xa2, 0xfe, 0x76, 0xfe, 0xd4, 0xcc, 0x00 } },
    { 0x8e74, 1, { 0xd6, 0xbc, 0xee, 0x7c, 0xd4, 0xfc, 0xd2, 0x00 } },
    { 0x8e76, 1, { 0xfe, 0xa8, 0xf6, 0x6e, 0xf4, 0xd4, 0xea, 0x00 } },
    { 0x8e7c, 1, { 0xea, 0xbe, 0xd4, 0x7e, 0xdc, 0xc8, 0xf6, 0x00 } },
    { 0x8e81, 1, { 0xdc, 0xd4, 0xfe, 0x6a, 0xfe, 0xdc, 0xea, 0x00 } },
    { 0x8e84, 1, { 0x64, 0x6e, 0xca, 0x7c, 0x3c, 0x50, 0xbe, 0x00 } },
    { 0x8e85, 1, { 0xfe, 0xea, 0xde, 0x62, 0xda, 0xde, 0xfa, 0x00 } },
    { 0x8e87, 1, { 0xd4, 0xbe, 0xdc, 0x4c, 0xfe, 0xdc, 0xec, 0x00 } },
    { 0x8e8a, 1, { 0xe8, 0xbc, 0xfe, 0x48, 0xfe, 0xf4, 0xcc, 0x00 } },
    { 0x8e8b, 1, { 0xe8, 0xbe, 0xd4, 0x6a, 0xd4, 0xdc, 0xe4, 0x00 } },
    { 0x8e8d, 1, { 0xee, 0xa6, 0xee, 0x44, 0xee, 0xdc, 0xee, 0x00 } },
    { 0x8e91, 1, { 0xd6, 0xae, 0xc4, 0x7e, 0xfe, 0xd4, 0xec, 0x00 } },
    { 0x8e93, 1, { 0xd2, 0xa4, 0xf6, 0x5c, 0xdc, 0xdc, 0xe2, 0x00 } },
    { 0x8e94, 1, { 0xc8, 0xbe, 0xec, 0x7e, 0xf6, 0xe8, 0xde, 0x00 } },
    { 0x8e99, 1, { 0xf6, 0xb6, 0xea, 0x6e, 0xfe, 0xee, 0xe2, 0x00 } },
    { 0x8ea1, 1, { 0xfe, 0xac, 0xfe, 0x44, 0xf6, 0xfe, 0xd2, 0x00 } },
    { 0x8eaa, 1, { 0xd4, 0xbe, 0xf6, 0x6a, 0xfe, 0xee, 0xe2, 0x00 } },
    { 0x8eab, 1, { 0x10, 0x3c, 0x24, 0x3e, 0xfc, 0x14, 0x6c, 0x00 } },
    { 0x8eac, 1, { 0x2e, 0x72, 0x5e, 0x78, 0xde, 0x32, 0xd6, 0x00 } },
    { 0x8eaf, 1, { 0x2e, 0x78, 0x5a, 0x7c, 0xda, 0x38, 0xde, 0x00 } },
    { 0x8eb0, 1, { 0x44, 0xfe, 0xa4, 0xec, 0xb6, 0x6c, 0xa4, 0x00 } },
    { 0x8eb1, 1, { 0x5c, 0xea, 0xb6, 0xe8, 0xbe, 0x7c, 0xaa, 0x00 } },
    { 0x8ebe, 1, { 0x4a, 0xfe, 0xae, 0xe4, 0xbe, 0x64, 0xaa, 0x00 } },
    { 0x8ec5, 1, { 0x5e, 0xf4, 0xb6, 0xfc, 0xbe, 0x7c, 0xae, 0x00 } },
    { 0x8ec6, 1, { 0x2a, 0x7e, 0x5e, 0x7e, 0xda, 0x34, 0xde, 0x00 } },
    { 0x8ec8, 1, { 0x44, 0xfe, 0xbc, 0xfe, 0xb0, 0x7a, 0xb6, 0x00 } },
    { 0x8eca, 1, { 0x10, 0xfe, 0x54, 0x7c, 0x54, 0xfe, 0x10, 0x00 } },
    { 0x8ecb, 1, { 0xe8, 0x48, 0xe8, 0xe8, 0x48, 0xea, 0x4e, 0x00 } },
    { 0x8ecc, 1, { 0xd0, 0x7c, 0xd4, 0xd4, 0x54, 0xd4, 0x66, 0x00 } },
    { 0x8ecd, 1, { 0xfe, 0x92, 0xfe, 0x7c, 0x54, 0xfe, 0x10, 0x00 } },
    { 0x8ed2, 1, { 0xee, 0x44, 0xe4, 0xfe, 0x44, 0xe4, 0x44, 0x00 } },
    { 0x8edb, 1, { 0xfe, 0x50, 0xfe, 0xfa, 0x5a, 0xe8, 0x4e, 0x00 } },
    { 0x8edf, 1, { 0xe8, 0x4e, 0xf6, 0xe4, 0x44, 0xe4, 0x5a, 0x00 } },
    { 0x8ee2, 1, { 0xee, 0x40, 0xfe, 0xe4, 0x44, 0xea, 0x5e, 0x00 } },
    { 0x8ee3, 1, { 0x10, 0xfe, 0x54, 0xfe, 0x44, 0x28, 0xc6, 0x00 } },
    { 0x8eeb, 1, { 0xe8, 0x54, 0xea, 0xe4, 0x4a, 0xe4, 0x58, 0x00 } },
    { 0x8ef8, 1, { 0xe4, 0x5e, 0xf6, 0xfe, 0x56, 0xf6, 0x5e, 0x00 } },
    { 0x8efb, 1, { 0xfe, 0x42, 0xfe, 0xf6, 0x5e, 0xe2, 0x46, 0x00 } },
    { 0x8efc, 1, { 0xd8, 0x5c, 0xe8, 0xfe, 0x48, 0xd4, 0x62, 0x00 } },
    { 0x8efd, 1, { 0xfc, 0x54, 0xc8, 0xf6, 0x5c, 0xc8, 0x7e, 0x00 } },
    { 0x8efe, 1, { 0xe6, 0x44, 0xfe, 0xe4, 0x5c, 0xec, 0x5a, 0x00 } },
    { 0x8f03, 1, { 0xc8, 0x7e, 0xd4, 0xe2, 0x54, 0xc8, 0x76, 0x00 } },
    { 0x8f05, 1, { 0xcc, 0x54, 0xc8, 0xd4, 0x62, 0xdc, 0x5c, 0x00 } },
    { 0x8f09, 1, { 0x28, 0x7a, 0x28, 0xfe, 0x66, 0xf4, 0x2a, 0x00 } },
    { 0x8f0a, 1, { 0xfe, 0x54, 0xfa, 0xc8, 0x5c, 0xc8, 0x7e, 0x00 } },
    { 0x8f0c, 1, { 0xfe, 0x48, 0xfe, 0xea, 0x7e, 0xfe, 0x62, 0x00 } },
    { 0x8f12, 1, { 0xfe, 0x54, 0xdc, 0xdc, 0x54, 0xfc, 0x4e, 0x00 } },
    { 0x8f13, 1, { 0xcc, 0x54, 0xfe, 0xea, 0x7e, 0xd4, 0x66, 0x00 } },
    { 0x8f14, 1, { 0xca, 0x7e, 0xc8, 0xfe, 0x6a, 0xfe, 0x6a, 0x00 } },
    { 0x8f15, 1, { 0xfe, 0x4a, 0xf4, 0xea, 0x5e, 0xe4, 0x5e, 0x00 } },
    { 0x8f19, 1, { 0xf8, 0x5e, 0xda, 0xda, 0x5c, 0xfa, 0x48, 0x00 } },
    { 0x8f1b, 1, { 0xfe, 0x48, 0xfe, 0xea, 0x7e, 0xfe, 0x6a, 0x00 } },
    { 0x8f1c, 1, { 0xea, 0x54, 0xea, 0xfe, 0x5e, 0xf6, 0x5e, 0x00 } },
    { 0x8f1d, 1, { 0x3e, 0xb6, 0x3e, 0xec, 0x6c, 0x7e, 0x84, 0x00 } },
    { 0x8f1f, 1, { 0xfe, 0x54, 0xea, 0xfe, 0x6a, 0xd4, 0x6a, 0x00 } },
    { 0x8f26, 1, { 0x44, 0xee, 0x44, 0xaa, 0x7c, 0xfe, 0x10, 0x00 } },
    { 0x8f29, 1, { 0x28, 0xee, 0x28, 0xfe, 0x54, 0xfe, 0x10, 0x00 } },
    { 0x8f2a, 1, { 0xe8, 0x54, 0xee, 0xe0, 0x5e, 0xfe, 0x56, 0x00 } },
    { 0x8f2f, 1, { 0xdc, 0x54, 0xfe, 0xdc, 0x54, 0xfe, 0x44, 0x00 } },
    { 0x8f33, 1, { 0xc8, 0x7e, 0xdc, 0xfe, 0x6a, 0xc8, 0x54, 0x00 } },
    { 0x8f38, 1, { 0xe8, 0x54, 0xee, 0xe0, 0x5a, 0xfa, 0x5a, 0x00 } },
    { 0x8f39, 1, { 0xf0, 0x5e, 0xec, 0xec, 0x54, 0xc8, 0x76, 0x00 } },
    { 0x8f3b, 1, { 0xfe, 0x4c, 0xec, 0xe0, 0x5e, 0xf6, 0x5e, 0x00 } },
    { 0x8f3e, 1, { 0xfe, 0x62, 0xfe, 0xec, 0x7e, 0xf4, 0x5a, 0x00 } },
    { 0x8f3f, 1, { 0x56, 0xba, 0xd6, 0xba, 0xfe, 0x00, 0xc6, 0x00 } },
    { 0x8f42, 1, { 0x2e, 0xfa, 0x70, 0xfe, 0x6a, 0xf4, 0x2a, 0x00 } },
    { 0x8f44, 1, { 0xc8, 0x7e, 0xea, 0xdc, 0x48, 0xfe, 0x5c, 0x00 } },
    { 0x8f45, 1, { 0xe8, 0x5c, 0xfe, 0xf2, 0x5e, 0xf4, 0x5a, 0x00 } },
    { 0x8f46, 1, { 0xc8, 0x7e, 0xec, 0xfe, 0x7e, 0xe4, 0x76, 0x00 } },
    { 0x8f49, 1, { 0xc8, 0x7e, 0xdc, 0xda, 0x7e, 0xd4, 0x4c, 0x00 } },
    { 0x8f4c, 1, { 0xec, 0x5e, 0xf6, 0xe0, 0x4c, 0xe6, 0x4c, 0x00 } },
    { 0x8f4d, 1, { 0xd4, 0x7e, 0xd6, 0xe6, 0x5e, 0xdc, 0x5a, 0x00 } },
    { 0x8f4e, 1, { 0xdc, 0x7e, 0xd4, 0xea, 0x7e, 0xe2, 0x6a, 0x00 } },
    { 0x8f57, 1, { 0xc4, 0x7e, 0xf4, 0xf2, 0x40, 0xf2, 0x6e, 0x00 } },
    { 0x8f5c, 1, { 0xdc, 0x7e, 0xea, 0xdc, 0x48, 0xfe, 0x6a, 0x00 } },
    { 0x8f5f, 1, { 0x10, 0x7c, 0x38, 0xfe, 0x6c, 0xfe, 0x24, 0x00 } },
    { 0x8f61, 1, { 0x54, 0xb8, 0x54, 0xee, 0x54, 0x7c, 0x7c, 0x00 } },
    { 0x8f62, 1, { 0xda, 0x6c, 0xda, 0xec, 0x7e, 0xdc, 0x6a, 0x00 } },
    { 0x8f63, 1, { 0xfe, 0x74, 0xfe, 0xf4, 0x60, 0xd4, 0x7e, 0x00 } },
    { 0x8f64, 1, { 0xe4, 0x46, 0xfc, 0xf6, 0x50, 0xec, 0x5e, 0x00 } },
    { 0x8f9b, 1, { 0x10, 0x7c, 0x28, 0xfe, 0x10, 0x7c, 0x10, 0x00 } },
    { 0x8f9c, 1, { 0x10, 0xfe, 0x38, 0x6c, 0xfe, 0x7c, 0x10, 0x00 } },
    { 0x8f9e, 1, { 0x24, 0xde, 0xea, 0x5e, 0xe4, 0xbe, 0xe4, 0x00 } },
    { 0x8f9f, 1, { 0x64, 0x7e, 0x6a, 0x5e, 0xe4, 0x7e, 0x64, 0x00 } },
    { 0x8fa3, 1, { 0x48, 0xfe, 0xba, 0x7e, 0xe8, 0x5c, 0xaa, 0x00 } },
    { 0x8fa7, 1, { 0x44, 0xfe, 0xba, 0x5c, 0xfe, 0x5c, 0xac, 0x00 } },
    { 0x8fa8, 1, { 0x54, 0xfe, 0xba, 0x54, 0xfe, 0x54, 0xa4, 0x00 } },
    { 0x8fad, 1, { 0x74, 0xae, 0x7a, 0x1e, 0xf4, 0xbe, 0xd4, 0x00 } },
    { 0x8fae, 1, { 0x54, 0xee, 0xba, 0x6c, 0xd6, 0x7c, 0x94, 0x00 } },
    { 0x8faf, 1, { 0x54, 0xfe, 0xca, 0x7e, 0xc4, 0x7e, 0xb4, 0x00 } },
    { 0x8fb0, 1, { 0x7e, 0x40, 0x5c, 0x40, 0x7e, 0x68, 0xb6, 0x00 } },
    { 0x8fb1, 1, { 0x7e, 0x5c, 0x7e, 0xa8, 0xfe, 0x28, 0x18, 0x00 } },
    { 0x8fb2, 1, { 0x28, 0x7c, 0x7c, 0x00, 0x7e, 0x68, 0xb6, 0x00 } },
    { 0x8fb7, 1, { 0x80, 0x00, 0xbe, 0x00, 0xc0, 0x40, 0xbe, 0x00 } },
    { 0x8fba, 1, { 0xbe, 0x4a, 0x0a, 0xd2, 0x66, 0x40, 0xbe, 0x00 } },
    { 0x8fbb, 1, { 0x88, 0x08, 0x3e, 0xc8, 0x48, 0x48, 0xbe, 0x00 } },
    { 0x8fbc, 1, { 0x98, 0x48, 0x08, 0xd4, 0x62, 0x40, 0xbe, 0x00 } },
    { 0x8fbf, 1, { 0x88, 0x2a, 0x2a, 0xea, 0x7e, 0x40, 0xbe, 0x00 } },
    { 0x8fc2, 1, { 0x9c, 0x08, 0x3e, 0xc8, 0x48, 0x58, 0xbe, 0x00 } },
    { 0x8fc4, 1, { 0x90, 0x1e, 0x2c, 0xc8, 0x52, 0x4e, 0xbe, 0x00 } },
    { 0x8fc5, 1, { 0xbc, 0x14, 0x3c, 0xd4, 0x52, 0x40, 0xbe, 0x00 } },
    { 0x8fce, 1, { 0x90, 0x2e, 0x2a, 0xea, 0x7a, 0x48, 0xbe, 0x00 } },
    { 0x8fd1, 1, { 0x84, 0x58, 0x10, 0xde, 0x54, 0x64, 0xbe, 0x00 } },
    { 0x8fd4, 1, { 0x9e, 0x50, 0x1e, 0xda, 0x54, 0x6a, 0xbe, 0x00 } },
    { 0x8fda, 1, { 0x88, 0x3e, 0xaa, 0x3e, 0xc8, 0x48, 0xbe, 0x00 } },
    { 0x8fe2, 1, { 0xbe, 0x0a, 0xb2, 0x1e, 0xd2, 0x5e, 0xbe, 0x00 } },
    { 0x8fe5, 1, { 0xbe, 0x22, 0xba, 0x3a, 0xe2, 0x66, 0xbe, 0x00 } },
    { 0x8fe6, 1, { 0x90, 0x3e, 0x1a, 0xda, 0x6e, 0x40, 0xbe, 0x00 } },
    { 0x8fe9, 1, { 0x90, 0x1e, 0x24, 0xd4, 0x66, 0x4c, 0xbe, 0x00 } },
    { 0x8fea, 1, { 0x88, 0x3e, 0xaa, 0x3e, 0xea, 0x7e, 0xbe, 0x00 } },
    { 0x8feb, 1, { 0x88, 0x5e, 0x12, 0xde, 0x52, 0x5e, 0xbe, 0x00 } },
    { 0x8fed, 1, { 0x8c, 0x4e, 0x14, 0xde, 0x44, 0x5a, 0xbe, 0x00 } },
    { 0x8fef, 1, { 0x94, 0x1c, 0xae, 0x1c, 0xd4, 0x64, 0xbe, 0x00 } },
    { 0x8ff0, 1, { 0x8a, 0x3e, 0x08, 0xea, 0x6a, 0x48, 0xbe, 0x00 } },
    { 0x8ff4, 1, { 0xbe, 0x22, 0xbe, 0x36, 0xfe, 0x62, 0xbe, 0x00 } },
    { 0x8ff7, 1, { 0xaa, 0x08, 0x3e, 0xdc, 0x6a, 0x48, 0xbe, 0x00 } },
    { 0x8ff8, 1, { 0x94, 0x00, 0xbe, 0x14, 0xfe, 0x54, 0xbe, 0x00 } },
    { 0x8ff9, 1, { 0x88, 0x3e, 0x94, 0x36, 0xd4, 0x6c, 0xbe, 0x00 } },
    { 0x8ffa, 1, { 0xbe, 0x14, 0xbe, 0x36, 0xe2, 0x7e, 0xbe, 0x00 } },
    { 0x8ffd, 1, { 0x88, 0x5e, 0x1e, 0xd0, 0x5e, 0x52, 0xbe, 0x00 } },
    { 0x9000, 1, { 0x9e, 0x52, 0x1e, 0xd2, 0x5c, 0x56, 0xbe, 0x00 } },
    { 0x9001, 1, { 0x94, 0x3e, 0x08, 0xdc, 0x48, 0x54, 0xbe, 0x00 } },
    { 0x9003, 1, { 0x94, 0x36, 0x14, 0xf6, 0x54, 0x66, 0xbe, 0x00 } },
    { 0x9005, 1, { 0x82, 0x1c, 0x90, 0x1e, 0xd0, 0x66, 0xbe, 0x00 } },
    { 0x9006, 1, { 0x94, 0x3e, 0x08, 0xea, 0x7e, 0x50, 0xbe, 0x00 } },
    { 0x900b, 1, { 0x8a, 0x3e, 0x88, 0x1e, 0xde, 0x5a, 0xbe, 0x00 } },
    { 0x900d, 1, { 0x94, 0x2a, 0x9c, 0x14, 0xdc, 0x54, 0xbe, 0x00 } },
    { 0x900e, 1, { 0xbe, 0x14, 0xbe, 0x36, 0xe2, 0x7e, 0xbe, 0x00 } },
    { 0x900f, 1, { 0x9c, 0x3e, 0x1c, 0xea, 0x4c, 0x54, 0xbe, 0x00 } },
    { 0x9010, 1, { 0xbe, 0x50, 0x1a, 0xec, 0x5a, 0x68, 0xbe, 0x00 } },
    { 0x9011, 1, { 0x8a, 0x3e, 0x88, 0x2a, 0xdc, 0x6a, 0xbe, 0x00 } },
    { 0x9013, 1, { 0x82, 0x5c, 0x14, 0xde, 0x56, 0x64, 0xbe, 0x00 } },
    { 0x9014, 1, { 0x88, 0x14, 0x3e, 0xc8, 0x6a, 0x58, 0xbe, 0x00 } },
    { 0x9015, 1, { 0x9e, 0x0a, 0x94, 0x1e, 0xc4, 0x5e, 0xbe, 0x00 } },
    { 0x9016, 1, { 0xac, 0x34, 0x9e, 0x34, 0xd4, 0x6a, 0xbe, 0x00 } },
    { 0x9017, 1, { 0x9e, 0x40, 0x1e, 0xd2, 0x4c, 0x5e, 0xbe, 0x00 } },
    { 0x9019, 1, { 0x8c, 0x5e, 0x00, 0xcc, 0x40, 0x5e, 0xbe, 0x00 } },
    { 0x901a, 1, { 0xbe, 0x04, 0x3e, 0xea, 0x7e, 0x6a, 0xbe, 0x00 } },
    { 0x901d, 1, { 0x92, 0x3c, 0x16, 0xd6, 0x7a, 0x52, 0xbe, 0x00 } },
    { 0x901e, 1, { 0x9c, 0x14, 0xbe, 0x1c, 0xc8, 0x5c, 0xbe, 0x00 } },
    { 0x901f, 1, { 0x88, 0x7e, 0x2a, 0xfe, 0x5c, 0x6a, 0xbe, 0x00 } },
    { 0x9020, 1, { 0x98, 0x1c, 0x28, 0xfe, 0x54, 0x5c, 0xbe, 0x00 } },
    { 0x9021, 1, { 0x92, 0x3e, 0x94, 0x26, 0xcc, 0x5a, 0xbe, 0x00 } },
    { 0x9022, 1, { 0x8c, 0x34, 0x1a, 0xc8, 0x7e, 0x48, 0xbe, 0x00 } },
    { 0x9023, 1, { 0x88, 0x3e, 0x1c, 0xdc, 0x7e, 0x48, 0xbe, 0x00 } },
    { 0x9027, 1, { 0x94, 0x22, 0x88, 0x14, 0xee, 0x4c, 0xbe, 0x00 } },
    { 0x902e, 1, { 0x88, 0x3c, 0x1c, 0xea, 0x5c, 0x6a, 0xbe, 0x00 } },
    { 0x9031, 1, { 0xbe, 0x2a, 0x3e, 0xea, 0x76, 0x5e, 0xbe, 0x00 } },
    { 0x9032, 1, { 0x94, 0x1e, 0x34, 0xde, 0x54, 0x5e, 0xbe, 0x00 } },
    { 0x9035, 1, { 0x88, 0x1c, 0xbe, 0x16, 0xe8, 0x5e, 0xbe, 0x00 } },
    { 0x9036, 1, { 0x9c, 0x3e, 0x9c, 0x2a, 0xdc, 0x7a, 0xbe, 0x00 } },
    { 0x9038, 1, { 0x8c, 0x34, 0x1e, 0xda, 0x4c, 0x56, 0xbe, 0x00 } },
    { 0x9039, 1, { 0x88, 0x1c, 0xbe, 0x14, 0xfe, 0x48, 0xbe, 0x00 } },
    { 0x903c, 1, { 0xbe, 0x54, 0x1c, 0xc0, 0x7e, 0x6a, 0xbe, 0x00 } },
    { 0x903e, 1, { 0xb8, 0x14, 0xae, 0x00, 0xda, 0x5c, 0xbe, 0x00 } },
    { 0x9041, 1, { 0x82, 0x5c, 0x1e, 0xd4, 0x6e, 0x4e, 0xbe, 0x00 } },
    { 0x9042, 1, { 0x94, 0x3e, 0x08, 0xda, 0x6c, 0x5a, 0xbe, 0x00 } },
    { 0x9045, 1, { 0x9e, 0x5e, 0x10, 0xda, 0x5e, 0x64, 0xbe, 0x00 } },
    { 0x9047, 1, { 0x9c, 0x5c, 0x08, 0xfe, 0x6e, 0x7a, 0xbe, 0x00 } },
    { 0x9049, 1, { 0x88, 0x0e, 0x9c, 0x1c, 0xdc, 0x62, 0xbe, 0x00 } },
    { 0x904a, 1, { 0x94, 0x3e, 0x16, 0xda, 0x6e, 0x54, 0xbe, 0x00 } },
    { 0x904b, 1, { 0xbe, 0x2a, 0x1c, 0xdc, 0x7e, 0x48, 0xbe, 0x00 } },
    { 0x904d, 1, { 0xbe, 0x5c, 0x10, 0xde, 0x6e, 0x4a, 0xbe, 0x00 } },
    { 0x904e, 1, { 0x8e, 0x4a, 0x0a, 0xde, 0x52, 0x5a, 0xbe, 0x00 } },
    { 0x904f, 1, { 0x9c, 0x14, 0x9e, 0x32, 0xda, 0x46, 0xbe, 0x00 } },
    { 0x9050, 1, { 0xb6, 0x32, 0xae, 0x3a, 0xe4, 0x6a, 0xbe, 0x00 } },
    { 0x9051, 1, { 0x88, 0x1c, 0x94, 0x3e, 0xc8, 0x5c, 0xbe, 0x00 } },
    { 0x9052, 1, { 0x94, 0x22, 0x9c, 0x3e, 0xf6, 0x62, 0xbe, 0x00 } },
    { 0x9053, 1, { 0x94, 0x3e, 0x08, 0xd4, 0x5c, 0x54, 0xbe, 0x00 } },
    { 0x9054, 1, { 0x88, 0x1c, 0x3e, 0xd4, 0x7e, 0x48, 0xbe, 0x00 } },
    { 0x9055, 1, { 0x9e, 0x0a, 0x3e, 0xd4, 0x7e, 0x44, 0xbe, 0x00 } },
    { 0x9056, 1, { 0x88, 0x3e, 0x88, 0x3e, 0xf6, 0x6a, 0xbe, 0x00 } },
    { 0x9058, 1, { 0x94, 0x3e, 0x94, 0x3e, 0xdc, 0x7e, 0xbe, 0x00 } },
    { 0x9059, 1, { 0x8c, 0x34, 0x88, 0x1e, 0xe4, 0x56, 0xbe, 0x00 } },
    { 0x905c, 1, { 0xbe, 0x14, 0x28, 0xe4, 0x5e, 0x74, 0xbe, 0x00 } },
    { 0x905e, 1, { 0xbe, 0x26, 0xbc, 0x36, 0xec, 0x56, 0xbe, 0x00 } },
    { 0x9060, 1, { 0x88, 0x1c, 0x3e, 0xd4, 0x5c, 0x6a, 0xbe, 0x00 } },
    { 0x9061, 1, { 0xae, 0x7a, 0x3e, 0xda, 0x6a, 0x40, 0xbe, 0x00 } },
    { 0x9063, 1, { 0x88, 0x3e, 0x2a, 0xfe, 0x5c, 0x5e, 0xbe, 0x00 } },
    { 0x9065, 1, { 0x86, 0x3a, 0x08, 0xfe, 0x48, 0x6a, 0xbe, 0x00 } },
    { 0x9068, 1, { 0x94, 0x36, 0xba, 0x1a, 0xec, 0x5a, 0xbe, 0x00 } },
    { 0x9069, 1, { 0x88, 0x3e, 0x14, 0xfe, 0x6a, 0x76, 0xbe, 0x00 } },
    { 0x906d, 1, { 0x94, 0x3e, 0x14, 0xfe, 0x7e, 0x54, 0xbe, 0x00 } },
    { 0x906e, 1, { 0x88, 0x3e, 0x2c, 0xfe, 0x40, 0x6a, 0xbe, 0x00 } },
    { 0x906f, 1, { 0xbe, 0x2c, 0xba, 0x2c, 0xfe, 0x6c, 0xbe, 0x00 } },
    { 0x9072, 1, { 0xbe, 0x3e, 0xb6, 0x2c, 0xfe, 0x64, 0xbe, 0x00 } },
    { 0x9075, 1, { 0x94, 0x7e, 0x36, 0xe2, 0x7e, 0x4c, 0xbe, 0x00 } },
    { 0x9076, 1, { 0x88, 0x1c, 0xbe, 0x3e, 0xd4, 0x66, 0xbe, 0x00 } },
    { 0x9077, 1, { 0xbe, 0x5c, 0x1c, 0xea, 0x50, 0x5c, 0xbe, 0x00 } },
    { 0x9078, 1, { 0xb6, 0x12, 0x24, 0xf6, 0x5c, 0x62, 0xbe, 0x00 } },
    { 0x907a, 1, { 0x88, 0x3e, 0x2a, 0xfe, 0x5c, 0x62, 0xbe, 0x00 } },
    { 0x907c, 1, { 0x88, 0x3e, 0x14, 0xfe, 0x54, 0x6a, 0xbe, 0x00 } },
    { 0x907d, 1, { 0x88, 0x0e, 0xb8, 0x3e, 0xec, 0x5a, 0xbe, 0x00 } },
    { 0x907f, 1, { 0xb4, 0x3e, 0x2a, 0xf4, 0x7e, 0x44, 0xbe, 0x00 } },
    { 0x9080, 1, { 0x94, 0x36, 0xba, 0x1a, 0xec, 0x5a, 0xbe, 0x00 } },
    { 0x9081, 1, { 0x94, 0x3e, 0x94, 0x3e, 0xee, 0x7a, 0xbe, 0x00 } },
    { 0x9082, 1, { 0x9e, 0x2a, 0x98, 0x1a, 0xde, 0x6a, 0xbe, 0x00 } },
    { 0x9083, 1, { 0x88, 0x3e, 0xb6, 0x08, 0xd6, 0x6c, 0xbe, 0x00 } },
    { 0x9084, 1, { 0xbe, 0x3e, 0x14, 0xdc, 0x6a, 0x48, 0xbe, 0x00 } },
    { 0x9087, 1, { 0xbe, 0x1a, 0xbe, 0x16, 0xda, 0x56, 0xbe, 0x00 } },
    { 0x9089, 1, { 0x88, 0x14, 0x9c, 0x3e, 0xea, 0x54, 0xbe, 0x00 } },
    { 0x908a, 1, { 0x88, 0x14, 0x9c, 0x3e, 0xee, 0x54, 0xbe, 0x00 } },
    { 0x908f, 1, { 0xbe, 0x3e, 0xa4, 0x16, 0xfc, 0x56, 0xbe, 0x00 } },
    { 0x9091, 1, { 0x78, 0x48, 0xfc, 0x94, 0xfc, 0x82, 0x7e, 0x00 } },
    { 0x90a3, 1, { 0xf6, 0x56, 0xf4, 0x56, 0xf6, 0x54, 0xb4, 0x00 } },
    { 0x90a6, 1, { 0x2e, 0xfa, 0x2c, 0xfa, 0x2a, 0xfc, 0x48, 0x00 } },
    { 0x90a8, 1, { 0x4e, 0xfa, 0x4c, 0xda, 0xfa, 0x4c, 0x68, 0x00 } },
    { 0x90aa, 1, { 0xfe, 0xaa, 0xac, 0xfa, 0x6a, 0xac, 0x68, 0x00 } },
    { 0x90af, 1, { 0x56, 0xfe, 0x54, 0x76, 0x56, 0x54, 0x74, 0x00 } },
    { 0x90b1, 1, { 0x16, 0x66, 0x44, 0x7e, 0x56, 0x5c, 0xe4, 0x00 } },
    { 0x90b5, 1, { 0xf6, 0x56, 0x94, 0x36, 0xf6, 0x94, 0xf4, 0x00 } },
    { 0x90b8, 1, { 0x16, 0xe6, 0xa4, 0xf6, 0xa6, 0x94, 0xec, 0x00 } },
    { 0x90c1, 1, { 0x4e, 0xfa, 0x4c, 0x7a, 0xda, 0x7c, 0x58, 0x00 } },
    { 0x90ca, 1, { 0x2e, 0xfa, 0x5c, 0x8a, 0x5a, 0x2c, 0xd8, 0x00 } },
    { 0x90ce, 1, { 0x4e, 0xea, 0xac, 0xea, 0x8a, 0xac, 0xe8, 0x00 } },
    { 0x90db, 1, { 0x76, 0xae, 0x04, 0x76, 0x16, 0xfc, 0x24, 0x00 } },
    { 0x90e1, 1, { 0xf6, 0x56, 0xfc, 0x56, 0x66, 0xf4, 0x74, 0x00 } },
    { 0x90e2, 1, { 0x76, 0x56, 0xfc, 0x26, 0x76, 0x3c, 0xe4, 0x00 } },
    { 0x90e4, 1, { 0x5e, 0x8a, 0x2c, 0x5a, 0x8a, 0x6c, 0x68, 0x00 } },
    { 0x90e8, 1, { 0x2e, 0xfa, 0x5c, 0xfa, 0x0a, 0x6c, 0x68, 0x00 } },
    { 0x90ed, 1, { 0x2e, 0xfa, 0x5c, 0x7a, 0x3a, 0xec, 0x28, 0x00 } },
    { 0x90f5, 1, { 0x7e, 0x2a, 0xfc, 0x6a, 0xfa, 0x2c, 0xf8, 0x00 } },
    { 0x90f7, 1, { 0x46, 0xbe, 0x6c, 0xbe, 0xe6, 0x6c, 0xb4, 0x00 } },
    { 0x90fd, 1, { 0x2e, 0x7a, 0x2c, 0xfa, 0x4a, 0xbc, 0x38, 0x00 } },
    { 0x9102, 1, { 0xde, 0xda, 0x6c, 0xfa, 0x4a, 0x2c, 0x68, 0x00 } },
    { 0x9112, 1, { 0x4e, 0x7a, 0xbc, 0x4a, 0x7a, 0xbc, 0x48, 0x00 } },
    { 0x9119, 1, { 0x76, 0x56, 0x24, 0xfe, 0x76, 0x74, 0x74, 0x00 } },
    { 0x912d, 1, { 0x56, 0xfe, 0xdc, 0x8e, 0xfe, 0x24, 0xdc, 0x00 } },
    { 0x9130, 1, { 0xae, 0x76, 0xac, 0x06, 0xd6, 0x7c, 0x94, 0x00 } },
    { 0x9132, 1, { 0xde, 0xda, 0x6c, 0x6a, 0x6a, 0xfc, 0x28, 0x00 } },
    { 0x9149, 1, { 0xfe, 0x28, 0xfe, 0xaa, 0xce, 0xfe, 0xfe, 0x00 } },
    { 0x914a, 1, { 0xfe, 0x44, 0xe4, 0xe4, 0xa4, 0xe4, 0xec, 0x00 } },
    { 0x914b, 1, { 0x44, 0xfe, 0x28, 0x7c, 0x6c, 0x44, 0x7c, 0x00 } },
    { 0x914c, 1, { 0xe8, 0x4e, 0xf2, 0xea, 0xa6, 0xe2, 0xe6, 0x00 } },
    { 0x914d, 1, { 0xee, 0x42, 0xe2, 0xee, 0xa8, 0xea, 0xee, 0x00 } },
    { 0x914e, 1, { 0xe4, 0x5e, 0xe4, 0xf4, 0xac, 0xe4, 0xec, 0x00 } },
    { 0x9152, 1, { 0xbe, 0x14, 0xbe, 0x36, 0xa2, 0xbe, 0xbe, 0x00 } },
    { 0x9154, 1, { 0xe8, 0x5c, 0xec, 0xf6, 0xa8, 0xfe, 0xe8, 0x00 } },
    { 0x9156, 1, { 0xe8, 0x5e, 0xfa, 0xe8, 0xac, 0xec, 0xf6, 0x00 } },
    { 0x9158, 1, { 0xee, 0x4a, 0xe0, 0xee, 0xaa, 0xe4, 0xfa, 0x00 } },
    { 0x9162, 1, { 0xe8, 0x4e, 0xf8, 0xee, 0xa8, 0xee, 0xe8, 0x00 } },
    { 0x9163, 1, { 0xea, 0x5e, 0xea, 0xee, 0xaa, 0xea, 0xee, 0x00 } },
    { 0x9165, 1, { 0xee, 0x44, 0xfe, 0xe4, 0xac, 0xf6, 0xe4, 0x00 } },
    { 0x9169, 1, { 0xee, 0x4a, 0xf4, 0xe8, 0xbe, 0xea, 0xee, 0x00 } },
    { 0x916a, 1, { 0xe6, 0x4a, 0xe4, 0xea, 0xb0, 0xee, 0xee, 0x00 } },
    { 0x916c, 1, { 0xea, 0x4a, 0xfe, 0xfe, 0xaa, 0xea, 0xea, 0x00 } },
    { 0x9172, 1, { 0xee, 0x4a, 0xe6, 0xfc, 0xae, 0xe4, 0xee, 0x00 } },
    { 0x9173, 1, { 0xe4, 0x48, 0xe4, 0xfe, 0xaa, 0xee, 0xea, 0x00 } },
    { 0x9175, 1, { 0xea, 0x5c, 0xc8, 0xfe, 0xd4, 0xee, 0xc4, 0x00 } },
    { 0x9177, 1, { 0xec, 0x4e, 0xf4, 0xfe, 0xa0, 0xee, 0xee, 0x00 } },
    { 0x9178, 1, { 0xea, 0x5e, 0xea, 0xf2, 0xac, 0xf4, 0xea, 0x00 } },
    { 0x9182, 1, { 0xea, 0x5e, 0xea, 0xfe, 0xbe, 0xea, 0xea, 0x00 } },
    { 0x9187, 1, { 0xe4, 0x5e, 0xea, 0xee, 0xa2, 0xfe, 0xe4, 0x00 } },
    { 0x9189, 1, { 0xe8, 0x5e, 0xf4, 0xf4, 0xaa, 0xfe, 0xe8, 0x00 } },
    { 0x918b, 1, { 0xea, 0x5e, 0xea, 0xfe, 0xae, 0xea, 0xee, 0x00 } },
    { 0x918d, 1, { 0xec, 0x4c, 0xfe, 0xe4, 0xb6, 0xf4, 0xee, 0x00 } },
    { 0x9190, 1, { 0xd6, 0x7e, 0xd6, 0xfe, 0xee, 0xfe, 0xca, 0x00 } },
    { 0x9192, 1, { 0xee, 0x4a, 0xee, 0xf4, 0xae, 0xe4, 0xfe, 0x00 } },
    { 0x9197, 1, { 0xfa, 0x54, 0xe2, 0xdc, 0xfe, 0xd4, 0xe6, 0x00 } },
    { 0x919c, 1, { 0xe8, 0x5e, 0xfa, 0xfe, 0xbe, 0xec, 0xf6, 0x00 } },
    { 0x91a2, 1, { 0xe8, 0x5e, 0xe8, 0xf6, 0xa6, 0xec, 0xfe, 0x00 } },
    { 0x91a4, 1, { 0x7e, 0xd4, 0x4c, 0xfe, 0x6c, 0x44, 0x7c, 0x00 } },
    { 0x91aa, 1, { 0xfe, 0x4a, 0xe4, 0xea, 0xb4, 0xe2, 0xec, 0x00 } },
    { 0x91ab, 1, { 0xfe, 0xca, 0xf4, 0xaa, 0xfe, 0x6c, 0x7c, 0x00 } },
    { 0x91af, 1, { 0xe4, 0x5e, 0xe8, 0xee, 0xb6, 0xec, 0xfe, 0x00 } },
    { 0x91b4, 1, { 0xea, 0x5e, 0xfe, 0xfe, 0xb2, 0xec, 0xfe, 0x00 } },
    { 0x91b5, 1, { 0xe8, 0x4e, 0xf8, 0xf6, 0xac, 0xf6, 0xec, 0x00 } },
    { 0x91b8, 1, { 0xc8, 0x7e, 0xd4, 0xf6, 0xfe, 0xd4, 0xda, 0x00 } },
    { 0x91ba, 1, { 0xec, 0x5e, 0xec, 0xec, 0xbe, 0xe0, 0xf6, 0x00 } },
    { 0x91c0, 1, { 0xc8, 0x7e, 0xf6, 0xdc, 0xfe, 0xf4, 0xda, 0x00 } },
    { 0x91c1, 1, { 0x2c, 0x54, 0xfe, 0x44, 0x7c, 0x5c, 0xaa, 0x00 } },
    { 0x91c6, 1, { 0x0e, 0xf0, 0x54, 0xfe, 0x10, 0x38, 0xd6, 0x00 } },
    { 0x91c7, 1, { 0x0e, 0xf0, 0x54, 0x08, 0xfe, 0x38, 0xd6, 0x00 } },
    { 0x91c8, 1, { 0xfe, 0x2a, 0xba, 0x2c, 0xfc, 0x6a, 0xb2, 0x00 } },
    { 0x91c9, 1, { 0xf4, 0x24, 0xbe, 0x2e, 0xfe, 0x7e, 0xae, 0x00 } },
    { 0x91cb, 1, { 0xfe, 0x3e, 0xa4, 0x3e, 0xea, 0x7e, 0xa4, 0x00 } },
    { 0x91cc, 1, { 0x7c, 0x54, 0x7c, 0x54, 0x7c, 0x10, 0xfe, 0x00 } },
    { 0x91cd, 1, { 0x38, 0xfe, 0x54, 0x7c, 0x54, 0x38, 0xfe, 0x00 } },
    { 0x91ce, 1, { 0xfe, 0xb2, 0xf4, 0xbe, 0xf6, 0x24, 0xfc, 0x00 } },
    { 0x91cf, 1, { 0x7c, 0x44, 0xfe, 0x54, 0x7c, 0x10, 0xfe, 0x00 } },
    { 0x91d0, 1, { 0x26, 0x7a, 0xf4, 0x7a, 0x7e, 0x5c, 0xbe, 0x00 } },
    { 0x91d1, 1, { 0x10, 0x28, 0xfe, 0x10, 0xfe, 0x54, 0xfe, 0x00 } },
    { 0x91d6, 1, { 0x5e, 0xaa, 0xea, 0x4a, 0xea, 0x6a, 0xd6, 0x00 } },
    { 0x91d8, 1, { 0x5e, 0xa4, 0xe4, 0x44, 0xe4, 0x64, 0xcc, 0x00 } },
    { 0x91db, 1, { 0x48, 0xbe, 0xea, 0x4a, 0xea, 0x6a, 0xd6, 0x00 } },
    { 0x91dc, 1, { 0x28, 0xc6, 0x38, 0xd6, 0x38, 0x54, 0xfe, 0x00 } },
    { 0x91dd, 1, { 0x44, 0xa4, 0xfe, 0x44, 0xe4, 0x64, 0xc4, 0x00 } },
    { 0x91df, 1, { 0x54, 0xb4, 0xf4, 0x54, 0xf4, 0x54, 0xe2, 0x00 } },
    { 0x91e1, 1, { 0x28, 0x44, 0x10, 0xee, 0x38, 0x54, 0xfe, 0x00 } },
    { 0x91e3, 1, { 0x48, 0xae, 0xf2, 0x4a, 0xe6, 0x62, 0xc6, 0x00 } },
    { 0x91e6, 1, { 0x20, 0x5e, 0xfa, 0x2a, 0xfa, 0x7a, 0xee, 0x00 } },
    { 0x91e7, 1, { 0x52, 0xba, 0xfa, 0x5a, 0xfa, 0x52, 0xe2, 0x00 } },
    { 0x91f5, 1, { 0x7e, 0xaa, 0xe2, 0x54, 0xe8, 0x54, 0xe2, 0x00 } },
    { 0x91f6, 1, { 0x44, 0xb4, 0xfe, 0x56, 0xf4, 0x72, 0xde, 0x00 } },
    { 0x91fc, 1, { 0x5e, 0xaa, 0xfa, 0x4a, 0xee, 0x6a, 0xd6, 0x00 } },
    { 0x91ff, 1, { 0x42, 0xac, 0xe8, 0x4e, 0xea, 0x6a, 0xd2, 0x00 } },
    { 0x920d, 1, { 0x48, 0xbe, 0xc8, 0x6a, 0xfe, 0x48, 0xce, 0x00 } },
    { 0x920e, 1, { 0x48, 0xae, 0xf2, 0x4a, 0xf2, 0x7e, 0xc2, 0x00 } },
    { 0x9211, 1, { 0x5e, 0xb0, 0xfe, 0x5a, 0xfa, 0x64, 0xda, 0x00 } },
    { 0x9214, 1, { 0x48, 0xbc, 0xda, 0x68, 0xca, 0x64, 0xd8, 0x00 } },
    { 0x9215, 1, { 0x7c, 0xb4, 0xd4, 0x7e, 0xd4, 0x54, 0xfe, 0x00 } },
    { 0x921e, 1, { 0x48, 0xae, 0xf2, 0x4a, 0xe6, 0x6a, 0xc6, 0x00 } },
    { 0x9229, 1, { 0x5e, 0xa0, 0xee, 0x4a, 0xee, 0x68, 0xd0, 0x00 } },
    { 0x922c, 1, { 0x5e, 0xb2, 0xfe, 0x54, 0xf4, 0x52, 0xe2, 0x00 } },
    { 0x9234, 1, { 0x48, 0xb4, 0xee, 0x40, 0xfe, 0x6a, 0xc8, 0x00 } },
    { 0x9237, 1, { 0x44, 0xa4, 0xfe, 0x44, 0xee, 0x6a, 0xce, 0x00 } },
    { 0x923f, 1, { 0x5e, 0xb6, 0xf6, 0x5e, 0xf6, 0x76, 0xde, 0x00 } },
    { 0x9244, 1, { 0x4c, 0xae, 0xf4, 0x5e, 0xe4, 0x64, 0xda, 0x00 } },
    { 0x9245, 1, { 0x5e, 0xb0, 0xfe, 0x52, 0xfe, 0x70, 0xde, 0x00 } },
    { 0x9248, 1, { 0x44, 0xbe, 0xf2, 0x48, 0xee, 0x68, 0xce, 0x00 } },
    { 0x9249, 1, { 0x44, 0xbe, 0xe8, 0x5a, 0xe4, 0x6a, 0xde, 0x00 } },
    { 0x924b, 1, { 0x48, 0xae, 0xf2, 0x4e, 0xee, 0x68, 0xce, 0x00 } },
    { 0x9250, 1, { 0x5e, 0xa8, 0xe8, 0x4e, 0xfa, 0x6a, 0xce, 0x00 } },
    { 0x9257, 1, { 0x4a, 0xbe, 0xea, 0x4e, 0xea, 0x6a, 0xce, 0x00 } },
    { 0x925a, 1, { 0x56, 0xa6, 0xf6, 0x76, 0xf6, 0x54, 0xe4, 0x00 } },
    { 0x925b, 1, { 0x4a, 0xaa, 0xea, 0x50, 0xee, 0x6a, 0xce, 0x00 } },
    { 0x925e, 1, { 0x44, 0xbe, 0xf4, 0x54, 0xf6, 0x74, 0xda, 0x00 } },
    { 0x9262, 1, { 0x48, 0xbe, 0xc8, 0x5c, 0xea, 0x5c, 0xc8, 0x00 } },
    { 0x9264, 1, { 0x48, 0xae, 0xf2, 0x4e, 0xee, 0x62, 0xc6, 0x00 } },
    { 0x9266, 1, { 0x5e, 0xa4, 0xe4, 0x56, 0xf4, 0x74, 0xde, 0x00 } },
    { 0x9271, 1, { 0x44, 0xbe, 0xf0, 0x54, 0xf4, 0x6a, 0xce, 0x00 } },
    { 0x927e, 1, { 0x48, 0xb2, 0xfe, 0x5c, 0xe8, 0x7e, 0xc8, 0x00 } },
    { 0x9280, 1, { 0x5e, 0xb2, 0xfe, 0x52, 0xfe, 0x74, 0xda, 0x00 } },
    { 0x9283, 1, { 0x48, 0xbe, 0xd4, 0x7a, 0xd4, 0x54, 0xe6, 0x00 } },
    { 0x9285, 1, { 0x5e, 0xb2, 0xfe, 0x52, 0xfe, 0x7e, 0xd2, 0x00 } },
    { 0x9291, 1, { 0x58, 0xbc, 0xe8, 0x7e, 0xd4, 0x54, 0xe6, 0x00 } },
    { 0x9293, 1, { 0x5c, 0xaa, 0xfe, 0x44, 0xee, 0x64, 0xde, 0x00 } },
    { 0x9295, 1, { 0x48, 0xbe, 0xfc, 0x58, 0xfe, 0x6a, 0xd6, 0x00 } },
    { 0x9296, 1, { 0x58, 0xbc, 0xe8, 0x7e, 0xc8, 0x5c, 0xea, 0x00 } },
    { 0x9298, 1, { 0x4e, 0xaa, 0xf4, 0x48, 0xfe, 0x6a, 0xce, 0x00 } },
    { 0x929a, 1, { 0x54, 0xb6, 0xf4, 0x56, 0xf4, 0x74, 0xe6, 0x00 } },
    { 0x929b, 1, { 0x42, 0xac, 0xfe, 0x44, 0xee, 0x6a, 0xce, 0x00 } },
    { 0x929c, 1, { 0x56, 0xa8, 0x7e, 0xd2, 0x7a, 0x5a, 0x76, 0x00 } },
    { 0x92ad, 1, { 0x4a, 0xbe, 0xe8, 0x5c, 0xea, 0x64, 0xda, 0x00 } },
    { 0x92b7, 1, { 0x54, 0xaa, 0xd4, 0x5c, 0xd4, 0x5c, 0xd4, 0x00 } },
    { 0x92b9, 1, { 0x5c, 0xbe, 0xdc, 0x6a, 0xfc, 0x56, 0xe2, 0x00 } },
    { 0x92cf, 1, { 0x48, 0xbe, 0xfc, 0x5c, 0xea, 0x48, 0xf6, 0x00 } },
    { 0x92d2, 1, { 0x4c, 0xb4, 0xc8, 0x76, 0xc8, 0x7e, 0xc8, 0x00 } },
    { 0x92e4, 1, { 0x44, 0xbc, 0xee, 0x7e, 0xee, 0x7a, 0xea, 0x00 } },
    { 0x92e9, 1, { 0x4a, 0xbe, 0xe4, 0x5e, 0xe8, 0x68, 0xce, 0x00 } },
    { 0x92ea, 1, { 0x4a, 0xbe, 0xc8, 0x7e, 0xea, 0x7e, 0xea, 0x00 } },
    { 0x92ed, 1, { 0x54, 0xbe, 0xe2, 0x7e, 0xd4, 0x54, 0xe6, 0x00 } },
    { 0x92f2, 1, { 0x44, 0xb8, 0xde, 0x54, 0xfe, 0x40, 0xe2, 0x00 } },
    { 0x92f3, 1, { 0x48, 0xbc, 0xfe, 0x54, 0xfe, 0x64, 0xd4, 0x00 } },
    { 0x92f8, 1, { 0x5e, 0xbe, 0xf4, 0x5e, 0xf4, 0x6a, 0xce, 0x00 } },
    { 0x92fa, 1, { 0x48, 0xbe, 0xe2, 0x5e, 0xea, 0x58, 0xee, 0x00 } },
    { 0x92fc, 1, { 0x7e, 0xa2, 0xf6, 0x6a, 0xf6, 0x7e, 0xe2, 0x00 } },
    { 0x9306, 1, { 0x44, 0xae, 0xe4, 0x5e, 0xea, 0x6e, 0xca, 0x00 } },
    { 0x930f, 1, { 0x7e, 0xb4, 0xf6, 0x62, 0xf6, 0x54, 0xfe, 0x00 } },
    { 0x9310, 1, { 0x54, 0xbe, 0xf4, 0x5e, 0xf4, 0x74, 0xde, 0x00 } },
    { 0x9318, 1, { 0x5c, 0xa8, 0xfe, 0x54, 0xfe, 0x48, 0xfe, 0x00 } },
    { 0x9319, 1, { 0x4a, 0xb4, 0xea, 0x5e, 0xfe, 0x76, 0xde, 0x00 } },
    { 0x931a, 1, { 0x5c, 0xaa, 0xdc, 0x4c, 0xfe, 0x4c, 0xd8, 0x00 } },
    { 0x9320, 1, { 0x44, 0xbe, 0xee, 0x44, 0xd6, 0x54, 0xee, 0x00 } },
    { 0x9322, 1, { 0x4a, 0xbe, 0xe4, 0x4a, 0xfe, 0x64, 0xda, 0x00 } },
    { 0x9323, 1, { 0x7e, 0xb4, 0xea, 0x7e, 0xea, 0x54, 0xea, 0x00 } },
    { 0x9326, 1, { 0x48, 0xbc, 0xd4, 0x5c, 0xfe, 0x6a, 0xc8, 0x00 } },
    { 0x9328, 1, { 0x54, 0xbe, 0xd4, 0x7e, 0xfe, 0x6a, 0xfe, 0x00 } },
    { 0x932b, 1, { 0x5e, 0xb2, 0xfe, 0x48, 0xee, 0x76, 0xca, 0x00 } },
    { 0x932c, 1, { 0x48, 0xbe, 0xdc, 0x5c, 0xc8, 0x5c, 0xea, 0x00 } },
    { 0x932e, 1, { 0x7e, 0xaa, 0xfe, 0x6a, 0xf6, 0x7e, 0xfe, 0x00 } },
    { 0x932f, 1, { 0x54, 0xbe, 0xd4, 0x7e, 0xdc, 0x54, 0xdc, 0x00 } },
    { 0x9332, 1, { 0x5c, 0xa4, 0xfe, 0x48, 0xea, 0x5c, 0xea, 0x00 } },
    { 0x9335, 1, { 0x54, 0xbe, 0xe4, 0x54, 0xf6, 0x74, 0xd6, 0x00 } },
    { 0x933a, 1, { 0x4a, 0xbe, 0xe4, 0x5e, 0xe8, 0x6e, 0xd2, 0x00 } },
    { 0x933b, 1, { 0x5a, 0xa4, 0xfe, 0x44, 0xf4, 0x7c, 0xda, 0x00 } },
    { 0x9344, 1, { 0x48, 0xbe, 0xd4, 0x5c, 0xc8, 0x6a, 0xd8, 0x00 } },
    { 0x934b, 1, { 0x4e, 0xaa, 0xea, 0x5e, 0xf2, 0x7a, 0xda, 0x00 } },
    { 0x934d, 1, { 0x48, 0xbe, 0xec, 0x7e, 0xea, 0x64, 0xda, 0x00 } },
    { 0x9354, 1, { 0x5a, 0xba, 0xec, 0x5e, 0xec, 0x62, 0xc6, 0x00 } },
    { 0x9356, 1, { 0x54, 0xbe, 0xd4, 0x54, 0xfe, 0x68, 0xfe, 0x00 } },
    { 0x935b, 1, { 0x4e, 0xb6, 0xf8, 0x56, 0xfa, 0x74, 0xda, 0x00 } },
    { 0x935c, 1, { 0x76, 0xb2, 0xe6, 0x7e, 0xea, 0x74, 0xea, 0x00 } },
    { 0x9360, 1, { 0x44, 0xae, 0xea, 0x4e, 0xfe, 0x64, 0xde, 0x00 } },
    { 0x936c, 1, { 0x54, 0xb4, 0xfe, 0x5c, 0xf4, 0x74, 0xda, 0x00 } },
    { 0x936e, 1, { 0x58, 0xb4, 0xee, 0x40, 0xfa, 0x7c, 0xda, 0x00 } },
    { 0x9375, 1, { 0x5a, 0xae, 0xea, 0x56, 0xea, 0x68, 0xd6, 0x00 } },
    { 0x937c, 1, { 0x44, 0xbe, 0xe4, 0x7c, 0xe6, 0x7c, 0xda, 0x00 } },
    { 0x937e, 1, { 0x42, 0xac, 0xfe, 0x4e, 0xee, 0x64, 0xde, 0x00 } },
    { 0x938c, 1, { 0x54, 0xbe, 0xdc, 0x4e, 0xfc, 0x5c, 0xea, 0x00 } },
    { 0x9394, 1, { 0x48, 0xbe, 0xf6, 0x48, 0xd4, 0x6e, 0xcc, 0x00 } },
    { 0x9396, 1, { 0x56, 0xa4, 0xfe, 0x52, 0xfe, 0x60, 0xd2, 0x00 } },
    { 0x9397, 1, { 0x44, 0xaa, 0xfc, 0x4c, 0xe8, 0x6e, 0xd6, 0x00 } },
    { 0x939a, 1, { 0x52, 0xa6, 0xe6, 0x54, 0xf6, 0x76, 0xde, 0x00 } },
    { 0x93a7, 1, { 0x56, 0xbe, 0xe0, 0x5e, 0xf2, 0x6c, 0xde, 0x00 } },
    { 0x93ac, 1, { 0x48, 0xbe, 0xd4, 0x5c, 0xfe, 0x62, 0xea, 0x00 } },
    { 0x93ad, 1, { 0x48, 0xae, 0xec, 0x5c, 0xfe, 0x60, 0xd2, 0x00 } },
    { 0x93ae, 1, { 0x44, 0xbe, 0xec, 0x4c, 0xfe, 0x60, 0xd2, 0x00 } },
    { 0x93b0, 1, { 0x54, 0xa2, 0xdc, 0x54, 0xe2, 0x5c, 0xfe, 0x00 } },
    { 0x93b9, 1, { 0x54, 0xaa, 0xf0, 0x4e, 0xf4, 0x7a, 0xde, 0x00 } },
    { 0x93c3, 1, { 0x54, 0xbe, 0xd6, 0x5c, 0xee, 0x4c, 0xda, 0x00 } },
    { 0x93c8, 1, { 0x54, 0xae, 0xdc, 0x4c, 0xee, 0x74, 0xde, 0x00 } },
    { 0x93d0, 1, { 0x5e, 0xaa, 0xe4, 0x4a, 0xf4, 0x62, 0xcc, 0x00 } },
    { 0x93d1, 1, { 0x48, 0xbe, 0xd4, 0x7e, 0xea, 0x76, 0xfe, 0x00 } },
    { 0x93d6, 1, { 0x08, 0x7e, 0x5c, 0x7e, 0x9c, 0x2a, 0x7e, 0x00 } },
    { 0x93d7, 1, { 0x7e, 0xba, 0xf4, 0x4a, 0xdc, 0x48, 0xfe, 0x00 } },
    { 0x93d8, 1, { 0x56, 0xba, 0xf4, 0x5e, 0xf2, 0x7a, 0xd6, 0x00 } },
    { 0x93dd, 1, { 0x4e, 0xaa, 0xfe, 0x5e, 0xea, 0x64, 0xda, 0x00 } },
    { 0x93e1, 1, { 0x48, 0xbe, 0xd4, 0x7e, 0xdc, 0x5c, 0xe6, 0x00 } },
    { 0x93e4, 1, { 0x48, 0xbc, 0xf6, 0x5c, 0xfe, 0x54, 0xfa, 0x00 } },
    { 0x93e5, 1, { 0x48, 0xbe, 0xf2, 0x4e, 0xf4, 0x76, 0xd6, 0x00 } },
    { 0x93e8, 1, { 0x2e, 0xf8, 0x6e, 0xf4, 0xfe, 0x54, 0xfe, 0x00 } },
    { 0x9403, 1, { 0x48, 0xbc, 0xfe, 0x76, 0xfe, 0x54, 0xe6, 0x00 } },
    { 0x9407, 1, { 0x5e, 0xac, 0xfe, 0x4c, 0xf6, 0x6c, 0xcc, 0x00 } },
    { 0x9410, 1, { 0x48, 0xbe, 0xd4, 0x7e, 0xd4, 0x48, 0xea, 0x00 } },
    { 0x9413, 1, { 0x54, 0xbe, 0xee, 0x76, 0xde, 0x74, 0xda, 0x00 } },
    { 0x9414, 1, { 0x5e, 0xac, 0xe0, 0x4c, 0xec, 0x7e, 0xc4, 0x00 } },
    { 0x9418, 1, { 0x48, 0xbe, 0xd4, 0x7e, 0xdc, 0x48, 0xfe, 0x00 } },
    { 0x9419, 1, { 0x5a, 0xb4, 0xe2, 0x5c, 0xd4, 0x48, 0xfe, 0x00 } },
    { 0x941a, 1, { 0x5e, 0xac, 0xfe, 0x5e, 0xe0, 0x7a, 0xd6, 0x00 } },
    { 0x9421, 1, { 0x56, 0xbc, 0xfe, 0x7c, 0xee, 0x54, 0xfa, 0x00 } },
    { 0x942b, 1, { 0x54, 0xbe, 0xf4, 0x5e, 0xf6, 0x6a, 0xe2, 0x00 } },
    { 0x9435, 1, { 0x56, 0xbc, 0xfe, 0x6c, 0xfe, 0x54, 0xfa, 0x00 } },
    { 0x9436, 1, { 0x5e, 0xb6, 0xfe, 0x52, 0xfe, 0x74, 0xda, 0x00 } },
    { 0x9438, 1, { 0x7e, 0xbe, 0xc8, 0x7e, 0xd4, 0x7e, 0xc8, 0x00 } },
    { 0x943a, 1, { 0x6a, 0xbc, 0xf6, 0x5c, 0xfe, 0x6a, 0xfe, 0x00 } },
    { 0x9441, 1, { 0x76, 0xaa, 0xf6, 0x7e, 0xd4, 0x68, 0xd6, 0x00 } },
    { 0x9444, 1, { 0x48, 0xbc, 0xfe, 0x48, 0xfe, 0x74, 0xcc, 0x00 } },
    { 0x9451, 1, { 0x54, 0xb6, 0xf0, 0x56, 0xe0, 0x6c, 0xde, 0x00 } },
    { 0x9452, 1, { 0xe8, 0xce, 0xee, 0x38, 0xfe, 0x54, 0xfe, 0x00 } },
    { 0x9453, 1, { 0x54, 0xae, 0xee, 0x54, 0xf6, 0x76, 0xde, 0x00 } },
    { 0x945a, 1, { 0x54, 0xbe, 0xd4, 0x6a, 0xdc, 0x5c, 0xe2, 0x00 } },
    { 0x945b, 1, { 0x48, 0xbe, 0xec, 0x7e, 0xec, 0x6c, 0xd2, 0x00 } },
    { 0x945e, 1, { 0x4a, 0xb4, 0xfe, 0x56, 0xfa, 0x5e, 0xea, 0x00 } },
    { 0x9460, 1, { 0x5a, 0xac, 0xda, 0x6c, 0xfe, 0x5c, 0xea, 0x00 } },
    { 0x9462, 1, { 0x48, 0xae, 0xf8, 0x6e, 0xec, 0x7a, 0xd6, 0x00 } },
    { 0x946a, 1, { 0x44, 0xa6, 0xfc, 0x56, 0xf0, 0x6c, 0xde, 0x00 } },
    { 0x9470, 1, { 0x48, 0xb4, 0xfe, 0x5c, 0xfe, 0x7e, 0xea, 0x00 } },
    { 0x9475, 1, { 0x54, 0xbe, 0xf6, 0x54, 0xde, 0x74, 0xde, 0x00 } },
    { 0x9477, 1, { 0x5e, 0xac, 0xfe, 0x44, 0xf6, 0x7e, 0xd2, 0x00 } },
    { 0x947c, 1, { 0x7e, 0xaa, 0xfe, 0x64, 0xd6, 0x7c, 0xd6, 0x00 } },
    { 0x947d, 1, { 0x68, 0xbe, 0xd4, 0x6a, 0xdc, 0x5c, 0xe2, 0x00 } },
    { 0x947e, 1, { 0x54, 0xb8, 0x54, 0xee, 0x38, 0x54, 0xfe, 0x00 } },
    { 0x947f, 1, { 0xae, 0x7a, 0xf4, 0x7a, 0xfe, 0x54, 0xfe, 0x00 } },
    { 0x9481, 1, { 0x76, 0xb6, 0xdc, 0x5e, 0xd4, 0x48, 0xf6, 0x00 } },
    { 0x9577, 1, { 0x3c, 0x20, 0x38, 0x20, 0xfe, 0x28, 0x76, 0x00 } },
    { 0x9580, 1, { 0xee, 0xaa, 0xee, 0x82, 0x82, 0x82, 0x86, 0x00 } },
    { 0x9582, 1, { 0xee, 0xaa, 0xee, 0x82, 0xba, 0x82, 0x86, 0x00 } },
    { 0x9583, 1, { 0xee, 0xaa, 0xee, 0x92, 0x92, 0xaa, 0xc6, 0x00 } },
    { 0x9587, 1, { 0xee, 0xaa, 0xee, 0xba, 0x92, 0x9a, 0x92, 0x00 } },
    { 0x9589, 1, { 0xee, 0xaa, 0xee, 0x92, 0xfa, 0xb2, 0xd6, 0x00 } },
    { 0x958a, 1, { 0xee, 0xaa, 0xee, 0x92, 0xd6, 0xfe, 0x82, 0x00 } },
    { 0x958b, 1, { 0xee, 0xee, 0x82, 0xfe, 0xaa, 0xfe, 0xaa, 0x00 } },
    { 0x958f, 1, { 0xee, 0xaa, 0xfe, 0x92, 0xba, 0x92, 0xba, 0x00 } },
    { 0x9591, 1, { 0xee, 0xee, 0x92, 0xfe, 0xba, 0xd6, 0x92, 0x00 } },
    { 0x9593, 1, { 0xee, 0xaa, 0xfe, 0xaa, 0xba, 0xaa, 0xba, 0x00 } },
    { 0x9594, 1, { 0xee, 0xee, 0x92, 0xfe, 0xaa, 0x92, 0xee, 0x00 } },
    { 0x9596, 1, { 0xee, 0xaa, 0xee, 0x92, 0xf6, 0xba, 0xd6, 0x00 } },
    { 0x9598, 1, { 0xee, 0xaa, 0xee, 0x82, 0xba, 0xba, 0x92, 0x00 } },
    { 0x9599, 1, { 0xee, 0xee, 0x92, 0xfe, 0xbe, 0xb6, 0x92, 0x00 } },
    { 0x95a0, 1, { 0xee, 0xaa, 0xfe, 0x92, 0xba, 0x96, 0xba, 0x00 } },
    { 0x95a2, 1, { 0xee, 0xee, 0xaa, 0x92, 0xfe, 0x92, 0xaa, 0x00 } },
    { 0x95a3, 1, { 0xee, 0xee, 0x9a, 0xaa, 0x92, 0xee, 0xba, 0x00 } },
    { 0x95a4, 1, { 0xee, 0xee, 0x92, 0xaa, 0xfe, 0xaa, 0xba, 0x00 } },
    { 0x95a5, 1, { 0xee, 0xee, 0x82, 0xae, 0xfa, 0xaa, 0xb6, 0x00 } },
    { 0x95a7, 1, { 0xee, 0xee, 0xaa, 0xfe, 0xaa, 0xfe, 0xc6, 0x00 } },
    { 0x95a8, 1, { 0xee, 0xee, 0x92, 0xba, 0xfe, 0xba, 0xfe, 0x00 } },
    { 0x95ad, 1, { 0xee, 0xee, 0xba, 0xaa, 0xfa, 0xca, 0xfa, 0x00 } },
    { 0x95b2, 1, { 0xee, 0xee, 0xaa, 0xba, 0xaa, 0x9a, 0xee, 0x00 } },
    { 0x95b9, 1, { 0xee, 0xee, 0x92, 0xfe, 0xbe, 0xda, 0x8e, 0x00 } },
    { 0x95bb, 1, { 0xee, 0xee, 0x9a, 0xaa, 0x9e, 0xa6, 0xbe, 0x00 } },
    { 0x95bc, 1, { 0xee, 0xee, 0xaa, 0xf6, 0xaa, 0xb6, 0xda, 0x00 } },
    { 0x95be, 1, { 0xee, 0xee, 0x8a, 0xfe, 0xea, 0x8a, 0xe6, 0x00 } },
    { 0x95c3, 1, { 0xee, 0xee, 0xba, 0xaa, 0xfe, 0x92, 0xee, 0x00 } },
    { 0x95c7, 1, { 0xee, 0xee, 0x92, 0xfe, 0xaa, 0xfe, 0xba, 0x00 } },
    { 0x95ca, 1, { 0xee, 0xee, 0xda, 0xbe, 0xca, 0x96, 0xde, 0x00 } },
    { 0x95cc, 1, { 0xee, 0xee, 0x92, 0xfe, 0xba, 0xba, 0xd6, 0x00 } },
    { 0x95cd, 1, { 0xee, 0xee, 0x96, 0xba, 0xfe, 0xba, 0xda, 0x00 } },
    { 0x95d4, 1, { 0xee, 0xee, 0x9a, 0xbe, 0xb6, 0x9a, 0xbe, 0x00 } },
    { 0x95d5, 1, { 0xee, 0xee, 0xd2, 0xbe, 0xee, 0xaa, 0xd6, 0x00 } },
    { 0x95d6, 1, { 0xee, 0xee, 0xba, 0xb2, 0xbe, 0x86, 0xd6, 0x00 } },
    { 0x95d8, 1, { 0xee, 0xee, 0x82, 0xf6, 0xde, 0xa6, 0xf6, 0x00 } },
    { 0x95dc, 1, { 0xee, 0xee, 0xa6, 0xca, 0xfe, 0xae, 0xca, 0x00 } },
    { 0x95e1, 1, { 0xee, 0xee, 0xee, 0xba, 0xba, 0xfe, 0x92, 0x00 } },
    { 0x95e2, 1, { 0xee, 0xee, 0xea, 0xfe, 0xd6, 0xfe, 0xea, 0x00 } },
    { 0x95e5, 1, { 0xee, 0xee, 0xca, 0x9e, 0xfe, 0xaa, 0xde, 0x00 } },
    { 0x961c, 1, { 0x10, 0x78, 0x48, 0x7c, 0x44, 0xfe, 0x10, 0x00 } },
    { 0x9621, 1, { 0xe2, 0xac, 0xc4, 0xbe, 0xa4, 0xc4, 0x84, 0x00 } },
    { 0x9628, 1, { 0xde, 0xd0, 0x9e, 0xda, 0xda, 0x98, 0xae, 0x00 } },
    { 0x962a, 1, { 0xde, 0xd0, 0x9e, 0xda, 0xda, 0xa4, 0x9a, 0x00 } },
    { 0x962e, 1, { 0xdc, 0xc0, 0xbe, 0xd4, 0xd4, 0x94, 0xa6, 0x00 } },
    { 0x962f, 1, { 0xc4, 0xc4, 0x96, 0xd4, 0xd4, 0x94, 0xbe, 0x00 } },
    { 0x9632, 1, { 0xe4, 0xbe, 0xc8, 0xae, 0xaa, 0xca, 0x96, 0x00 } },
    { 0x963b, 1, { 0xdc, 0xd4, 0x9c, 0xd4, 0xdc, 0x94, 0xbe, 0x00 } },
    { 0x963f, 1, { 0xfe, 0xa2, 0xde, 0xb6, 0xbe, 0xc2, 0x86, 0x00 } },
    { 0x9640, 1, { 0xe4, 0xbe, 0xd2, 0xa8, 0xae, 0xc8, 0x8e, 0x00 } },
    { 0x9642, 1, { 0xc4, 0xde, 0x96, 0xde, 0xda, 0x94, 0xaa, 0x00 } },
    { 0x9644, 1, { 0xea, 0xb6, 0xd2, 0xba, 0xb2, 0xd2, 0x96, 0x00 } },
    { 0x964b, 1, { 0xee, 0xa4, 0xde, 0xb6, 0xba, 0xd0, 0x9e, 0x00 } },
    { 0x964c, 1, { 0xde, 0xc8, 0x9e, 0xd2, 0xde, 0x92, 0x9e, 0x00 } },
    { 0x964d, 1, { 0xcc, 0xd4, 0x88, 0xf6, 0xdc, 0xbe, 0x84, 0x00 } },
    { 0x964f, 1, { 0xe8, 0xbe, 0xc8, 0xae, 0xba, 0xce, 0x8a, 0x00 } },
    { 0x9650, 1, { 0xfe, 0xb2, 0xde, 0xb2, 0xbe, 0xd4, 0x9a, 0x00 } },
    { 0x965b, 1, { 0xe4, 0xf6, 0xa4, 0xf6, 0xdc, 0x88, 0xbe, 0x00 } },
    { 0x965c, 1, { 0xc8, 0xfe, 0x9c, 0xdc, 0xea, 0x88, 0xb6, 0x00 } },
    { 0x965d, 1, { 0xc8, 0xfe, 0x9c, 0xdc, 0xea, 0x88, 0xb6, 0x00 } },
    { 0x965e, 1, { 0xcc, 0xf4, 0xbe, 0xd4, 0xe4, 0x88, 0xbe, 0x00 } },
    { 0x965f, 1, { 0xe4, 0xb6, 0xd4, 0xbe, 0xaa, 0xc4, 0x98, 0x00 } },
    { 0x9662, 1, { 0xc8, 0xfe, 0xae, 0xc0, 0xfe, 0x94, 0xa6, 0x00 } },
    { 0x9663, 1, { 0xc8, 0xfe, 0x9c, 0xdc, 0xdc, 0xbe, 0x88, 0x00 } },
    { 0x9664, 1, { 0xc8, 0xd4, 0xbe, 0xc8, 0xfe, 0x88, 0xaa, 0x00 } },
    { 0x9665, 1, { 0xee, 0xb2, 0xc4, 0xb6, 0xb6, 0xd6, 0x96, 0x00 } },
    { 0x9666, 1, { 0xc8, 0xdc, 0xbe, 0xd4, 0xfe, 0xa4, 0x94, 0x00 } },
    { 0x966a, 1, { 0xc8, 0xfe, 0x94, 0xfe, 0xc0, 0x9c, 0x9c, 0x00 } },
    { 0x966c, 1, { 0xf8, 0xde, 0x9a, 0xda, 0xdc, 0xba, 0x88, 0x00 } },
    { 0x9670, 1, { 0xc8, 0xd4, 0xba, 0xc8, 0xfe, 0x94, 0xba, 0x00 } },
    { 0x9672, 1, { 0xdc, 0xc8, 0xbe, 0xd4, 0xfe, 0x88, 0xbe, 0x00 } },
    { 0x9673, 1, { 0xc8, 0xfe, 0x9c, 0xdc, 0xc8, 0x9c, 0xaa, 0x00 } },
    { 0x9675, 1, { 0xc8, 0xdc, 0x88, 0xfe, 0xd4, 0xa8, 0x96, 0x00 } },
    { 0x9676, 1, { 0xd0, 0xde, 0xaa, 0xde, 0xca, 0xae, 0xbe, 0x00 } },
    { 0x9677, 1, { 0xee, 0xb2, 0xc4, 0xb6, 0xb2, 0xd6, 0x9e, 0x00 } },
    { 0x9678, 1, { 0xc8, 0xdc, 0xbe, 0xd4, 0xe6, 0x88, 0xbe, 0x00 } },
    { 0x967a, 1, { 0xc8, 0xd4, 0xbe, 0xea, 0xfe, 0x88, 0xb6, 0x00 } },
    { 0x967d, 1, { 0xdc, 0xd4, 0xbe, 0xd0, 0xde, 0xaa, 0x96, 0x00 } },
    { 0x9685, 1, { 0xdc, 0xdc, 0x88, 0xfe, 0xea, 0xae, 0xba, 0x00 } },
    { 0x9686, 1, { 0xcc, 0xd4, 0x88, 0xf6, 0xdc, 0x88, 0xbe, 0x00 } },
    { 0x9688, 1, { 0xfe, 0xb6, 0xde, 0xa0, 0xbe, 0xd4, 0x9a, 0x00 } },
    { 0x968a, 1, { 0xd4, 0xfe, 0x90, 0xea, 0xdc, 0xaa, 0x98, 0x00 } },
    { 0x968b, 1, { 0xe8, 0xbe, 0xd4, 0xae, 0xbc, 0xdc, 0x94, 0x00 } },
    { 0x968d, 1, { 0xc8, 0xdc, 0x94, 0xdc, 0xfe, 0x88, 0xbe, 0x00 } },
    { 0x968e, 1, { 0xe4, 0xb6, 0xe4, 0xb6, 0xa8, 0xdc, 0x9c, 0x00 } },
    { 0x968f, 1, { 0xf4, 0xae, 0xc4, 0xb8, 0xb6, 0xd6, 0xae, 0x00 } },
    { 0x9694, 1, { 0xfe, 0xac, 0xcc, 0xbe, 0xb2, 0xde, 0x96, 0x00 } },
    { 0x9695, 1, { 0xec, 0xac, 0xde, 0xb2, 0xbe, 0xc0, 0x92, 0x00 } },
    { 0x9697, 1, { 0xc8, 0xfe, 0xaa, 0xfe, 0xea, 0x9c, 0xae, 0x00 } },
    { 0x9698, 1, { 0xd4, 0xe2, 0x9c, 0xd4, 0xe2, 0x9c, 0xbe, 0x00 } },
    { 0x9699, 1, { 0xe4, 0xb6, 0xcc, 0xac, 0xa4, 0xd6, 0x8c, 0x00 } },
    { 0x969b, 1, { 0xde, 0xea, 0x94, 0xe2, 0xdc, 0x88, 0xaa, 0x00 } },
    { 0x969c, 1, { 0xc8, 0xfe, 0x94, 0xfe, 0xdc, 0xbe, 0x88, 0x00 } },
    { 0x96a0, 1, { 0xc6, 0xf8, 0xaa, 0xdc, 0xdc, 0xb2, 0xae, 0x00 } },
    { 0x96a3, 1, { 0xea, 0xbc, 0xca, 0xa0, 0xb4, 0xde, 0xa4, 0x00 } },
    { 0x96a7, 1, { 0xec, 0xd2, 0xae, 0xcc, 0xf6, 0xac, 0xbe, 0x00 } },
    { 0x96a8, 1, { 0xf4, 0xae, 0xd4, 0xae, 0xa6, 0xd6, 0x9e, 0x00 } },
    { 0x96aa, 1, { 0xc8, 0xd4, 0xbe, 0xea, 0xfe, 0x94, 0xaa, 0x00 } },
    { 0x96b0, 1, { 0xdc, 0xdc, 0x92, 0xe4, 0xf6, 0x80, 0xaa, 0x00 } },
    { 0x96b1, 1, { 0xdc, 0xea, 0x9c, 0xce, 0xdc, 0xb2, 0xae, 0x00 } },
    { 0x96b2, 1, { 0xf6, 0xa4, 0xd8, 0xae, 0xac, 0xc2, 0x96, 0x00 } },
    { 0x96b4, 1, { 0xd6, 0xfc, 0xae, 0xfa, 0xee, 0xbc, 0xae, 0x00 } },
    { 0x96b6, 1, { 0x10, 0x7c, 0x16, 0xfc, 0x54, 0x38, 0xd6, 0x00 } },
    { 0x96b7, 1, { 0x48, 0xfc, 0x4e, 0xfc, 0x1a, 0xec, 0x5a, 0x00 } },
    { 0x96b8, 1, { 0x28, 0xfc, 0x6e, 0xbc, 0x6a, 0x3c, 0xaa, 0x00 } },
    { 0x96b9, 1, { 0x28, 0x3e, 0x68, 0xbc, 0x28, 0x28, 0x3e, 0x00 } },
    { 0x96bb, 1, { 0x28, 0x3e, 0x68, 0xbe, 0x28, 0x10, 0xee, 0x00 } },
    { 0x96bc, 1, { 0x28, 0x3e, 0x68, 0xbe, 0x10, 0xfe, 0x10, 0x00 } },
    { 0x96c0, 1, { 0x10, 0x54, 0x9a, 0x30, 0xfe, 0x28, 0x3e, 0x00 } },
    { 0x96c1, 1, { 0x7e, 0x54, 0x6e, 0x7c, 0x6e, 0x6c, 0xae, 0x00 } },
    { 0x96c4, 1, { 0x2a, 0xfe, 0x2c, 0x4e, 0x5c, 0xac, 0x7e, 0x00 } },
    { 0x96c5, 1, { 0xea, 0xae, 0xbc, 0xee, 0x6c, 0xac, 0x6e, 0x00 } },
    { 0x96c6, 1, { 0x28, 0x7c, 0xa8, 0x3c, 0xfe, 0x38, 0xd6, 0x00 } },
    { 0x96c7, 1, { 0xfe, 0x44, 0x7c, 0x54, 0x5e, 0x74, 0x9e, 0x00 } },
    { 0x96c9, 1, { 0x4a, 0x7e, 0xac, 0x7e, 0x2c, 0x5c, 0x8e, 0x00 } },
    { 0x96cb, 1, { 0x28, 0x7e, 0xa8, 0x3e, 0xee, 0xba, 0x86, 0x00 } },
    { 0x96cc, 1, { 0x54, 0x5e, 0xf4, 0xde, 0xd4, 0xf4, 0xde, 0x00 } },
    { 0x96cd, 1, { 0x10, 0xfe, 0x54, 0x9e, 0xf4, 0x54, 0x9e, 0x00 } },
    { 0x96ce, 1, { 0x7a, 0x5e, 0x7c, 0x5e, 0x7c, 0x5c, 0xee, 0x00 } },
    { 0x96d1, 1, { 0x4a, 0xee, 0x6c, 0xbe, 0xec, 0x7c, 0xae, 0x00 } },
    { 0x96d5, 1, { 0xfa, 0xae, 0xfc, 0xae, 0xdc, 0xfc, 0x8e, 0x00 } },
    { 0x96d6, 1, { 0xea, 0xbe, 0x54, 0xfe, 0xf4, 0x54, 0xfe, 0x00 } },
    { 0x96d9, 1, { 0x54, 0x7e, 0xec, 0x7e, 0x28, 0x10, 0xee, 0x00 } },
    { 0x96db, 1, { 0x4a, 0x7e, 0xbc, 0x4e, 0x7c, 0xbc, 0x4e, 0x00 } },
    { 0x96dc, 1, { 0x2a, 0xfe, 0x5c, 0xae, 0xfc, 0x7c, 0xae, 0x00 } },
    { 0x96e2, 1, { 0x2a, 0xfe, 0x5c, 0x6e, 0xfc, 0xbc, 0xee, 0x00 } },
    { 0x96e3, 1, { 0x5a, 0xfe, 0x5c, 0xfe, 0xfc, 0x2c, 0xde, 0x00 } },
    { 0x96e8, 1, { 0xfe, 0x10, 0xfe, 0x92, 0xb6, 0x92, 0xb6, 0x00 } },
    { 0x96ea, 1, { 0x38, 0xfe, 0xb6, 0x00, 0x7c, 0x04, 0x7c, 0x00 } },
    { 0x96eb, 1, { 0x38, 0xfe, 0xb6, 0x00, 0xfe, 0x18, 0x14, 0x00 } },
    { 0x96f0, 1, { 0x38, 0xfe, 0xb6, 0x44, 0xbe, 0x14, 0x6c, 0x00 } },
    { 0x96f2, 1, { 0x38, 0xfe, 0xb6, 0x00, 0xfe, 0x24, 0xfa, 0x00 } },
    { 0x96f6, 1, { 0x38, 0xfe, 0xb6, 0x28, 0xfe, 0x12, 0x10, 0x00 } },
    { 0x96f7, 1, { 0x38, 0xfe, 0xb6, 0x00, 0x7c, 0x54, 0x7c, 0x00 } },
    { 0x96f9, 1, { 0x38, 0xfe, 0xb6, 0x3e, 0xc2, 0x38, 0x3e, 0x00 } },
    { 0x96fb, 1, { 0x38, 0xfe, 0xb6, 0x7c, 0x54, 0x7c, 0x0e, 0x00 } },
    { 0x9700, 1, { 0x38, 0xfe, 0xb6, 0x7c, 0x10, 0xfe, 0xaa, 0x00 } },
    { 0x9704, 1, { 0x38, 0xfe, 0xb6, 0x7c, 0xaa, 0x38, 0x28, 0x00 } },
    { 0x9706, 1, { 0x38, 0xfe, 0xb6, 0x4c, 0x9e, 0x44, 0xbe, 0x00 } },
    { 0x9707, 1, { 0x38, 0xfe, 0xb6, 0x7c, 0x7e, 0x68, 0xb6, 0x00 } },
    { 0x9708, 1, { 0x38, 0xfe, 0xb6, 0x7e, 0x88, 0x3e, 0xaa, 0x00 } },
    { 0x970a, 1, { 0x38, 0xfe, 0xb6, 0x00, 0xba, 0x54, 0xfe, 0x00 } },
    { 0x970d, 1, { 0x38, 0xfe, 0xb6, 0x28, 0x7e, 0xa8, 0x3e, 0x00 } },
    { 0x970e, 1, { 0x38, 0xfe, 0xb6, 0x28, 0xfe, 0x28, 0xf6, 0x00 } },
    { 0x970f, 1, { 0x38, 0xfe, 0xb6, 0x28, 0xee, 0xee, 0x48, 0x00 } },
    { 0x9711, 1, { 0x38, 0xfe, 0xb6, 0x08, 0x8e, 0x3c, 0xbc, 0x00 } },
    { 0x9713, 1, { 0x38, 0xfe, 0xb6, 0x4c, 0x7c, 0x28, 0xce, 0x00 } },
    { 0x9716, 1, { 0x38, 0xfe, 0xb6, 0x24, 0xfe, 0x6c, 0xb6, 0x00 } },
    { 0x9719, 1, { 0x38, 0xfe, 0xb6, 0x7c, 0xfe, 0x10, 0xee, 0x00 } },
    { 0x971c, 1, { 0x38, 0xfe, 0xb6, 0x2e, 0xfa, 0x7a, 0xae, 0x00 } },
    { 0x971e, 1, { 0x38, 0xfe, 0xb6, 0xee, 0x8a, 0xe4, 0x8a, 0x00 } },
    { 0x9724, 1, { 0x38, 0xfe, 0xae, 0x4c, 0x74, 0x38, 0x38, 0x00 } },
    { 0x9727, 1, { 0x38, 0xfe, 0xb6, 0x6c, 0xfa, 0x66, 0xaa, 0x00 } },
    { 0x972a, 1, { 0x38, 0xfe, 0xb6, 0x38, 0xbe, 0x08, 0xbe, 0x00 } },
    { 0x9730, 1, { 0x38, 0xfe, 0xb6, 0x56, 0xfa, 0x74, 0x5a, 0x00 } },
    { 0x9732, 1, { 0x38, 0xfe, 0xb6, 0xea, 0xa4, 0x5a, 0xee, 0x00 } },
    { 0x9738, 1, { 0x38, 0xfe, 0xb6, 0x50, 0x76, 0xf6, 0x2a, 0x00 } },
    { 0x9739, 1, { 0x38, 0xfe, 0xb6, 0x7e, 0x6a, 0xfe, 0x64, 0x00 } },
    { 0x973d, 1, { 0x38, 0xfe, 0xb6, 0xfe, 0x6c, 0xba, 0x48, 0x00 } },
    { 0x973e, 1, { 0x38, 0xfe, 0xb6, 0x4e, 0xae, 0x64, 0xce, 0x00 } },
    { 0x9742, 1, { 0x38, 0xfe, 0xb6, 0x7e, 0x76, 0x58, 0xbe, 0x00 } },
    { 0x9744, 1, { 0x38, 0xfe, 0xb6, 0xcc, 0x0e, 0xd2, 0xda, 0x00 } },
    { 0x9746, 1, { 0x74, 0xee, 0xb6, 0x04, 0xee, 0x54, 0xfe, 0x00 } },
    { 0x9748, 1, { 0x38, 0xfe, 0xb6, 0xfe, 0xfe, 0x54, 0xfe, 0x00 } },
    { 0x9749, 1, { 0x7e, 0xf4, 0xbe, 0x12, 0xec, 0x54, 0xea, 0x00 } },
    { 0x9752, 1, { 0x10, 0x7c, 0x10, 0xfe, 0x44, 0x7c, 0x44, 0x00 } },
    { 0x9756, 1, { 0x44, 0xee, 0xa4, 0xbe, 0x4a, 0xee, 0x0a, 0x00 } },
    { 0x9759, 1, { 0x26, 0x7a, 0x24, 0xfe, 0x56, 0x7e, 0x54, 0x00 } },
    { 0x975c, 1, { 0x5c, 0xea, 0x5c, 0xec, 0xfe, 0xec, 0xa8, 0x00 } },
    { 0x975e, 1, { 0x28, 0xee, 0x28, 0xee, 0x28, 0xee, 0x48, 0x00 } },
    { 0x9760, 1, { 0x50, 0x7c, 0xfe, 0x44, 0x7c, 0xee, 0x48, 0x00 } },
    { 0x9761, 1, { 0x08, 0x7e, 0x54, 0x7e, 0x54, 0x76, 0xa4, 0x00 } },
    { 0x9762, 1, { 0xfe, 0x10, 0xfe, 0xaa, 0xba, 0xaa, 0xfe, 0x00 } },
    { 0x9764, 1, { 0xf4, 0x26, 0xfa, 0xd6, 0xf6, 0xd4, 0xf6, 0x00 } },
    { 0x9766, 1, { 0xfe, 0x2a, 0xfe, 0xda, 0xfe, 0xd4, 0xfa, 0x00 } },
    { 0x9768, 1, { 0x7e, 0x6e, 0x74, 0xba, 0xfe, 0x6c, 0x7c, 0x00 } },
    { 0x9769, 1, { 0x28, 0xfe, 0x28, 0x7c, 0x54, 0xfe, 0x10, 0x00 } },
    { 0x976b, 1, { 0xbe, 0xea, 0xe2, 0x54, 0xe8, 0xd4, 0x62, 0x00 } },
    { 0x976d, 1, { 0xbe, 0xea, 0xea, 0x5a, 0xee, 0xea, 0x56, 0x00 } },
    { 0x9771, 1, { 0xbe, 0xea, 0xfa, 0x4a, 0xee, 0xea, 0x56, 0x00 } },
    { 0x9774, 1, { 0xac, 0xf4, 0xf6, 0x54, 0xf4, 0xf4, 0x56, 0x00 } },
    { 0x9779, 1, { 0xac, 0xe4, 0xfe, 0x56, 0xfa, 0xf2, 0x56, 0x00 } },
    { 0x977a, 1, { 0xa8, 0xfe, 0xe8, 0x5c, 0xc8, 0xdc, 0x6a, 0x00 } },
    { 0x977c, 1, { 0xae, 0xea, 0xee, 0x4a, 0xee, 0xe0, 0x5e, 0x00 } },
    { 0x9781, 1, { 0xa4, 0xfe, 0xf6, 0x5e, 0xfa, 0xf4, 0x4a, 0x00 } },
    { 0x9784, 1, { 0xa8, 0xee, 0xf6, 0x42, 0xee, 0xe8, 0x4e, 0x00 } },
    { 0x9785, 1, { 0xa4, 0xee, 0xea, 0x5e, 0xe4, 0xe4, 0x5a, 0x00 } },
    { 0x9786, 1, { 0xbe, 0xe4, 0xfe, 0x56, 0xfa, 0xf2, 0x56, 0x00 } },
    { 0x978b, 1, { 0xa4, 0xee, 0xe4, 0x5e, 0xee, 0xe4, 0x5e, 0x00 } },
    { 0x978d, 1, { 0xa8, 0xfe, 0xea, 0x7e, 0xd4, 0xcc, 0x72, 0x00 } },
    { 0x978f, 1, { 0xec, 0x4c, 0xf6, 0x7c, 0x38, 0xfe, 0x10, 0x00 } },
    { 0x9790, 1, { 0xa8, 0xee, 0xe8, 0x5e, 0xec, 0xea, 0x48, 0x00 } },
    { 0x9798, 1, { 0xb6, 0xe4, 0xfe, 0x52, 0xfe, 0xf2, 0x56, 0x00 } },
    { 0x979c, 1, { 0xa8, 0xfa, 0xdc, 0x6a, 0xfc, 0xf4, 0x5c, 0x00 } },
    { 0x97a0, 1, { 0xb0, 0xfe, 0xf6, 0x4a, 0xfe, 0xea, 0x56, 0x00 } },
    { 0x97a3, 1, { 0xbc, 0xfe, 0xda, 0x68, 0xfe, 0xdc, 0x6a, 0x00 } },
    { 0x97a6, 1, { 0xb4, 0xf4, 0xfe, 0x5c, 0xf4, 0xf4, 0x5a, 0x00 } },
    { 0x97a8, 1, { 0xbc, 0xf4, 0xfc, 0x5e, 0xf2, 0xfa, 0x46, 0x00 } },
    { 0x97ab, 1, { 0xa8, 0xee, 0xf2, 0x5a, 0xe2, 0xfa, 0x5a, 0x00 } },
    { 0x97ad, 1, { 0xae, 0xf4, 0xfe, 0x5e, 0xfc, 0xf4, 0x5a, 0x00 } },
    { 0x97b3, 1, { 0xaa, 0xfe, 0xe4, 0x4a, 0xfe, 0xea, 0x4e, 0x00 } },
    { 0x97b4, 1, { 0xaa, 0xfe, 0xea, 0x5e, 0xf0, 0xee, 0x4a, 0x00 } },
    { 0x97c3, 1, { 0xa4, 0xee, 0xde, 0x6a, 0xde, 0xe4, 0x7e, 0x00 } },
    { 0x97c6, 1, { 0xbe, 0xec, 0xec, 0x56, 0xe8, 0xec, 0x7e, 0x00 } },
    { 0x97c8, 1, { 0xaa, 0xfe, 0xec, 0x5e, 0xf6, 0xf4, 0x5a, 0x00 } },
    { 0x97cb, 1, { 0x10, 0x7c, 0x24, 0xfe, 0x48, 0xfe, 0x08, 0x00 } },
    { 0x97d3, 1, { 0xe8, 0x5e, 0xea, 0xbe, 0x54, 0xfe, 0x44, 0x00 } },
    { 0x97dc, 1, { 0x5c, 0xea, 0x60, 0xb6, 0x52, 0xf6, 0x5e, 0x00 } },
    { 0x97ed, 1, { 0x28, 0x28, 0xee, 0x28, 0xee, 0x28, 0xfe, 0x00 } },
    { 0x97ee, 1, { 0x28, 0xfe, 0x6c, 0x28, 0x6c, 0x28, 0xfe, 0x00 } },
    { 0x97f2, 1, { 0x10, 0xfe, 0x6c, 0xba, 0x6c, 0x28, 0xfe, 0x00 } },
    { 0x97f3, 1, { 0x10, 0x7c, 0x28, 0xfe, 0x7c, 0x44, 0x7c, 0x00 } },
    { 0x97f5, 1, { 0x28, 0xfe, 0x52, 0xfa, 0x06, 0x6a, 0x66, 0x00 } },
    { 0x97f6, 1, { 0x2e, 0xf6, 0x5a, 0xf0, 0x0e, 0x6a, 0x6e, 0x00 } },
    { 0x97fb, 1, { 0x2c, 0xfc, 0x5e, 0xf2, 0x1e, 0x60, 0x72, 0x00 } },
    { 0x97ff, 1, { 0x76, 0xb6, 0x66, 0xbc, 0x28, 0xfe, 0x38, 0x00 } },
    { 0x9801, 1, { 0xfe, 0x10, 0x7c, 0x7c, 0x44, 0x7c, 0xc6, 0x00 } },
    { 0x9802, 1, { 0xfe, 0x48, 0x5e, 0x52, 0x5e, 0xc0, 0x12, 0x00 } },
    { 0x9803, 1, { 0x9e, 0xa8, 0xde, 0x92, 0xbe, 0xe0, 0x12, 0x00 } },
    { 0x9805, 1, { 0x1e, 0xe8, 0x5e, 0x52, 0x7e, 0xc0, 0x12, 0x00 } },
    { 0x9806, 1, { 0x5e, 0x74, 0x7e, 0x7a, 0x7e, 0x50, 0x9a, 0x00 } },
    { 0x9808, 1, { 0x5e, 0x88, 0x5e, 0x92, 0x1e, 0x40, 0x92, 0x00 } },
    { 0x980c, 1, { 0x5e, 0x54, 0x8e, 0x2a, 0x2e, 0x50, 0xea, 0x00 } },
    { 0x980f, 1, { 0x2e, 0xf4, 0x0e, 0x7a, 0x5e, 0x50, 0x9a, 0x00 } },
    { 0x9810, 1, { 0xee, 0x24, 0x4e, 0xea, 0x6e, 0x40, 0xd2, 0x00 } },
    { 0x9811, 1, { 0x6e, 0x04, 0xfe, 0x6a, 0x6e, 0xb0, 0x0a, 0x00 } },
    { 0x9812, 1, { 0x5e, 0x54, 0x8e, 0x7a, 0x5e, 0x50, 0xba, 0x00 } },
    { 0x9813, 1, { 0x2e, 0xf4, 0x2e, 0xaa, 0xfe, 0x20, 0x3a, 0x00 } },
    { 0x9817, 1, { 0x2e, 0xf4, 0xae, 0xfa, 0xde, 0xa0, 0xda, 0x00 } },
    { 0x9818, 1, { 0x5e, 0xa4, 0xee, 0x0a, 0xee, 0x60, 0x52, 0x00 } },
    { 0x981a, 1, { 0xfe, 0x54, 0x2e, 0xda, 0x6e, 0x30, 0xca, 0x00 } },
    { 0x9821, 1, { 0x2e, 0xf4, 0x2e, 0x7a, 0x0e, 0x60, 0x6a, 0x00 } },
    { 0x9824, 1, { 0xfe, 0xa4, 0xf6, 0xd6, 0xf6, 0xa0, 0xfa, 0x00 } },
    { 0x982c, 1, { 0x2e, 0xf4, 0x2e, 0xba, 0xfe, 0x20, 0xda, 0x00 } },
    { 0x982d, 1, { 0xee, 0x04, 0xee, 0xaa, 0x4e, 0xe0, 0x12, 0x00 } },
    { 0x9834, 1, { 0x8e, 0xe4, 0x8e, 0x6a, 0xfe, 0x20, 0xaa, 0x00 } },
    { 0x9837, 1, { 0x2e, 0x54, 0xee, 0x2a, 0x7e, 0x50, 0x7a, 0x00 } },
    { 0x9838, 1, { 0xfe, 0x54, 0xae, 0x5a, 0xfe, 0x20, 0xfa, 0x00 } },
    { 0x983b, 1, { 0x2e, 0xb4, 0xae, 0xfa, 0xbe, 0x20, 0xca, 0x00 } },
    { 0x983c, 1, { 0x2e, 0xf4, 0x7e, 0x7a, 0x2e, 0x70, 0xaa, 0x00 } },
    { 0x983d, 1, { 0x6e, 0xf4, 0x7e, 0xaa, 0x7e, 0x50, 0x9a, 0x00 } },
    { 0x9846, 1, { 0xfe, 0xb4, 0xfe, 0x2a, 0xfe, 0x70, 0xaa, 0x00 } },
    { 0x984b, 1, { 0xfe, 0xb4, 0xfe, 0xfa, 0x0e, 0xd0, 0xba, 0x00 } },
    { 0x984c, 1, { 0x6e, 0x64, 0xfe, 0x2e, 0x70, 0x6a, 0x9e, 0x00 } },
    { 0x984d, 1, { 0x2e, 0xf4, 0xbe, 0x5a, 0x2e, 0xd0, 0x7a, 0x00 } },
    { 0x984e, 1, { 0xde, 0xd4, 0x6e, 0xfa, 0x4e, 0x20, 0x6a, 0x00 } },
    { 0x984f, 1, { 0x2e, 0xf4, 0x6e, 0xfa, 0xae, 0x90, 0xaa, 0x00 } },
    { 0x9854, 1, { 0x2e, 0xf4, 0x5e, 0xfa, 0xae, 0x90, 0xaa, 0x00 } },
    { 0x9855, 1, { 0xfe, 0x94, 0x6e, 0xfa, 0x6e, 0x70, 0xca, 0x00 } },
    { 0x9858, 1, { 0xfe, 0xa4, 0xfe, 0xfa, 0xae, 0xf0, 0xaa, 0x00 } },
    { 0x985b, 1, { 0x2e, 0xf4, 0x6e, 0x6a, 0xfe, 0x00, 0x92, 0x00 } },
    { 0x985e, 1, { 0xae, 0x74, 0xae, 0x2a, 0xfe, 0x20, 0xda, 0x00 } },
    { 0x9867, 1, { 0xfe, 0x54, 0x76, 0x66, 0xf6, 0x60, 0x7a, 0x00 } },
    { 0x986b, 1, { 0x2e, 0xf4, 0xde, 0xfa, 0x6e, 0x70, 0xea, 0x00 } },
    { 0x986f, 1, { 0xfe, 0xf4, 0x5e, 0xaa, 0x5e, 0xf0, 0xaa, 0x00 } },
    { 0x9870, 1, { 0x2e, 0xb6, 0xf0, 0x6a, 0x38, 0xfe, 0x10, 0x00 } },
    { 0x9871, 1, { 0x2e, 0x34, 0xee, 0xba, 0x8e, 0xb0, 0xfa, 0x00 } },
    { 0x9873, 1, { 0xfe, 0x64, 0xfe, 0x2a, 0xfe, 0xf0, 0x5a, 0x00 } },
    { 0x9874, 1, { 0x5e, 0xf4, 0xde, 0x5a, 0x7e, 0xd0, 0x7a, 0x00 } },
    { 0x98a8, 1, { 0x7c, 0x54, 0x7c, 0x7c, 0x54, 0x5c, 0xb6, 0x00 } },
    { 0x98aa, 1, { 0xfe, 0x18, 0x7c, 0x4c, 0x74, 0x5c, 0xba, 0x00 } },
    { 0x98af, 1, { 0x7e, 0xea, 0xbe, 0xbe, 0x6a, 0xee, 0x3a, 0x00 } },
    { 0x98b1, 1, { 0xf4, 0xb8, 0xfe, 0xf6, 0xb6, 0xb0, 0xde, 0x00 } },
    { 0x98b6, 1, { 0xf6, 0xb6, 0xfe, 0xf0, 0xba, 0xb0, 0xde, 0x00 } },
    { 0x98c3, 1, { 0xfe, 0xb6, 0xf6, 0xf0, 0xbe, 0xb4, 0xde, 0x00 } },
    { 0x98c4, 1, { 0xfe, 0x76, 0x7e, 0x1e, 0xf6, 0x36, 0xaa, 0x00 } },
    { 0x98c6, 1, { 0x5e, 0xf6, 0x5e, 0xbe, 0xf6, 0x76, 0xaa, 0x00 } },
    { 0x98db, 1, { 0xfc, 0x54, 0xd2, 0x7c, 0xd6, 0x54, 0x92, 0x00 } },
    { 0x98dc, 1, { 0xfc, 0x6c, 0xfa, 0x6c, 0xbe, 0x7c, 0x6a, 0x00 } },
    { 0x98df, 1, { 0x10, 0x28, 0xd6, 0x30, 0x34, 0x28, 0x76, 0x00 } },
    { 0x98e2, 1, { 0x5c, 0xb4, 0x54, 0xd4, 0xd4, 0x94, 0xe6, 0x00 } },
    { 0x98e9, 1, { 0x48, 0xbe, 0xe8, 0xea, 0x9e, 0xe8, 0x8e, 0x00 } },
    { 0x98eb, 1, { 0x44, 0xb8, 0xc8, 0xfe, 0x88, 0xc8, 0xb6, 0x00 } },
    { 0x98ed, 1, { 0x48, 0xae, 0xf0, 0xe8, 0x9e, 0xea, 0x96, 0x00 } },
    { 0x98ee, 1, { 0x48, 0xae, 0xf6, 0xe4, 0x84, 0xe4, 0x9a, 0x00 } },
    { 0x98ef, 1, { 0x5e, 0xb0, 0x5e, 0xda, 0xda, 0x94, 0xea, 0x00 } },
    { 0x98f2, 1, { 0x48, 0xae, 0x56, 0xe4, 0xe4, 0x84, 0xea, 0x00 } },
    { 0x98f4, 1, { 0x44, 0xa4, 0x4a, 0xfe, 0xe0, 0x8e, 0xee, 0x00 } },
    { 0x98fc, 1, { 0x5e, 0xa2, 0x5a, 0xc2, 0xda, 0x9a, 0xe6, 0x00 } },
    { 0x98fd, 1, { 0x48, 0xae, 0x56, 0xe2, 0xee, 0x88, 0xee, 0x00 } },
    { 0x98fe, 1, { 0x48, 0xae, 0x54, 0xc4, 0xde, 0x96, 0xe4, 0x00 } },
    { 0x9903, 1, { 0x48, 0xbe, 0xd4, 0xe2, 0x94, 0xc8, 0xb6, 0x00 } },
    { 0x9905, 1, { 0x54, 0xa0, 0x7e, 0xd4, 0xfe, 0x94, 0xe4, 0x00 } },
    { 0x9909, 1, { 0x48, 0xbe, 0xd2, 0xde, 0x9a, 0xde, 0x92, 0x00 } },
    { 0x990a, 1, { 0x44, 0xfe, 0x10, 0xfe, 0x7a, 0xb4, 0x3a, 0x00 } },
    { 0x990c, 1, { 0x5e, 0xaa, 0x4e, 0xee, 0xea, 0x9e, 0xe2, 0x00 } },
    { 0x9910, 1, { 0x2e, 0x3a, 0xd4, 0x3a, 0xf6, 0x28, 0x76, 0x00 } },
    { 0x9912, 1, { 0x5c, 0xaa, 0xc0, 0xc8, 0xbe, 0xd4, 0xba, 0x00 } },
    { 0x9913, 1, { 0x4e, 0xb4, 0x3e, 0xd4, 0xd6, 0xbc, 0xd2, 0x00 } },
    { 0x9914, 1, { 0x4a, 0xbe, 0xc8, 0xde, 0x9a, 0xde, 0x9a, 0x00 } },
    { 0x9918, 1, { 0x44, 0xaa, 0xfe, 0xe4, 0x9e, 0xe4, 0x96, 0x00 } },
    { 0x991d, 1, { 0x54, 0xbe, 0xc8, 0xfe, 0x90, 0xde, 0xa2, 0x00 } },
    { 0x991e, 1, { 0x4a, 0xbe, 0xe4, 0xea, 0x9e, 0xe4, 0x9a, 0x00 } },
    { 0x9920, 1, { 0x54, 0xa8, 0xfe, 0xd4, 0xbe, 0xd4, 0xa4, 0x00 } },
    { 0x9921, 1, { 0x4e, 0xb2, 0xc4, 0xd6, 0x92, 0xd6, 0x9e, 0x00 } },
    { 0x9924, 1, { 0x56, 0xa4, 0xfa, 0xe4, 0x96, 0xe4, 0x9a, 0x00 } },
    { 0x9928, 1, { 0x44, 0xbe, 0x52, 0xec, 0xee, 0x8a, 0xee, 0x00 } },
    { 0x992c, 1, { 0x56, 0xbe, 0xd6, 0xfe, 0xae, 0xfe, 0x8a, 0x00 } },
    { 0x992e, 1, { 0xf4, 0x6a, 0xd4, 0x38, 0xf6, 0x28, 0x76, 0x00 } },
    { 0x993d, 1, { 0x48, 0xbe, 0xea, 0xfe, 0xaa, 0xdc, 0xae, 0x00 } },
    { 0x993e, 1, { 0x4e, 0xb6, 0xe6, 0xfa, 0x9c, 0xdc, 0x9c, 0x00 } },
    { 0x9942, 1, { 0x5e, 0xb6, 0xfa, 0xfe, 0x80, 0xec, 0x9e, 0x00 } },
    { 0x9945, 1, { 0x5c, 0xb4, 0xfe, 0xfe, 0x94, 0xc8, 0xb6, 0x00 } },
    { 0x9949, 1, { 0x54, 0xbe, 0xd4, 0xfe, 0xbe, 0xc8, 0xbe, 0x00 } },
    { 0x994b, 1, { 0x48, 0xbe, 0xea, 0xfe, 0x9c, 0xdc, 0xa2, 0x00 } },
    { 0x994c, 1, { 0x76, 0xb6, 0xe4, 0xf6, 0x9c, 0xc0, 0xa2, 0x00 } },
    { 0x9950, 1, { 0x44, 0xbe, 0xe4, 0xfe, 0x92, 0xec, 0x9e, 0x00 } },
    { 0x9951, 1, { 0x52, 0xa4, 0xd2, 0xfc, 0x96, 0xd4, 0xaa, 0x00 } },
    { 0x9952, 1, { 0x48, 0xbc, 0xfe, 0xf6, 0xbe, 0xd4, 0xa6, 0x00 } },
    { 0x9955, 1, { 0x66, 0x6c, 0xee, 0x3c, 0xf6, 0x28, 0x76, 0x00 } },
    { 0x9957, 1, { 0x76, 0xb6, 0x64, 0xb8, 0xf6, 0x38, 0x76, 0x00 } },
    { 0x9996, 1, { 0x44, 0xfe, 0x10, 0x7c, 0x7c, 0x44, 0x7c, 0x00 } },
    { 0x9997, 1, { 0x4a, 0xfe, 0x64, 0x6a, 0x6e, 0x6a, 0xbe, 0x00 } },
    { 0x9998, 1, { 0xa4, 0xfe, 0x44, 0xb4, 0xf6, 0xa4, 0xfa, 0x00 } },
    { 0x9999, 1, { 0x0c, 0x70, 0xfe, 0x38, 0xd6, 0x7c, 0x7c, 0x00 } },
    { 0x99a5, 1, { 0x78, 0x2e, 0xfc, 0x76, 0xaa, 0x74, 0x7a, 0x00 } },
    { 0x99a8, 1, { 0x2e, 0xfa, 0x64, 0x9a, 0x38, 0xee, 0x38, 0x00 } },
    { 0x99ac, 1, { 0x7e, 0x50, 0x7c, 0x50, 0x7e, 0x02, 0xaa, 0x00 } },
    { 0x99ad, 1, { 0xee, 0xc2, 0xea, 0xca, 0xe4, 0x24, 0xba, 0x00 } },
    { 0x99ae, 1, { 0xbe, 0x28, 0x3c, 0x28, 0xbe, 0x82, 0xaa, 0x00 } },
    { 0x99b3, 1, { 0xe4, 0xd4, 0xfe, 0xd6, 0xf4, 0x32, 0xbe, 0x00 } },
    { 0x99b4, 1, { 0xf2, 0xda, 0xfa, 0xda, 0xfa, 0x32, 0xa2, 0x00 } },
    { 0x99bc, 1, { 0xe4, 0xde, 0xea, 0xca, 0xe4, 0x24, 0xba, 0x00 } },
    { 0x99c1, 1, { 0xea, 0xc4, 0xea, 0xc0, 0xea, 0x24, 0xba, 0x00 } },
    { 0x99c4, 1, { 0xe8, 0xde, 0xe8, 0xd4, 0xf4, 0x22, 0xaa, 0x00 } },
    { 0x99c5, 1, { 0xee, 0xca, 0xea, 0xcc, 0xec, 0x2a, 0xb2, 0x00 } },
    { 0x99c6, 1, { 0xee, 0xc8, 0xea, 0xcc, 0xea, 0x28, 0xae, 0x00 } },
    { 0x99c8, 1, { 0xe4, 0xd8, 0xf0, 0xde, 0xf4, 0x34, 0xbe, 0x00 } },
    { 0x99d0, 1, { 0xe8, 0xc4, 0xee, 0xc4, 0xee, 0x24, 0xae, 0x00 } },
    { 0x99d1, 1, { 0x2e, 0xfa, 0x54, 0x6a, 0xbe, 0x02, 0xaa, 0x00 } },
    { 0x99d2, 1, { 0xe8, 0xce, 0xf2, 0xce, 0xee, 0x22, 0xa6, 0x00 } },
    { 0x99d5, 1, { 0x40, 0xfe, 0x5a, 0xae, 0x3e, 0x02, 0xaa, 0x00 } },
    { 0x99d8, 1, { 0xe4, 0xc4, 0xea, 0xde, 0xe0, 0x2e, 0xae, 0x00 } },
    { 0x99db, 1, { 0xe4, 0xde, 0xf6, 0xde, 0xec, 0x24, 0xba, 0x00 } },
    { 0x99dd, 1, { 0xe4, 0xde, 0xf2, 0xc8, 0xee, 0x28, 0xae, 0x00 } },
    { 0x99df, 1, { 0xfe, 0xd6, 0xf6, 0xd6, 0xfa, 0x32, 0xbe, 0x00 } },
    { 0x99e2, 1, { 0xea, 0xc0, 0xfe, 0xca, 0xfe, 0x2a, 0xb2, 0x00 } },
    { 0x99ed, 1, { 0xe4, 0xde, 0xe8, 0xd4, 0xea, 0x24, 0xba, 0x00 } },
    { 0x99ee, 1, { 0xe4, 0xde, 0xea, 0xd0, 0xea, 0x24, 0xba, 0x00 } },
    { 0x99f1, 1, { 0xe6, 0xca, 0xe4, 0xca, 0xf0, 0x2e, 0xae, 0x00 } },
    { 0x99f2, 1, { 0xea, 0xca, 0xfe, 0xde, 0xea, 0x2a, 0xb2, 0x00 } },
    { 0x99f8, 1, { 0xec, 0xc6, 0xec, 0xde, 0xfa, 0x24, 0xba, 0x00 } },
    { 0x99fb, 1, { 0xee, 0xca, 0xee, 0xde, 0xe4, 0x3e, 0xa4, 0x00 } },
    { 0x99ff, 1, { 0xea, 0xde, 0xea, 0xd2, 0xec, 0x34, 0xaa, 0x00 } },
    { 0x9a01, 1, { 0xe4, 0xce, 0xee, 0xde, 0xec, 0x22, 0xa6, 0x00 } },
    { 0x9a05, 1, { 0xf4, 0xde, 0xf4, 0xde, 0xf4, 0x34, 0xbe, 0x00 } },
    { 0x9a0e, 1, { 0xe4, 0xde, 0xe4, 0xca, 0xfe, 0x22, 0xaa, 0x00 } },
    { 0x9a0f, 1, { 0xea, 0xde, 0xea, 0xce, 0xfe, 0x20, 0xb2, 0x00 } },
    { 0x9a12, 1, { 0xfe, 0xca, 0xe4, 0xde, 0xee, 0x24, 0xbe, 0x00 } },
    { 0x9a13, 1, { 0xe8, 0xd4, 0xfe, 0xea, 0xfe, 0x28, 0xb6, 0x00 } },
    { 0x9a19, 1, { 0xfe, 0xca, 0xee, 0xc8, 0xee, 0x3e, 0xaa, 0x00 } },
    { 0x9a28, 1, { 0xea, 0xc4, 0xfe, 0xde, 0xe4, 0x3e, 0xa4, 0x00 } },
    { 0x9a2b, 1, { 0x10, 0xfe, 0xaa, 0x7c, 0xbe, 0x02, 0xaa, 0x00 } },
    { 0x9a30, 1, { 0xf6, 0xa4, 0xfe, 0xac, 0xee, 0xa2, 0xb6, 0x00 } },
    { 0x9a37, 1, { 0xee, 0xca, 0xe4, 0xda, 0xee, 0x2c, 0xbe, 0x00 } },
    { 0x9a3e, 1, { 0xfe, 0xea, 0xfe, 0xd0, 0xfe, 0x28, 0xaa, 0x00 } },
    { 0x9a40, 1, { 0x28, 0xfe, 0x7c, 0xaa, 0x3e, 0x02, 0xaa, 0x00 } },
    { 0x9a42, 1, { 0xd4, 0xfa, 0xd4, 0xfe, 0xea, 0x24, 0xb8, 0x00 } },
    { 0x9a43, 1, { 0xfe, 0xcc, 0xec, 0xc0, 0xfe, 0x28, 0xaa, 0x00 } },
    { 0x9a45, 1, { 0xfe, 0xdc, 0xfc, 0xd0, 0xf6, 0x36, 0xbe, 0x00 } },
    { 0x9a4d, 1, { 0xe4, 0xce, 0xfe, 0xda, 0xfe, 0x2c, 0xb6, 0x00 } },
    { 0x9a55, 1, { 0xdc, 0xfe, 0xd4, 0xea, 0xfe, 0x22, 0xaa, 0x00 } },
    { 0x9a57, 1, { 0xe8, 0xd4, 0xfe, 0xea, 0xfe, 0x34, 0xaa, 0x00 } },
    { 0x9a5a, 1, { 0x56, 0xfa, 0x74, 0xba, 0x3e, 0x02, 0xaa, 0x00 } },
    { 0x9a5b, 1, { 0xfe, 0xde, 0xe4, 0xde, 0xea, 0x3e, 0xa4, 0x00 } },
    { 0x9a5f, 1, { 0xfe, 0xda, 0xec, 0xda, 0xe8, 0x3c, 0xaa, 0x00 } },
    { 0x9a62, 1, { 0xe4, 0xc6, 0xfc, 0xd6, 0xf0, 0x2c, 0xbe, 0x00 } },
    { 0x9a64, 1, { 0xe8, 0xfe, 0xf6, 0xdc, 0xfe, 0x34, 0xba, 0x00 } },
    { 0x9a65, 1, { 0xec, 0xde, 0xec, 0xde, 0xfe, 0x2c, 0xb2, 0x00 } },
    { 0x9a69, 1, { 0xf4, 0xfe, 0xf6, 0xd4, 0xfe, 0x34, 0xbe, 0x00 } },
    { 0x9a6a, 1, { 0xf6, 0xea, 0xfe, 0xec, 0xfe, 0x24, 0xb6, 0x00 } },
    { 0x9a6b, 1, { 0x7c, 0x50, 0x7e, 0xaa, 0x7c, 0x7e, 0xda, 0x00 } },
    { 0x9aa8, 1, { 0x7c, 0x4c, 0xfe, 0xc6, 0x7c, 0x44, 0x4c, 0x00 } },
    { 0x9aad, 1, { 0x7e, 0x54, 0xf4, 0x9e, 0x74, 0x74, 0x54, 0x00 } },
    { 0x9ab0, 1, { 0x7e, 0x5a, 0xf0, 0x9e, 0x7a, 0x74, 0x5a, 0x00 } },
    { 0x9ab8, 1, { 0x74, 0x5e, 0xf8, 0x94, 0x7a, 0x74, 0x5a, 0x00 } },
    { 0x9abc, 1, { 0x76, 0x5a, 0xf4, 0x9a, 0x70, 0x76, 0x56, 0x00 } },
    { 0x9ac0, 1, { 0x68, 0x7e, 0xfa, 0xbe, 0x6c, 0x7e, 0x64, 0x00 } },
    { 0x9ac4, 1, { 0x74, 0x6e, 0xe4, 0xb8, 0x76, 0x76, 0x5e, 0x00 } },
    { 0x9acf, 1, { 0x68, 0x7c, 0xf6, 0xbc, 0x7e, 0x74, 0x7a, 0x00 } },
    { 0x9ad1, 1, { 0x7e, 0x76, 0xee, 0xb2, 0x6e, 0x6e, 0x7a, 0x00 } },
    { 0x9ad3, 1, { 0x74, 0x6e, 0xf4, 0xae, 0x66, 0x76, 0x7e, 0x00 } },
    { 0x9ad4, 1, { 0x6a, 0x7e, 0xfe, 0xbe, 0x72, 0x6c, 0x7e, 0x00 } },
    { 0x9ad8, 1, { 0x10, 0xfe, 0x28, 0x38, 0xfe, 0xaa, 0xba, 0x00 } },
    { 0x9ade, 1, { 0x5c, 0xf4, 0x7e, 0x6a, 0xfe, 0xfc, 0xaa, 0x00 } },
    { 0x9adf, 1, { 0x72, 0x44, 0x72, 0x44, 0xf8, 0x52, 0xec, 0x00 } },
    { 0x9ae2, 1, { 0x72, 0x44, 0xf2, 0x74, 0x3e, 0xec, 0x3e, 0x00 } },
    { 0x9ae3, 1, { 0x72, 0x44, 0xf2, 0x74, 0xfe, 0x1c, 0x64, 0x00 } },
    { 0x9ae6, 1, { 0x72, 0x44, 0xf2, 0x74, 0x3e, 0xf0, 0x1e, 0x00 } },
    { 0x9aea, 1, { 0x72, 0x44, 0xf2, 0x7e, 0x1c, 0x28, 0xd6, 0x00 } },
    { 0x9aeb, 1, { 0x72, 0x44, 0xf2, 0x7e, 0x22, 0xdc, 0x1c, 0x00 } },
    { 0x9aed, 1, { 0x72, 0x44, 0xf2, 0x64, 0x36, 0xa4, 0xf6, 0x00 } },
    { 0x9aee, 1, { 0x72, 0x44, 0xf2, 0x7e, 0x14, 0x28, 0xd6, 0x00 } },
    { 0x9aef, 1, { 0x72, 0x44, 0xf2, 0x7c, 0x54, 0xfe, 0x44, 0x00 } },
    { 0x9af1, 1, { 0x72, 0x44, 0xf2, 0x3e, 0xc2, 0x38, 0x3e, 0x00 } },
    { 0x9af4, 1, { 0x72, 0x44, 0xfa, 0x7c, 0x68, 0x3e, 0xca, 0x00 } },
    { 0x9af7, 1, { 0x72, 0x44, 0xf2, 0x24, 0xfe, 0xaa, 0xfe, 0x00 } },
    { 0x9afb, 1, { 0x72, 0x44, 0xf2, 0x7c, 0x10, 0x7c, 0x7c, 0x00 } },
    { 0x9b06, 1, { 0x72, 0x44, 0xf0, 0x7a, 0xf4, 0x7a, 0xae, 0x00 } },
    { 0x9b18, 1, { 0x72, 0x44, 0xfa, 0x7c, 0x6c, 0x10, 0xee, 0x00 } },
    { 0x9b1a, 1, { 0x72, 0x44, 0xf2, 0x5e, 0x8c, 0x4c, 0x92, 0x00 } },
    { 0x9b1f, 1, { 0x72, 0x44, 0xf2, 0x3c, 0xfe, 0x68, 0xb6, 0x00 } },
    { 0x9b22, 1, { 0x72, 0x44, 0xfe, 0xba, 0x7c, 0x3c, 0xc6, 0x00 } },
    { 0x9b23, 1, { 0x72, 0x44, 0xf2, 0x7c, 0x7c, 0x54, 0xea, 0x00 } },
    { 0x9b25, 1, { 0xee, 0xc6, 0xee, 0x82, 0x82, 0x82, 0x86, 0x00 } },
    { 0x9b27, 1, { 0xee, 0xc6, 0x92, 0xfe, 0xbe, 0xb6, 0x92, 0x00 } },
    { 0x9b28, 1, { 0xee, 0xc6, 0xaa, 0xfe, 0xaa, 0xfe, 0xc6, 0x00 } },
    { 0x9b29, 1, { 0xee, 0xc6, 0x92, 0xa6, 0xbe, 0x9a, 0xae, 0x00 } },
    { 0x9b2a, 1, { 0xee, 0xc6, 0x82, 0xf6, 0xde, 0xa6, 0xf6, 0x00 } },
    { 0x9b2e, 1, { 0xee, 0xc6, 0x9a, 0xea, 0xba, 0xba, 0x9e, 0x00 } },
    { 0x9b2f, 1, { 0xd6, 0xaa, 0xd6, 0xfe, 0x78, 0x42, 0x3e, 0x00 } },
    { 0x9b31, 1, { 0x54, 0xee, 0x7c, 0xfa, 0xf4, 0x42, 0x74, 0x00 } },
    { 0x9b32, 1, { 0xfe, 0x44, 0x7c, 0xfe, 0xaa, 0xde, 0x92, 0x00 } },
    { 0x9b3b, 1, { 0xd6, 0x7a, 0xd6, 0xfe, 0x44, 0xfe, 0x92, 0x00 } },
    { 0x9b3c, 1, { 0x10, 0x7c, 0x54, 0x7c, 0x7a, 0x2c, 0xce, 0x00 } },
    { 0x9b41, 1, { 0x54, 0xe4, 0xf4, 0xe6, 0x7c, 0x64, 0xbe, 0x00 } },
    { 0x9b42, 1, { 0xe8, 0x1e, 0xfa, 0x5e, 0xbe, 0xec, 0x16, 0x00 } },
    { 0x9b43, 1, { 0x4a, 0xfe, 0xe8, 0xea, 0x74, 0x6a, 0xbe, 0x00 } },
    { 0x9b44, 1, { 0x48, 0xfe, 0xba, 0xfe, 0xbe, 0xec, 0x16, 0x00 } },
    { 0x9b45, 1, { 0x48, 0xfc, 0xe8, 0xfe, 0x5c, 0x6a, 0xbe, 0x00 } },
    { 0x9b4d, 1, { 0x5e, 0xfa, 0xf6, 0xfa, 0x7e, 0x72, 0xbe, 0x00 } },
    { 0x9b4e, 1, { 0x5e, 0xe4, 0xfe, 0xf6, 0x76, 0x7a, 0xbe, 0x00 } },
    { 0x9b4f, 1, { 0x68, 0xfe, 0x7a, 0xae, 0xfe, 0x6c, 0xd6, 0x00 } },
    { 0x9b51, 1, { 0x44, 0xfe, 0xec, 0xec, 0x7e, 0x76, 0xbe, 0x00 } },
    { 0x9b54, 1, { 0x08, 0x7e, 0x54, 0x7e, 0x5c, 0x5c, 0xa6, 0x00 } },
    { 0x9b58, 1, { 0x7e, 0x6e, 0x74, 0x7a, 0xac, 0x3c, 0xce, 0x00 } },
    { 0x9b5a, 1, { 0x38, 0xc8, 0x7c, 0x54, 0x7c, 0x00, 0xaa, 0x00 } },
    { 0x9b6f, 1, { 0x38, 0xc8, 0x7c, 0x7c, 0xaa, 0x7c, 0x7c, 0x00 } },
    { 0x9b74, 1, { 0x64, 0xbe, 0x68, 0x6e, 0x6a, 0x0a, 0xb6, 0x00 } },
    { 0x9b83, 1, { 0x7e, 0xac, 0x76, 0x64, 0x7e, 0x04, 0xa4, 0x00 } },
    { 0x9b8e, 1, { 0x68, 0xa8, 0x6e, 0x68, 0x7e, 0x12, 0xbe, 0x00 } },
    { 0x9b91, 1, { 0x68, 0xae, 0x72, 0x6e, 0x6e, 0x08, 0xae, 0x00 } },
    { 0x9b92, 1, { 0x6a, 0xb6, 0x72, 0x7a, 0x72, 0x12, 0xb6, 0x00 } },
    { 0x9b93, 1, { 0x68, 0xae, 0x78, 0x6e, 0x68, 0x0e, 0xa8, 0x00 } },
    { 0x9b96, 1, { 0x7e, 0xa8, 0x68, 0x6e, 0x7a, 0x0a, 0xae, 0x00 } },
    { 0x9b97, 1, { 0x66, 0xaa, 0x64, 0x7a, 0x64, 0x00, 0xa6, 0x00 } },
    { 0x9b9f, 1, { 0x68, 0xbe, 0x6a, 0x7e, 0x74, 0x0c, 0xb2, 0x00 } },
    { 0x9ba0, 1, { 0x6c, 0xb4, 0x7e, 0x7e, 0x7a, 0x18, 0xae, 0x00 } },
    { 0x9ba8, 1, { 0x6a, 0xac, 0x6a, 0x6e, 0x60, 0x0e, 0xae, 0x00 } },
    { 0x9baa, 1, { 0x68, 0xbe, 0x68, 0x6e, 0x7a, 0x0e, 0xaa, 0x00 } },
    { 0x9bab, 1, { 0x64, 0xbe, 0x6a, 0x70, 0x6a, 0x04, 0xba, 0x00 } },
    { 0x9bad, 1, { 0x64, 0xae, 0x64, 0x7e, 0x6e, 0x04, 0xae, 0x00 } },
    { 0x9bae, 1, { 0x6a, 0xbe, 0x64, 0x6e, 0x64, 0x1e, 0xa4, 0x00 } },
    { 0x9bb4, 1, { 0x74, 0xbe, 0x74, 0x7e, 0x7e, 0x14, 0xb4, 0x00 } },
    { 0x9bb9, 1, { 0xd4, 0x6a, 0xd4, 0xdc, 0xd4, 0x1c, 0xb4, 0x00 } },
    { 0x9bc0, 1, { 0x7e, 0xa8, 0x70, 0x6a, 0x7e, 0x08, 0xaa, 0x00 } },
    { 0x9bc6, 1, { 0x6a, 0xbe, 0x68, 0x7e, 0x7a, 0x1e, 0xba, 0x00 } },
    { 0x9bc9, 1, { 0x7e, 0xaa, 0x7e, 0x6a, 0x7e, 0x08, 0xbe, 0x00 } },
    { 0x9bca, 1, { 0x88, 0x2a, 0x8c, 0x30, 0xfc, 0x7c, 0xaa, 0x00 } },
    { 0x9bcf, 1, { 0x7a, 0xae, 0x7e, 0x6e, 0x7a, 0x1a, 0xaa, 0x00 } },
    { 0x9bd1, 1, { 0x74, 0xa8, 0x74, 0x7e, 0x68, 0x1e, 0xaa, 0x00 } },
    { 0x9bd2, 1, { 0x6e, 0xa4, 0x7e, 0x76, 0x7e, 0x16, 0xb6, 0x00 } },
    { 0x9bd4, 1, { 0x6a, 0xb4, 0x6a, 0x7e, 0x7e, 0x16, 0xbe, 0x00 } },
    { 0x9bd6, 1, { 0x64, 0xae, 0x64, 0x7e, 0x6a, 0x0e, 0xaa, 0x00 } },
    { 0x9bdb, 1, { 0xfe, 0x6a, 0xfe, 0xea, 0xf6, 0x3e, 0xa2, 0x00 } },
    { 0x9be1, 1, { 0xd4, 0x76, 0xd4, 0xf6, 0xd4, 0x36, 0xa4, 0x00 } },
    { 0x9be2, 1, { 0x68, 0xb6, 0x7a, 0x72, 0x7e, 0x0c, 0xb6, 0x00 } },
    { 0x9be3, 1, { 0x7e, 0xb2, 0x7e, 0x68, 0x6e, 0x16, 0xaa, 0x00 } },
    { 0x9be4, 1, { 0x7e, 0xa2, 0x7e, 0x64, 0x76, 0x24, 0xb6, 0x00 } },
    { 0x9be8, 1, { 0x64, 0xbe, 0x6a, 0x6e, 0x64, 0x16, 0xac, 0x00 } },
    { 0x9bf0, 1, { 0x68, 0xb4, 0x6e, 0x7c, 0x64, 0x12, 0xae, 0x00 } },
    { 0x9bf1, 1, { 0x64, 0xa6, 0x7c, 0x76, 0x70, 0x1c, 0xb6, 0x00 } },
    { 0x9bf2, 1, { 0xd4, 0x7a, 0xd0, 0xdc, 0xea, 0x0c, 0xba, 0x00 } },
    { 0x9bf5, 1, { 0x64, 0xaa, 0x7c, 0x6a, 0x74, 0x02, 0xac, 0x00 } },
    { 0x9c04, 1, { 0x64, 0xbe, 0x7c, 0x74, 0x6e, 0x34, 0xaa, 0x00 } },
    { 0x9c06, 1, { 0x68, 0xbe, 0x6c, 0x7e, 0x74, 0x0e, 0xac, 0x00 } },
    { 0x9c08, 1, { 0x6a, 0xbe, 0x6e, 0x60, 0x7e, 0x1c, 0xaa, 0x00 } },
    { 0x9c09, 1, { 0x64, 0xae, 0x6a, 0x6e, 0x7e, 0x04, 0xae, 0x00 } },
    { 0x9c0a, 1, { 0x68, 0xbe, 0x7e, 0x7e, 0x68, 0x1c, 0xaa, 0x00 } },
    { 0x9c0c, 1, { 0x6c, 0xb2, 0x7e, 0x6c, 0x7e, 0x1e, 0xbe, 0x00 } },
    { 0x9c0d, 1, { 0xf4, 0x54, 0xfe, 0xdc, 0xf4, 0x34, 0x9a, 0x00 } },
    { 0x9c10, 1, { 0x7a, 0xba, 0x6c, 0x7e, 0x6c, 0x02, 0xa6, 0x00 } },
    { 0x9c12, 1, { 0x70, 0xbe, 0x6c, 0x6c, 0x74, 0x08, 0xb6, 0x00 } },
    { 0x9c13, 1, { 0x7e, 0xaa, 0x7e, 0x7e, 0x60, 0x12, 0xae, 0x00 } },
    { 0x9c14, 1, { 0x64, 0xbe, 0x64, 0x7c, 0x66, 0x3c, 0xba, 0x00 } },
    { 0x9c15, 1, { 0x76, 0xb2, 0x66, 0x7e, 0x6a, 0x34, 0xaa, 0x00 } },
    { 0x9c1b, 1, { 0x7e, 0xb2, 0x7e, 0x60, 0x6c, 0x0c, 0xbe, 0x00 } },
    { 0x9c21, 1, { 0x68, 0xb6, 0x76, 0x7a, 0x60, 0x0c, 0xac, 0x00 } },
    { 0x9c24, 1, { 0x6e, 0xb4, 0x7e, 0x6e, 0x7e, 0x34, 0xa4, 0x00 } },
    { 0x9c25, 1, { 0x7e, 0xbe, 0x68, 0x74, 0x6a, 0x1c, 0xaa, 0x00 } },
    { 0x9c2d, 1, { 0x6a, 0xbc, 0x6e, 0x74, 0x66, 0x0e, 0xae, 0x00 } },
    { 0x9c2e, 1, { 0x7e, 0xb6, 0x7a, 0x7e, 0x60, 0x0c, 0xbe, 0x00 } },
    { 0x9c2f, 1, { 0xf6, 0x52, 0xf6, 0xe4, 0xf6, 0x1a, 0xb6, 0x00 } },
    { 0x9c30, 1, { 0xf4, 0x4e, 0xfa, 0xde, 0xfa, 0x3e, 0x94, 0x00 } },
    { 0x9c32, 1, { 0x26, 0x6a, 0xf4, 0x6a, 0xfc, 0x7c, 0xaa, 0x00 } },
    { 0x9c39, 1, { 0xfe, 0x7a, 0xf4, 0xca, 0xdc, 0x08, 0xbe, 0x00 } },
    { 0x9c3a, 1, { 0xd4, 0x7a, 0xd4, 0xfe, 0xea, 0x04, 0xb8, 0x00 } },
    { 0x9c3b, 1, { 0xdc, 0x54, 0xfe, 0xfe, 0xd4, 0x08, 0xb6, 0x00 } },
    { 0x9c3e, 1, { 0x7e, 0xac, 0x6c, 0x60, 0x7e, 0x08, 0xaa, 0x00 } },
    { 0x9c46, 1, { 0x64, 0xbe, 0x6a, 0x7e, 0x6c, 0x1e, 0xa4, 0x00 } },
    { 0x9c47, 1, { 0x68, 0xbe, 0x6e, 0x6c, 0x7a, 0x2c, 0x9a, 0x00 } },
    { 0x9c48, 1, { 0x6c, 0xbe, 0x76, 0x60, 0x6e, 0x02, 0xae, 0x00 } },
    { 0x9c52, 1, { 0x6a, 0xbe, 0x7a, 0x72, 0x7e, 0x0a, 0xa6, 0x00 } },
    { 0x9c57, 1, { 0xea, 0x5c, 0xea, 0xc0, 0xf4, 0x1e, 0xa4, 0x00 } },
    { 0x9c5a, 1, { 0xc8, 0x7e, 0xdc, 0xd4, 0xfe, 0x14, 0xbc, 0x00 } },
    { 0x9c60, 1, { 0x68, 0xb4, 0x7e, 0x6a, 0x7e, 0x14, 0xbc, 0x00 } },
    { 0x9c67, 1, { 0x6a, 0xbe, 0x7e, 0x7e, 0x72, 0x0c, 0xbe, 0x00 } },
    { 0x9c76, 1, { 0xd4, 0x7e, 0xc8, 0xfe, 0xdc, 0x3a, 0x94, 0x00 } },
    { 0x9c78, 1, { 0x64, 0xa6, 0x7c, 0x76, 0x70, 0x0c, 0xbe, 0x00 } },
    { 0x9ce5, 1, { 0x10, 0x7c, 0x7c, 0x40, 0x7e, 0x02, 0xaa, 0x00 } },
    { 0x9ce7, 1, { 0x10, 0x78, 0x78, 0x7e, 0xaa, 0x3c, 0xc6, 0x00 } },
    { 0x9ce9, 1, { 0x44, 0xee, 0x6e, 0x68, 0x6e, 0xb2, 0x0a, 0x00 } },
    { 0x9ceb, 1, { 0x7e, 0x48, 0x5c, 0x5c, 0x5e, 0x42, 0xaa, 0x00 } },
    { 0x9cec, 1, { 0x10, 0x78, 0x7e, 0x02, 0x38, 0x2a, 0xce, 0x00 } },
    { 0x9cf0, 1, { 0xc8, 0x5c, 0x5c, 0x50, 0xbe, 0x82, 0x16, 0x00 } },
    { 0x9cf3, 1, { 0x7c, 0x54, 0x74, 0x74, 0x7c, 0x4c, 0xae, 0x00 } },
    { 0x9cf4, 1, { 0x08, 0xdc, 0xdc, 0xd0, 0xde, 0x02, 0x2a, 0x00 } },
    { 0x9cf6, 1, { 0x0a, 0xfe, 0x14, 0x7a, 0x7e, 0x02, 0xaa, 0x00 } },
    { 0x9d03, 1, { 0x44, 0xee, 0xe6, 0x9e, 0xe4, 0x24, 0xba, 0x00 } },
    { 0x9d06, 1, { 0x44, 0xfe, 0xde, 0x48, 0x6e, 0x62, 0xb6, 0x00 } },
    { 0x9d07, 1, { 0x88, 0xdc, 0x9c, 0xf0, 0x5e, 0xe2, 0x56, 0x00 } },
    { 0x9d08, 1, { 0x7e, 0x54, 0x6c, 0x6c, 0x6e, 0x62, 0xaa, 0x00 } },
    { 0x9d09, 1, { 0xf4, 0xae, 0xae, 0xf8, 0x6e, 0xa2, 0x6a, 0x00 } },
    { 0x9d0e, 1, { 0xe4, 0x8e, 0xde, 0xa8, 0xde, 0x82, 0xea, 0x00 } },
    { 0x9d12, 1, { 0x44, 0xae, 0xee, 0x08, 0xee, 0x62, 0x4a, 0x00 } },
    { 0x9d15, 1, { 0x44, 0xde, 0xd2, 0x88, 0xee, 0x28, 0xae, 0x00 } },
    { 0x9d1b, 1, { 0x7e, 0xda, 0x28, 0xfe, 0x3e, 0x02, 0xaa, 0x00 } },
    { 0x9d1f, 1, { 0x14, 0xee, 0xae, 0xf8, 0xae, 0x92, 0xea, 0x00 } },
    { 0x9d23, 1, { 0x44, 0xee, 0x4e, 0xe8, 0xae, 0xe2, 0x16, 0x00 } },
    { 0x9d26, 1, { 0x10, 0x7c, 0xfe, 0x74, 0xbe, 0x02, 0xaa, 0x00 } },
    { 0x9d28, 1, { 0xe8, 0xfc, 0xfc, 0xf0, 0x5e, 0x42, 0x56, 0x00 } },
    { 0x9d2a, 1, { 0x24, 0xfe, 0x8e, 0x58, 0x5e, 0x52, 0x8a, 0x00 } },
    { 0x9d2b, 1, { 0x04, 0xee, 0xee, 0xe8, 0xee, 0xe2, 0x16, 0x00 } },
    { 0x9d2c, 1, { 0x54, 0xfe, 0x92, 0x38, 0x3e, 0x02, 0xaa, 0x00 } },
    { 0x9d3b, 1, { 0x84, 0x7e, 0xae, 0x28, 0xbe, 0xe2, 0x96, 0x00 } },
    { 0x9d3e, 1, { 0x44, 0x9e, 0xfe, 0x78, 0xae, 0xf2, 0x2a, 0x00 } },
    { 0x9d3f, 1, { 0x44, 0xae, 0xee, 0x08, 0xee, 0xa2, 0xea, 0x00 } },
    { 0x9d41, 1, { 0x24, 0xfe, 0x5e, 0x88, 0x5e, 0x22, 0xd6, 0x00 } },
    { 0x9d44, 1, { 0xf4, 0x2e, 0x5e, 0xf8, 0x6e, 0x32, 0xca, 0x00 } },
    { 0x9d46, 1, { 0x56, 0xb0, 0x76, 0xe2, 0x7a, 0x4a, 0x6a, 0x00 } },
    { 0x9d48, 1, { 0xf4, 0x5e, 0x7e, 0x78, 0x5e, 0xf2, 0x1a, 0x00 } },
    { 0x9d50, 1, { 0xf4, 0x2e, 0x7e, 0x78, 0xae, 0x32, 0xca, 0x00 } },
    { 0x9d51, 1, { 0x64, 0x6e, 0x0e, 0xf8, 0x9e, 0xf2, 0x9a, 0x00 } },
    { 0x9d59, 1, { 0xe4, 0xae, 0xee, 0xa8, 0xee, 0x02, 0xaa, 0x00 } },
    { 0x9d5c, 1, { 0x54, 0xfe, 0x2e, 0xf8, 0xae, 0x72, 0xaa, 0x00 } },
    { 0x9d5d, 1, { 0x34, 0xde, 0xfe, 0x58, 0x5e, 0xf2, 0x5a, 0x00 } },
    { 0x9d5e, 1, { 0x6a, 0xfe, 0x64, 0xfa, 0x3e, 0x02, 0xaa, 0x00 } },
    { 0x9d60, 1, { 0x64, 0x7e, 0xae, 0xf8, 0x0e, 0x62, 0x6a, 0x00 } },
    { 0x9d61, 1, { 0xd4, 0x2e, 0xfe, 0x28, 0xae, 0xe2, 0xda, 0x00 } },
    { 0x9d64, 1, { 0x64, 0xae, 0x7e, 0x78, 0x7e, 0x52, 0xba, 0x00 } },
    { 0x9d6c, 1, { 0xf4, 0xbe, 0xfe, 0xb8, 0xfe, 0xb2, 0xba, 0x00 } },
    { 0x9d6f, 1, { 0x44, 0xfe, 0xde, 0xf8, 0x6e, 0xf2, 0x2a, 0x00 } },
    { 0x9d72, 1, { 0x54, 0xfe, 0x5e, 0xf8, 0x0e, 0x62, 0x6a, 0x00 } },
    { 0x9d7a, 1, { 0x24, 0xfe, 0x4e, 0x78, 0xde, 0x62, 0x56, 0x00 } },
    { 0x9d87, 1, { 0x24, 0xfe, 0x6e, 0x78, 0x2e, 0x72, 0xaa, 0x00 } },
    { 0x9d89, 1, { 0x24, 0xfe, 0x5e, 0x78, 0x3e, 0xe2, 0x2a, 0x00 } },
    { 0x9d8f, 1, { 0xe4, 0x0e, 0xae, 0x48, 0xee, 0x42, 0xaa, 0x00 } },
    { 0x9d9a, 1, { 0xd4, 0xde, 0x6e, 0xf8, 0x4e, 0x22, 0x6a, 0x00 } },
    { 0x9da4, 1, { 0xf4, 0xbe, 0xfe, 0x68, 0x6e, 0xf2, 0x2a, 0x00 } },
    { 0x9da9, 1, { 0x76, 0xea, 0x74, 0xba, 0x3e, 0x02, 0xaa, 0x00 } },
    { 0x9dab, 1, { 0x24, 0xfe, 0x7e, 0x78, 0x2e, 0x72, 0xaa, 0x00 } },
    { 0x9daf, 1, { 0xaa, 0x44, 0xfe, 0xba, 0x3e, 0x02, 0xaa, 0x00 } },
    { 0x9db2, 1, { 0x54, 0x8e, 0x46, 0xfc, 0xae, 0x7a, 0xaa, 0x00 } },
    { 0x9db4, 1, { 0x24, 0xfe, 0xae, 0x78, 0xee, 0x62, 0x76, 0x00 } },
    { 0x9db8, 1, { 0xf4, 0x5e, 0xfe, 0xa8, 0xfe, 0x52, 0xfa, 0x00 } },
    { 0x9dba, 1, { 0xd4, 0x2e, 0xde, 0x78, 0xde, 0x72, 0x5a, 0x00 } },
    { 0x9dbb, 1, { 0x74, 0x5e, 0xfe, 0x88, 0x7e, 0x72, 0x5a, 0x00 } },
    { 0x9dc1, 1, { 0x64, 0x9e, 0x6e, 0x68, 0x9e, 0x62, 0xf6, 0x00 } },
    { 0x9dc2, 1, { 0x64, 0xae, 0x4e, 0xf8, 0x2e, 0xb2, 0xfa, 0x00 } },
    { 0x9dc4, 1, { 0x74, 0xae, 0x4e, 0x28, 0xfe, 0x22, 0xd6, 0x00 } },
    { 0x9dc6, 1, { 0x44, 0x7e, 0x6e, 0xe8, 0xfe, 0x02, 0x96, 0x00 } },
    { 0x9dcf, 1, { 0x24, 0xfe, 0x6e, 0x68, 0xfe, 0x02, 0x96, 0x00 } },
    { 0x9dd3, 1, { 0x24, 0xfe, 0xae, 0xf8, 0xbe, 0x82, 0xda, 0x00 } },
    { 0x9dd9, 1, { 0x28, 0x7c, 0xec, 0x76, 0x3e, 0x02, 0xaa, 0x00 } },
    { 0x9de6, 1, { 0x54, 0x7e, 0xee, 0x68, 0x7e, 0x02, 0xaa, 0x00 } },
    { 0x9ded, 1, { 0xf4, 0x5e, 0xfe, 0x78, 0xae, 0x72, 0x7a, 0x00 } },
    { 0x9def, 1, { 0x24, 0xfe, 0x5e, 0xf8, 0x5e, 0x22, 0xaa, 0x00 } },
    { 0x9df2, 1, { 0x24, 0xfe, 0x54, 0x7a, 0xbe, 0x02, 0xaa, 0x00 } },
    { 0x9df8, 1, { 0x74, 0xfe, 0x6e, 0xa8, 0xfe, 0xd2, 0xba, 0x00 } },
    { 0x9df9, 1, { 0x08, 0x7e, 0x6c, 0x6e, 0x5e, 0x42, 0xaa, 0x00 } },
    { 0x9dfa, 1, { 0xec, 0xb4, 0x5e, 0xec, 0x3e, 0x02, 0xaa, 0x00 } },
    { 0x9dfd, 1, { 0x2c, 0x54, 0xfe, 0xba, 0x3e, 0x02, 0xaa, 0x00 } },
    { 0x9e1a, 1, { 0xda, 0xde, 0xae, 0x48, 0xfe, 0x52, 0xea, 0x00 } },
    { 0x9e1b, 1, { 0x54, 0xfe, 0xde, 0x58, 0x7e, 0xd2, 0x7a, 0x00 } },
    { 0x9e1e, 1, { 0x54, 0xb8, 0x54, 0xee, 0x7e, 0x02, 0xaa, 0x00 } },
    { 0x9e75, 1, { 0x10, 0x1e, 0x7c, 0x56, 0x6a, 0x56, 0x7e, 0x00 } },
    { 0x9e78, 1, { 0x48, 0x74, 0xde, 0xaa, 0xbe, 0xa8, 0xf6, 0x00 } },
    { 0x9e79, 1, { 0x44, 0x7e, 0xd4, 0xbc, 0xb6, 0xbc, 0xfa, 0x00 } },
    { 0x9e7d, 1, { 0xe8, 0xce, 0xde, 0xee, 0x7c, 0x54, 0xfe, 0x00 } },
    { 0x9e7f, 1, { 0x08, 0x7e, 0x54, 0x7c, 0x76, 0x64, 0xb6, 0x00 } },
    { 0x9e81, 1, { 0x38, 0xc8, 0x7e, 0x54, 0x7e, 0x64, 0xb6, 0x00 } },
    { 0x9e88, 1, { 0x08, 0x7e, 0x5c, 0x64, 0x76, 0x5c, 0xbe, 0x00 } },
    { 0x9e8b, 1, { 0x08, 0x7e, 0x6c, 0xbe, 0x7c, 0x38, 0xd6, 0x00 } },
    { 0x9e8c, 1, { 0x08, 0x7e, 0x6c, 0xbe, 0x58, 0xfe, 0x24, 0x00 } },
    { 0x9e91, 1, { 0x08, 0x7e, 0x6c, 0xbe, 0x44, 0x7c, 0xc6, 0x00 } },
    { 0x9e92, 1, { 0x4a, 0xfe, 0xaa, 0xee, 0xde, 0xe0, 0x92, 0x00 } },
    { 0x9e93, 1, { 0x44, 0xee, 0x7e, 0x54, 0x7e, 0x64, 0xb6, 0x00 } },
    { 0x9e95, 1, { 0x08, 0x7e, 0x6c, 0xbe, 0x7c, 0x74, 0x7c, 0x00 } },
    { 0x9e97, 1, { 0xee, 0xaa, 0x7e, 0x54, 0x7e, 0x64, 0xb6, 0x00 } },
    { 0x9e9d, 1, { 0x08, 0x7e, 0x6c, 0xbe, 0x72, 0x5a, 0xb6, 0x00 } },
    { 0x9e9f, 1, { 0x56, 0xec, 0xb6, 0xe0, 0xda, 0xee, 0x92, 0x00 } },
    { 0x9ea5, 1, { 0x10, 0xfe, 0x54, 0xaa, 0x5c, 0x28, 0xd6, 0x00 } },
    { 0x9ea6, 1, { 0x10, 0x7c, 0x10, 0xfe, 0x28, 0x50, 0xae, 0x00 } },
    { 0x9ea9, 1, { 0x24, 0xfe, 0x64, 0xbe, 0x54, 0xaa, 0x5e, 0x00 } },
    { 0x9eaa, 1, { 0x2e, 0xf4, 0x6e, 0xbe, 0x52, 0xa6, 0x5e, 0x00 } },
    { 0x9ead, 1, { 0x24, 0xf6, 0x6a, 0xb6, 0x56, 0xa4, 0x5e, 0x00 } },
    { 0x9eb8, 1, { 0x44, 0xee, 0x44, 0x6e, 0xa4, 0x4a, 0xbe, 0x00 } },
    { 0x9eb9, 1, { 0x50, 0xfe, 0x56, 0x6a, 0xbe, 0x4a, 0xbe, 0x00 } },
    { 0x9eba, 1, { 0x5e, 0xe8, 0x5e, 0x76, 0xbe, 0x56, 0xbe, 0x00 } },
    { 0x9ebb, 1, { 0x08, 0x7e, 0x54, 0x7e, 0x54, 0x7e, 0x94, 0x00 } },
    { 0x9ebc, 1, { 0x08, 0x7e, 0x54, 0x7e, 0x68, 0x54, 0xba, 0x00 } },
    { 0x9ebe, 1, { 0x08, 0x7e, 0x54, 0x7e, 0x4c, 0x78, 0x8e, 0x00 } },
    { 0x9ebf, 1, { 0x08, 0x7e, 0x54, 0x7e, 0x54, 0x7e, 0xbe, 0x00 } },
    { 0x9ec4, 1, { 0x28, 0xfe, 0x28, 0xfe, 0x54, 0x7c, 0xc6, 0x00 } },
    { 0x9ecc, 1, { 0x2c, 0x54, 0xfe, 0xaa, 0x7c, 0x38, 0xc6, 0x00 } },
    { 0x9ecd, 1, { 0x38, 0xfe, 0x38, 0xd6, 0x28, 0xfe, 0x54, 0x00 } },
    { 0x9ece, 1, { 0x68, 0xfe, 0x6a, 0xb6, 0x28, 0xfe, 0x54, 0x00 } },
    { 0x9ecf, 1, { 0x64, 0xf4, 0x66, 0xb4, 0xfe, 0x7a, 0xae, 0x00 } },
    { 0x9ed0, 1, { 0x64, 0xfe, 0x6c, 0xbc, 0xfe, 0x7e, 0xaa, 0x00 } },
    { 0x9ed2, 1, { 0x7c, 0x54, 0x7c, 0x10, 0xfe, 0x00, 0xaa, 0x00 } },
    { 0x9ed4, 1, { 0xe8, 0xf4, 0xee, 0x40, 0xfe, 0x04, 0xa8, 0x00 } },
    { 0x9ed8, 1, { 0xea, 0xe8, 0xfe, 0x48, 0xe8, 0x14, 0xa2, 0x00 } },
    { 0x9ed9, 1, { 0xea, 0xfe, 0xe8, 0x48, 0xf6, 0x00, 0xaa, 0x00 } },
    { 0x9edb, 1, { 0x2a, 0x5e, 0xc4, 0x7a, 0x38, 0xfe, 0xaa, 0x00 } },
    { 0x9edc, 1, { 0xe4, 0xf6, 0xfe, 0x44, 0xf6, 0x16, 0xbe, 0x00 } },
    { 0x9edd, 1, { 0xd4, 0xd6, 0xee, 0x56, 0xd6, 0x2a, 0xba, 0x00 } },
    { 0x9ede, 1, { 0xe8, 0xe8, 0xee, 0x48, 0xfe, 0x12, 0xbe, 0x00 } },
    { 0x9ee0, 1, { 0xe4, 0xfe, 0xe4, 0x4e, 0xe0, 0x0e, 0xae, 0x00 } },
    { 0x9ee5, 1, { 0xe4, 0xfe, 0xea, 0x4e, 0xe4, 0x16, 0xac, 0x00 } },
    { 0x9ee8, 1, { 0x54, 0xfe, 0xba, 0x6c, 0xfe, 0x00, 0xaa, 0x00 } },
    { 0x9eef, 1, { 0xe4, 0xfe, 0xea, 0x5e, 0xe0, 0x0e, 0xae, 0x00 } },
    { 0x9ef4, 1, { 0x54, 0xbe, 0x7e, 0xd6, 0x7e, 0x44, 0x6a, 0x00 } },
    { 0x9ef6, 1, { 0x7e, 0x6e, 0x74, 0xba, 0x38, 0xfe, 0xaa, 0x00 } },
    { 0x9ef7, 1, { 0xe8, 0xfe, 0xf6, 0x5e, 0xfc, 0x1c, 0xa2, 0x00 } },
    { 0x9ef9, 1, { 0xaa, 0xfe, 0x54, 0x92, 0x7c, 0x7c, 0x54, 0x00 } },
    { 0x9efb, 1, { 0xaa, 0x5e, 0xe8, 0x4a, 0xea, 0xf4, 0xaa, 0x00 } },
    { 0x9efc, 1, { 0xaa, 0x5e, 0xe8, 0x5e, 0xfa, 0xfe, 0xba, 0x00 } },
    { 0x9efd, 1, { 0x7c, 0x6c, 0x28, 0xee, 0xee, 0x28, 0x3e, 0x00 } },
    { 0x9f07, 1, { 0x26, 0x6a, 0xf4, 0x7e, 0xec, 0x6c, 0x3e, 0x00 } },
    { 0x9f08, 1, { 0x56, 0xaa, 0x74, 0x7a, 0x6c, 0x6c, 0x3e, 0x00 } },
    { 0x9f0e, 1, { 0x38, 0xba, 0xba, 0xee, 0x28, 0x6e, 0xaa, 0x00 } },
    { 0x9f13, 1, { 0x44, 0xee, 0x44, 0xae, 0xca, 0x64, 0xda, 0x00 } },
    { 0x9f15, 1, { 0x44, 0xfe, 0x6c, 0xf6, 0x38, 0xe6, 0x10, 0x00 } },
    { 0x9f20, 1, { 0x2c, 0x44, 0x7c, 0x54, 0x6c, 0x54, 0xea, 0x00 } },
    { 0x9f21, 1, { 0x54, 0x08, 0x7c, 0x54, 0x7c, 0x54, 0x96, 0x00 } },
    { 0x9f2c, 1, { 0x44, 0xbe, 0x9e, 0xfe, 0xde, 0xb0, 0xde, 0x00 } },
    { 0x9f3b, 1, { 0x10, 0x38, 0x28, 0x7c, 0x54, 0xfe, 0x48, 0x00 } },
    { 0x9f3e, 1, { 0x2e, 0x74, 0x54, 0xfe, 0xb4, 0xf4, 0x54, 0x00 } },
    { 0x9f4a, 1, { 0x10, 0xfe, 0x6c, 0xba, 0x44, 0x7c, 0x84, 0x00 } },
    { 0x9f4b, 1, { 0x10, 0xfe, 0x6c, 0xba, 0x44, 0x7c, 0x94, 0x00 } },
    { 0x9f4e, 1, { 0x10, 0xfe, 0x6c, 0xba, 0x7c, 0x7c, 0xac, 0x00 } },
    { 0x9f4f, 1, { 0x10, 0xfe, 0x6c, 0xba, 0x7c, 0x54, 0xbc, 0x00 } },
    { 0x9f52, 1, { 0x10, 0x5e, 0xfc, 0x56, 0x6a, 0x56, 0x7e, 0x00 } },
    { 0x9f54, 1, { 0x28, 0xb8, 0xea, 0xdc, 0xb8, 0xda, 0xfe, 0x00 } },
    { 0x9f5f, 1, { 0x2e, 0xba, 0xee, 0xda, 0xbe, 0xda, 0xfe, 0x00 } },
    { 0x9f60, 1, { 0x2e, 0xb6, 0xea, 0xd0, 0xbe, 0xda, 0xfe, 0x00 } },
    { 0x9f61, 1, { 0x24, 0xba, 0xee, 0xd0, 0xbe, 0xd6, 0xf4, 0x00 } },
    { 0x9f62, 1, { 0x24, 0xba, 0xee, 0xb0, 0xde, 0xb6, 0xf4, 0x00 } },
    { 0x9f63, 1, { 0x24, 0xb6, 0xea, 0xd6, 0xb6, 0xd2, 0xf6, 0x00 } },
    { 0x9f66, 1, { 0x2e, 0xba, 0xee, 0xda, 0xbe, 0xdc, 0xfa, 0x00 } },
    { 0x9f67, 1, { 0x4e, 0xe6, 0x6a, 0xfe, 0x56, 0x6a, 0x7e, 0x00 } },
    { 0x9f6a, 1, { 0x2e, 0xba, 0xee, 0xd4, 0xb6, 0xdc, 0xf6, 0x00 } },
    { 0x9f6c, 1, { 0x2e, 0xb4, 0xee, 0xd6, 0xb0, 0xd6, 0xf6, 0x00 } },
    { 0x9f72, 1, { 0x26, 0xbc, 0xec, 0xdc, 0xbe, 0xde, 0xfa, 0x00 } },
    { 0x9f76, 1, { 0x2a, 0xba, 0xec, 0xbe, 0xd4, 0xb2, 0xf6, 0x00 } },
    { 0x9f77, 1, { 0x5e, 0x72, 0xdc, 0xb8, 0xde, 0xb4, 0xee, 0x00 } },
    { 0x9f8d, 1, { 0x26, 0xfc, 0x56, 0xfa, 0x56, 0x74, 0x56, 0x00 } },
    { 0x9f95, 1, { 0x10, 0xee, 0x3c, 0xfa, 0x56, 0xfc, 0x56, 0x00 } },
    { 0x9f9c, 1, { 0x38, 0xc8, 0x7c, 0xee, 0x6e, 0xec, 0x3e, 0x00 } },
    { 0x9f9d, 1, { 0xcc, 0x74, 0xde, 0x76, 0xd6, 0xf4, 0x5e, 0x00 } },
    { 0x9fa0, 1, { 0x10, 0x28, 0xfe, 0xaa, 0xfe, 0x7c, 0x54, 0x00 } },
    { 0xff01, 1, { 0x10, 0x10, 0x10, 0x10, 0x10, 0x00, 0x10, 0x00 } },
    { 0xff02, 1, { 0x28, 0x28, 0x00, 0x00, 0x00, 0x00, 0x00, 0x00 } },
    { 0xff03, 1, { 0x14, 0x7e, 0x28, 0x28, 0x28, 0xfc, 0x50, 0x00 } },
    { 0xff04, 1, { 0x08, 0x3e, 0x48, 0x3c, 0x12, 0x7c, 0x10, 0x00 } },
    { 0xff05, 1, { 0x42, 0xa4, 0x48, 0x10, 0x24, 0x4a, 0x84, 0x00 } },
    { 0xff06, 1, { 0x30, 0x48, 0x50, 0x24, 0x54, 0x88, 0x76, 0x00 } },
    { 0xff07, 1, { 0x10, 0x10, 0x00, 0x00, 0x00, 0x00, 0x00, 0x00 } },
    { 0xff08, 1, { 0x04, 0x08, 0x10, 0x10, 0x10, 0x08, 0x04, 0x00 } },
    { 0xff09, 1, { 0x40, 0x20, 0x10, 0x10, 0x10, 0x20, 0x40, 0x00 } },
    { 0xff0a, 1, { 0x10, 0x54, 0x38, 0x10, 0x38, 0x54, 0x10, 0x00 } },
    { 0xff0b, 1, { 0x10, 0x10, 0x10, 0xfe, 0x10, 0x10, 0x10, 0x00 } },
    { 0xff0c, 1, { 0x00, 0x00, 0x00, 0x00, 0x60, 0x20, 0x40, 0x00 } },
    { 0xff0d, 1, { 0x00, 0x00, 0x00, 0xfe, 0x00, 0x00, 0x00, 0x00 } },
    { 0xff0e, 1, { 0x00, 0x00, 0x00, 0x00, 0x00, 0x60, 0x60, 0x00 } },
    { 0xff0f, 1, { 0x02, 0x04, 0x08, 0x10, 0x20, 0x40, 0x80, 0x00 } },
    { 0xff10, 1, { 0x3c, 0x42, 0x46, 0x5a, 0x62, 0x42, 0x3c, 0x00 } },
    { 0xff11, 1, { 0x10, 0x30, 0x10, 0x10, 0x10, 0x10, 0x38, 0x00 } },
    { 0xff12, 1, { 0x3c, 0x42, 0x02, 0x0c, 0x30, 0x40, 0x7e, 0x00 } },
    { 0xff13, 1, { 0x3c, 0x42, 0x02, 0x1c, 0x02, 0x42, 0x3c, 0x00 } },
    { 0xff14, 1, { 0x04, 0x0c, 0x14, 0x24, 0x44, 0x7e, 0x04, 0x00 } },
    { 0xff15, 1, { 0x7e, 0x40, 0x7c, 0x42, 0x02, 0x42, 0x3c, 0x00 } },
    { 0xff16, 1, { 0x1c, 0x20, 0x40, 0x7c, 0x42, 0x42, 0x3c, 0x00 } },
    { 0xff17, 1, { 0x7e, 0x02, 0x04, 0x08, 0x08, 0x10, 0x10, 0x00 } },
    { 0xff18, 1, { 0x3c, 0x42, 0x42, 0x3c, 0x42, 0x42, 0x3c, 0x00 } },
    { 0xff19, 1, { 0x3c, 0x42, 0x42, 0x3e, 0x02, 0x04, 0x38, 0x00 } },
    { 0xff1a, 1, { 0x00, 0x30, 0x30, 0x00, 0x30, 0x30, 0x00, 0x00 } },
    { 0xff1b, 1, { 0x00, 0x30, 0x30, 0x00, 0x30, 0x10, 0x20, 0x00 } },
    { 0xff1c, 1, { 0x00, 0x06, 0x38, 0xc0, 0x38, 0x06, 0x00, 0x00 } },
    { 0xff1d, 1, { 0x00, 0x00, 0xfe, 0x00, 0xfe, 0x00, 0x00, 0x00 } },
    { 0xff1e, 1, { 0x00, 0xc0, 0x38, 0x06, 0x38, 0xc0, 0x00, 0x00 } },
    { 0xff1f, 1, { 0x3c, 0x42, 0x02, 0x0c, 0x10, 0x00, 0x10, 0x00 } },
    { 0xff20, 1, { 0x38, 0x44, 0x9a, 0xaa, 0xb4, 0x40, 0x38, 0x00 } },
    { 0xff21, 1, { 0x10, 0x28, 0x28, 0x44, 0x7c, 0x82, 0x82, 0x00 } },
    { 0xff22, 1, { 0x7c, 0x42, 0x42, 0x7c, 0x42, 0x42, 0x7c, 0x00 } },
    { 0xff23, 1, { 0x3c, 0x42, 0x40, 0x40, 0x40, 0x42, 0x3c, 0x00 } },
    { 0xff24, 1, { 0x78, 0x44, 0x42, 0x42, 0x42, 0x44, 0x78, 0x00 } },
    { 0xff25, 1, { 0x7e, 0x40, 0x40, 0x7c, 0x40, 0x40, 0x7e, 0x00 } },
    { 0xff26, 1, { 0x7e, 0x40, 0x40, 0x7c, 0x40, 0x40, 0x40, 0x00 } },
    { 0xff27, 1, { 0x3c, 0x42, 0x40, 0x4e, 0x42, 0x42, 0x3c, 0x00 } },
    { 0xff28, 1, { 0x42, 0x42, 0x42, 0x7e, 0x42, 0x42, 0x42, 0x00 } },
    { 0xff29, 1, { 0x38, 0x10, 0x10, 0x10, 0x10, 0x10, 0x38, 0x00 } },
    { 0xff2a, 1, { 0x02, 0x02, 0x02, 0x02, 0x02, 0x42, 0x3c, 0x00 } },
    { 0xff2b, 1, { 0x42, 0x44, 0x48, 0x50, 0x68, 0x44, 0x42, 0x00 } },
    { 0xff2c, 1, { 0x40, 0x40, 0x40, 0x40, 0x40, 0x40, 0x7e, 0x00 } },
    { 0xff2d, 1, { 0x82, 0xc6, 0xaa, 0xaa, 0x92, 0x92, 0x82, 0x00 } },
    { 0xff2e, 1, { 0x42, 0x62, 0x52, 0x4a, 0x46, 0x42, 0x42, 0x00 } },
    { 0xff2f, 1, { 0x3c, 0x42, 0x42, 0x42, 0x42, 0x42, 0x3c, 0x00 } },
    { 0xff30, 1, { 0x7c, 0x42, 0x42, 0x7c, 0x40, 0x40, 0x40, 0x00 } },
    { 0xff31, 1, { 0x3c, 0x42, 0x42, 0x42, 0x4a, 0x44, 0x3a, 0x00 } },
    { 0xff32, 1, { 0x7c, 0x42, 0x42, 0x7c, 0x48, 0x44, 0x42, 0x00 } },
    { 0xff33, 1, { 0x3c, 0x42, 0x40, 0x3c, 0x02, 0x42, 0x3c, 0x00 } },
    { 0xff34, 1, { 0xfe, 0x10, 0x10, 0x10, 0x10, 0x10, 0x10, 0x00 } },
    { 0xff35, 1, { 0x42, 0x42, 0x42, 0x42, 0x42, 0x42, 0x3c, 0x00 } },
    { 0xff36, 1, { 0x82, 0x82, 0x44, 0x44, 0x28, 0x28, 0x10, 0x00 } },
    { 0xff37, 1, { 0x82, 0x92, 0x92, 0xaa, 0xaa, 0x44, 0x44, 0x00 } },
    { 0xff38, 1, { 0x82, 0x44, 0x28, 0x10, 0x28, 0x44, 0x82, 0x00 } },
    { 0xff39, 1, { 0x82, 0x44, 0x28, 0x10, 0x10, 0x10, 0x10, 0x00 } },
    { 0xff3a, 1, { 0x7e, 0x02, 0x04, 0x08, 0x10, 0x20, 0x7e, 0x00 } },
    { 0xff3b, 1, { 0x1c, 0x10, 0x10, 0x10, 0x10, 0x10, 0x1c, 0x00 } },
    { 0xff3c, 1, { 0x80, 0x40, 0x20, 0x10, 0x08, 0x04, 0x02, 0x00 } },
    { 0xff3d, 1, { 0x70, 0x10, 0x10, 0x10, 0x10, 0x10, 0x70, 0x00 } },
    { 0xff3e, 1, { 0x10, 0x28, 0x00, 0x00, 0x00, 0x00, 0x00, 0x00 } },
    { 0xff3f, 1, { 0x00, 0x00, 0x00, 0x00, 0x00, 0x00, 0xfe, 0x00 } },
    { 0xff40, 1, { 0x20, 0x10, 0x00, 0x00, 0x00, 0x00, 0x00, 0x00 } },
    { 0xff41, 1, { 0x00, 0x00, 0x38, 0x04, 0x3c, 0x44, 0x3c, 0x00 } },
    { 0xff42, 1, { 0x40, 0x40, 0x58, 0x64, 0x44, 0x44, 0x78, 0x00 } },
    { 0xff43, 1, { 0x00, 0x00, 0x38, 0x44, 0x40, 0x44, 0x38, 0x00 } },
    { 0xff44, 1, { 0x04, 0x04, 0x34, 0x4c, 0x44, 0x44, 0x3c, 0x00 } },
    { 0xff45, 1, { 0x00, 0x00, 0x38, 0x44, 0x7c, 0x40, 0x38, 0x00 } },
    { 0xff46, 1, { 0x0c, 0x10, 0x38, 0x10, 0x10, 0x10, 0x10, 0x00 } },
    { 0xff47, 1, { 0x00, 0x00, 0x3c, 0x44, 0x3c, 0x04, 0x38, 0x00 } },
    { 0xff48, 1, { 0x40, 0x40, 0x58, 0x64, 0x44, 0x44, 0x44, 0x00 } },
    { 0xff49, 1, { 0x10, 0x00, 0x10, 0x10, 0x10, 0x10, 0x10, 0x00 } },
    { 0xff4a, 1, { 0x08, 0x00, 0x08, 0x08, 0x08, 0x48, 0x30, 0x00 } },
    { 0xff4b, 1, { 0x20, 0x20, 0x24, 0x28, 0x30, 0x28, 0x24, 0x00 } },
    { 0xff4c, 1, { 0x30, 0x10, 0x10, 0x10, 0x10, 0x10, 0x10, 0x00 } },
    { 0xff4d, 1, { 0x00, 0x00, 0x68, 0x54, 0x54, 0x54, 0x54, 0x00 } },
    { 0xff4e, 1, { 0x00, 0x00, 0x58, 0x64, 0x44, 0x44, 0x44, 0x00 } },
    { 0xff4f, 1, { 0x00, 0x00, 0x38, 0x44, 0x44, 0x44, 0x38, 0x00 } },
    { 0xff50, 1, { 0x00, 0x00, 0x78, 0x44, 0x78, 0x40, 0x40, 0x00 } },
    { 0xff51, 1, { 0x00, 0x00, 0x3c, 0x44, 0x3c, 0x04, 0x04, 0x00 } },
    { 0xff52, 1, { 0x00, 0x00, 0x58, 0x64, 0x40, 0x40, 0x40, 0x00 } },
    { 0xff53, 1, { 0x00, 0x00, 0x3c, 0x40, 0x38, 0x04, 0x78, 0x00 } },
    { 0xff54, 1, { 0x00, 0x20, 0x78, 0x20, 0x20, 0x24, 0x18, 0x00 } },
    { 0xff55, 1, { 0x00, 0x00, 0x44, 0x44, 0x44, 0x4c, 0x34, 0x00 } },
    { 0xff56, 1, { 0x00, 0x00, 0x44, 0x44, 0x28, 0x28, 0x10, 0x00 } },
    { 0xff57, 1, { 0x00, 0x00, 0x44, 0x54, 0x54, 0x28, 0x28, 0x00 } },
    { 0xff58, 1, { 0x00, 0x00, 0x44, 0x28, 0x10, 0x28, 0x44, 0x00 } },
    { 0xff59, 1, { 0x00, 0x00, 0x44, 0x28, 0x28, 0x10, 0x60, 0x00 } },
    { 0xff5a, 1, { 0x00, 0x00, 0x7c, 0x08, 0x10, 0x20, 0x7c, 0x00 } },
    { 0xff5b, 1, { 0x0c, 0x10, 0x10, 0x20, 0x10, 0x10, 0x0c, 0x00 } },
    { 0xff5c, 1, { 0x10, 0x10, 0x10, 0x10, 0x10, 0x10, 0x10, 0x00 } },
    { 0xff5d, 1, { 0x60, 0x10, 0x10, 0x08, 0x10, 0x10, 0x60, 0x00 } },
    { 0xff5e, 1, { 0x00, 0x00, 0x60, 0x92, 0x0c, 0x00, 0x00, 0x00 } },
    { 0xff61, 0, { 0x00, 0x00, 0x00, 0x40, 0xa0, 0x40, 0x00, 0x00 } },
    { 0xff62, 0, { 0xe0, 0x80, 0x80, 0x80, 0x80, 0x00, 0x00, 0x00 } },
    { 0xff63, 0, { 0x00, 0x20, 0x20, 0x20, 0x20, 0xe0, 0x00, 0x00 } },
    { 0xff64, 0, { 0x00, 0x00, 0x00, 0x00, 0x80, 0x40, 0x00, 0x00 } },
    { 0xff65, 0, { 0x00, 0x00, 0x00, 0x40, 0x00, 0x00, 0x00, 0x00 } },
    { 0xff66, 0, { 0xe0, 0x20, 0xe0, 0x20, 0x40, 0x80, 0x00, 0x00 } },
    { 0xff67, 0, { 0x00, 0x00, 0xe0, 0x60, 0x40, 0x80, 0x00, 0x00 } },
    { 0xff68, 0, { 0x00, 0x00, 0x20, 0x40, 0xc0, 0x40, 0x00, 0x00 } },
    { 0xff69, 0, { 0x00, 0x00, 0x40, 0xe0, 0xa0, 0x20, 0x00, 0x00 } },
    { 0xff6a, 0, { 0x00, 0x00, 0x00, 0xe0, 0x40, 0xe0, 0x00, 0x00 } },
    { 0xff6b, 0, { 0x00, 0x00, 0x20, 0xe0, 0x60, 0xa0, 0x00, 0x00 } },
    { 0xff6c, 0, { 0x00, 0x00, 0x40, 0xe0, 0x60, 0x40, 0x00, 0x00 } },
    { 0xff6d, 0, { 0x00, 0x00, 0x00, 0xc0, 0x40, 0xe0, 0x00, 0x00 } },
    { 0xff6e, 0, { 0x00, 0x00, 0xe0, 0x60, 0x20, 0xe0, 0x00, 0x00 } },
    { 0xff6f, 0, { 0x00, 0x00, 0xe0, 0xe0, 0x20, 0xc0, 0x00, 0x00 } },
    { 0xff70, 0, { 0x00, 0x00, 0x80, 0x60, 0x00, 0x00, 0x00, 0x00 } },
    { 0xff71, 0, { 0xe0, 0x20, 0x60, 0x40, 0x40, 0x80, 0x00, 0x00 } },
    { 0xff72, 0, { 0x20, 0x20, 0x40, 0xc0, 0x40, 0x40, 0x00, 0x00 } },
    { 0xff73, 0, { 0x40, 0xe0, 0xa0, 0x20, 0x20, 0x40, 0x00, 0x00 } },
    { 0xff74, 0, { 0x00, 0xe0, 0x40, 0x40, 0x40, 0xe0, 0x00, 0x00 } },
    { 0xff75, 0, { 0x20, 0xe0, 0x20, 0x60, 0xa0, 0x20, 0x00, 0x00 } },
    { 0xff76, 0, { 0x40, 0xe0, 0x60, 0x60, 0xa0, 0xa0, 0x00, 0x00 } },
    { 0xff77, 0, { 0x40, 0xe0, 0x40, 0xe0, 0x40, 0x40, 0x00, 0x00 } },
    { 0xff78, 0, { 0x40, 0x60, 0xa0, 0x20, 0x40, 0x80, 0x00, 0x00 } },
    { 0xff79, 0, { 0x80, 0xe0, 0xc0, 0x40, 0x40, 0x80, 0x00, 0x00 } },
    { 0xff7a, 0, { 0x00, 0xe0, 0x20, 0x20, 0x20, 0xe0, 0x00, 0x00 } },
    { 0xff7b, 0, { 0xa0, 0xe0, 0xa0, 0x20, 0x40, 0x80, 0x00, 0x00 } },
    { 0xff7c, 0, { 0xc0, 0x00, 0xc0, 0x00, 0x20, 0xc0, 0x00, 0x00 } },
    { 0xff7d, 0, { 0xe0, 0x20, 0x20, 0x40, 0x40, 0xa0, 0x00, 0x00 } },
    { 0xff7e, 0, { 0x80, 0xe0, 0xa0, 0xa0, 0x80, 0xe0, 0x00, 0x00 } },
    { 0xff7f, 0, { 0xa0, 0x60, 0x60, 0x20, 0x40, 0x80, 0x00, 0x00 } },
    { 0xff80, 0, { 0x40, 0x60, 0xa0, 0x60, 0x40, 0x80, 0x00, 0x00 } },
    { 0xff81, 0, { 0xe0, 0x40, 0xe0, 0x40, 0x40, 0x80, 0x00, 0x00 } },
    { 0xff82, 0, { 0x00, 0xe0, 0xe0, 0x20, 0x20, 0xc0, 0x00, 0x00 } },
    { 0xff83, 0, { 0xe0, 0x00, 0xe0, 0x40, 0x40, 0x80, 0x00, 0x00 } },
    { 0xff84, 0, { 0x80, 0x80, 0xc0, 0xa0, 0x80, 0x80, 0x00, 0x00 } },
    { 0xff85, 0, { 0x40, 0x40, 0xe0, 0x40, 0x40, 0x80, 0x00, 0x00 } },
    { 0xff86, 0, { 0x00, 0x60, 0x00, 0x00, 0x00, 0xe0, 0x00, 0x00 } },
    { 0xff87, 0, { 0xe0, 0x20, 0xa0, 0x40, 0x40, 0xa0, 0x00, 0x00 } },
    { 0xff88, 0, { 0x40, 0xe0, 0x20, 0x40, 0xe0, 0x40, 0x00, 0x00 } },
    { 0xff89, 0, { 0x20, 0x20, 0x20, 0x20, 0x40, 0x80, 0x00, 0x00 } },
    { 0xff8a, 0, { 0x40, 0x20, 0xa0, 0xa0, 0xa0, 0xa0, 0x00, 0x00 } },
    { 0xff8b, 0, { 0x80, 0x80, 0xe0, 0x80, 0x80, 0x60, 0x00, 0x00 } },
    { 0xff8c, 0, { 0xe0, 0x20, 0x20, 0x20, 0x40, 0x80, 0x00, 0x00 } },
    { 0xff8d, 0, { 0x40, 0x40, 0xa0, 0xa0, 0x20, 0x00, 0x00, 0x00 } },
    { 0xff8e, 0, { 0x40, 0xe0, 0x40, 0xe0, 0xe0, 0x40, 0x00, 0x00 } },
    { 0xff8f, 0, { 0xe0, 0x20, 0x20, 0xc0, 0x40, 0x20, 0x00, 0x00 } },
    { 0xff90, 0, { 0x00, 0xe0, 0x00, 0x60, 0x00, 0xe0, 0x00, 0x00 } },
    { 0xff91, 0, { 0x40, 0x40, 0x40, 0x80, 0xa0, 0xe0, 0x00, 0x00 } },
    { 0xff92, 0, { 0x20, 0xa0, 0x40, 0x40, 0xa0, 0x80, 0x00, 0x00 } },
    { 0xff93, 0, { 0xe0, 0x40, 0xe0, 0x40, 0x40, 0x60, 0x00, 0x00 } },
    { 0xff94, 0, { 0x40, 0xe0, 0x60, 0x60, 0x40, 0x40, 0x00, 0x00 } },
    { 0xff95, 0, { 0xc0, 0x40, 0x40, 0x40, 0x40, 0xe0, 0x00, 0x00 } },
    { 0xff96, 0, { 0xe0, 0x20, 0xe0, 0x20, 0x20, 0xe0, 0x00, 0x00 } },
    { 0xff97, 0, { 0xe0, 0x00, 0xe0, 0x20, 0x20, 0xc0, 0x00, 0x00 } },
    { 0xff98, 0, { 0xa0, 0xa0, 0xa0, 0x20, 0x20, 0x40, 0x00, 0x00 } },
    { 0xff99, 0, { 0x40, 0x40, 0xc0, 0xc0, 0xc0, 0xe0, 0x00, 0x00 } },
    { 0xff9a, 0, { 0x80, 0x80, 0x80, 0x80, 0xa0, 0xc0, 0x00, 0x00 } },
    { 0xff9b, 0, { 0x00, 0xe0, 0xa0, 0xa0, 0xa0, 0xe0, 0x00, 0x00 } },
    { 0xff9c, 0, { 0xe0, 0xa0, 0x20, 0x20, 0x40, 0x80, 0x00, 0x00 } },
    { 0xff9d, 0, { 0xc0, 0x00, 0x00, 0x20, 0x20, 0xc0, 0x00, 0x00 } },
    { 0xff9e, 0, { 0xa0, 0x00, 0x00, 0x00, 0x00, 0x00, 0x00, 0x00 } },
    { 0xff9f, 0, { 0x40, 0xa0, 0x40, 0x00, 0x00, 0x00, 0x00, 0x00 } },
    { 0xffe0, 1, { 0x04, 0x3c, 0x4a, 0x48, 0x52, 0x3c, 0x20, 0x00 } },
    { 0xffe1, 1, { 0x18, 0x24, 0x70, 0x20, 0x60, 0x92, 0x6c, 0x00 } },
    { 0xffe2, 1, { 0x00, 0x00, 0x00, 0xfe, 0x02, 0x02, 0x00, 0x00 } },
    { 0xffe3, 1, { 0xfe, 0x00, 0x00, 0x00, 0x00, 0x00, 0x00, 0x00 } },
    { 0xffe4, 1, { 0x10, 0x10, 0x10, 0x00, 0x10, 0x10, 0x10, 0x00 } },
    { 0xffe5, 1, { 0x44, 0x44, 0x28, 0x7c, 0x10, 0x7c, 0x10, 0x00 } },
};

const size_t console_misaki_count = 7076;
